Genre,Reports,Age,Gpa,Year,Count,Gender,Nationality,processed_text,raw_feedback_text,umap_x,umap_y,sem_cluster,sem_confidence,sentiment,sentiment_score,cluster_label,sem_cluster_name
Academic Support and Resources,The limited access to research databases and materials is causing a lot of frustration among students. We need better access to be able to succeed academically.,27,2.18,2,1,M,Egypt,the limited access to research databases and materials is causing a lot of frustration among students we need better access to be able to succeed academically,The limited access to research databases and materials is causing a lot of frustration among students. We need better access to be able to succeed academically.,10.387044,-0.5608798,3,0.98,Positive,0.2732,Cluster 3,🔬 Research & Technology Resources
Academic Support and Resources,I'm having trouble finding the course materials I need for my classes. The library doesn't have them and the bookstore is always sold out.,23,3.11,2,1,F,Egypt,im having trouble finding the course materials i need for my classes the library doesnt have them and the bookstore is always sold out,I'm having trouble finding the course materials I need for my classes. The library doesn't have them and the bookstore is always sold out.,12.832795,0.15564717,9,0.6453,Negative,-0.4019,Cluster 9,🎓 Teaching Quality & Engagement
Academic Support and Resources,It's frustrating to have limited access to research databases and materials when I'm trying to write a paper or do a project. I feel like I'm at a disadvantage compared to students at other schools.,20,3.68,2,1,F,Egypt,its frustrating to have limited access to research databases and materials when im trying to write a paper or do a project i feel like im at a disadvantage compared to students at other schools,It's frustrating to have limited access to research databases and materials when I'm trying to write a paper or do a project. I feel like I'm at a disadvantage compared to students at other schools.,10.319304,-0.62765664,3,0.98,Negative,-0.6249,Cluster 3,🔬 Research & Technology Resources
Academic Support and Resources,I'm really struggling in one of my classes but I can't get an appointment with my academic advisor for weeks. It's making me feel like no one cares about my success.,20,1.3,2,1,F,Egypt,im really struggling in one of my classes but i cant get an appointment with my academic advisor for weeks its making me feel like no one cares about my success,I'm really struggling in one of my classes but I can't get an appointment with my academic advisor for weeks. It's making me feel like no one cares about my success.,12.214421,-5.2778473,-1,0.0438,Positive,0.3035,Unclassified Feedback,🌀 Unclassified Institutional Feedback
Academic Support and Resources, I am really struggling with understanding the instructions for this assignment. They are not clear and I don't know what is expected of me.,26,2.5,2,1,F,Egypt, i am really struggling with understanding the instructions for this assignment they are not clear and i dont know what is expected of me, I am really struggling with understanding the instructions for this assignment. They are not clear and I don't know what is expected of me.,12.73945,-1.0284246,9,0.98,Negative,-0.6459,Cluster 9,🎓 Teaching Quality & Engagement
Academic Support and Resources, The grading system in this course is unfair and inconsistent. It seems like the professor is picking favorites and not giving everyone a fair shot.,22,2.79,2,1,F,Egypt, the grading system in this course is unfair and inconsistent it seems like the professor is picking favorites and not giving everyone a fair shot, The grading system in this course is unfair and inconsistent. It seems like the professor is picking favorites and not giving everyone a fair shot.,12.438285,-1.0991881,9,0.98,Positive,0.3536,Cluster 9,🎓 Teaching Quality & Engagement
Academic Support and Resources, I wish my professor would give us more feedback on our assignments. I don't know what I'm doing wrong and I can't improve without constructive criticism.,24,3.5,2,1,F,Egypt, i wish my professor would give us more feedback on our assignments i dont know what im doing wrong and i cant improve without constructive criticism, I wish my professor would give us more feedback on our assignments. I don't know what I'm doing wrong and I can't improve without constructive criticism.,12.384305,-1.0270721,9,0.98,Negative,-0.1027,Cluster 9,🎓 Teaching Quality & Engagement
Academic Support and Resources, The quality of teaching in this course is very poor. The professor doesn't seem to care about the material or the students and it shows in the lectures.,20,1.11,2,1,M,Egypt, the quality of teaching in this course is very poor the professor doesnt seem to care about the material or the students and it shows in the lectures, The quality of teaching in this course is very poor. The professor doesn't seem to care about the material or the students and it shows in the lectures.,12.454013,-1.0779848,9,0.98,Negative,-0.7202,Cluster 9,🎓 Teaching Quality & Engagement
Academic Support and Resources, The course fees and textbook costs are way too high. I can barely afford to pay for everything and it's causing me a lot of stress.,24,3.26,2,1,F,Egypt, the course fees and textbook costs are way too high i can barely afford to pay for everything and its causing me a lot of stress, The course fees and textbook costs are way too high. I can barely afford to pay for everything and it's causing me a lot of stress.,7.8870096,7.361971,4,0.6398,Negative,-0.4472,Cluster 4,💰 Financial Aid & Administration
Academic Support and Resources,I am very concerned about academic dishonesty and plagiarism in this course. The professor doesn't seem to take it seriously and it's making me question the integrity of the entire class.,25,0.86,2,1,F,Egypt,i am very concerned about academic dishonesty and plagiarism in this course the professor doesnt seem to take it seriously and its making me question the integrity of the entire class,I am very concerned about academic dishonesty and plagiarism in this course. The professor doesn't seem to take it seriously and it's making me question the integrity of the entire class.,12.43614,-1.13797,9,0.98,Positive,0.2263,Cluster 9,🎓 Teaching Quality & Engagement
Academic Support and Resources,There have been several honor code violations in this course and it's really disappointing. I thought this was a place of higher learning and respect for academic integrity.,16,3.3,2,1,F,Egypt,there have been several honor code violations in this course and its really disappointing i thought this was a place of higher learning and respect for academic integrity,There have been several honor code violations in this course and it's really disappointing. I thought this was a place of higher learning and respect for academic integrity.,12.364432,-0.9013902,9,0.98,Positive,0.2516,Cluster 9,🎓 Teaching Quality & Engagement
Academic Support and Resources,The grading rubric for this course is confusing and doesn't make sense. I don't understand how my grade is being calculated and it's causing me a lot of anxiety.,26,3.34,2,1,F,Egypt,the grading rubric for this course is confusing and doesnt make sense i dont understand how my grade is being calculated and its causing me a lot of anxiety,The grading rubric for this course is confusing and doesn't make sense. I don't understand how my grade is being calculated and it's causing me a lot of anxiety.,12.4416275,-0.98636526,9,0.98,Negative,-0.3818,Cluster 9,🎓 Teaching Quality & Engagement
Academic Support and Resources,I feel like my professor doesn't care about my success in this course. They don't give us enough support or resources to do well.,21,1.0,2,1,M,Egypt,i feel like my professor doesnt care about my success in this course they dont give us enough support or resources to do well,I feel like my professor doesn't care about my success in this course. They don't give us enough support or resources to do well.,12.414896,-1.034256,9,0.98,Positive,0.8112,Cluster 9,🎓 Teaching Quality & Engagement
Academic Support and Resources, The textbooks for this course are outdated and don't provide enough information. I feel like I'm not getting the education I paid for.,27,3.15,2,1,F,Egypt, the textbooks for this course are outdated and dont provide enough information i feel like im not getting the education i paid for, The textbooks for this course are outdated and don't provide enough information. I feel like I'm not getting the education I paid for.,12.675646,-1.0362679,9,0.98,Positive,0.3612,Cluster 9,🎓 Teaching Quality & Engagement
Academic Support and Resources, I am really frustrated with the lack of transparency in this course. The professor doesn't communicate with us clearly and it's causing a lot of confusion.,19,2.17,2,1,M,Egypt, i am really frustrated with the lack of transparency in this course the professor doesnt communicate with us clearly and its causing a lot of confusion, I am really frustrated with the lack of transparency in this course. The professor doesn't communicate with us clearly and it's causing a lot of confusion.,12.392118,-1.1528664,9,0.98,Negative,-0.6697,Cluster 9,🎓 Teaching Quality & Engagement
Academic Support and Resources, The teaching assistants for this course are not helpful at all. They don't know the material and can't answer any of my questions.,22,1.08,2,1,M,Egypt, the teaching assistants for this course are not helpful at all they dont know the material and cant answer any of my questions, The teaching assistants for this course are not helpful at all. They don't know the material and can't answer any of my questions.,12.78998,-0.84058154,9,0.98,Negative,-0.3252,Cluster 9,🎓 Teaching Quality & Engagement
Academic Support and Resources, The grading scale for this course is too harsh. It's almost impossible to get an A and it's discouraging me from trying my best.,18,3.55,2,1,M,Egypt, the grading scale for this course is too harsh its almost impossible to get an a and its discouraging me from trying my best, The grading scale for this course is too harsh. It's almost impossible to get an A and it's discouraging me from trying my best.,12.458473,-0.98942065,9,0.98,Negative,-0.1531,Cluster 9,🎓 Teaching Quality & Engagement
Academic Support and Resources, I am disappointed with the quality of education I am receiving in this course. I expected more from a university.,24,0.37,2,1,M,Egypt, i am disappointed with the quality of education i am receiving in this course i expected more from a university, I am disappointed with the quality of education I am receiving in this course. I expected more from a university.,12.372613,-0.77792114,9,0.98,Negative,-0.4767,Cluster 9,🎓 Teaching Quality & Engagement
Academic Support and Resources, The professor for this course is disorganized and doesn't seem to have a plan. I am not learning anything and it's frustrating.,16,3.97,2,1,M,Egypt, the professor for this course is disorganized and doesnt seem to have a plan i am not learning anything and its frustrating, The professor for this course is disorganized and doesn't seem to have a plan. I am not learning anything and it's frustrating.,12.563768,-1.0337301,9,0.98,Negative,-0.6249,Cluster 9,🎓 Teaching Quality & Engagement
Academic Support and Resources, The cost of attending this university is outrageous. I don't know how I'm going to afford it.,20,3.37,2,1,F,Egypt, the cost of attending this university is outrageous i dont know how im going to afford it, The cost of attending this university is outrageous. I don't know how I'm going to afford it.,7.4333205,7.238699,4,0.9162,Negative,-0.4588,Cluster 4,💰 Financial Aid & Administration
Academic Support and Resources, The textbook for this course is not helpful at all. It's poorly written and doesn't explain anything clearly.,25,1.15,2,1,M,Egypt, the textbook for this course is not helpful at all its poorly written and doesnt explain anything clearly, The textbook for this course is not helpful at all. It's poorly written and doesn't explain anything clearly.,12.728275,-1.107725,9,0.98,Negative,-0.5559,Cluster 9,🎓 Teaching Quality & Engagement
Academic Support and Resources, I am very concerned about the lack of diversity in this course. We are not getting a well-rounded education.,19,2.09,2,1,F,Egypt, i am very concerned about the lack of diversity in this course we are not getting a wellrounded education, I am very concerned about the lack of diversity in this course. We are not getting a well-rounded education.,9.997952,11.951363,5,0.98,Negative,-0.3182,Cluster 5,🌍 Diversity & Inclusion Support
Academic Support and Resources, The professor for this course is biased and it's affecting my grade. They seem to have favorites and it's not fair.,18,1.73,2,1,F,Egypt, the professor for this course is biased and its affecting my grade they seem to have favorites and its not fair, The professor for this course is biased and it's affecting my grade. They seem to have favorites and it's not fair.,12.399514,-1.1399654,9,0.98,Negative,-0.0675,Cluster 9,🎓 Teaching Quality & Engagement
Academic Support and Resources, The workload for this course is overwhelming. I don't have enough time to complete everything and it's affecting my other classes.,27,0.81,2,1,F,Egypt, the workload for this course is overwhelming i dont have enough time to complete everything and its affecting my other classes, The workload for this course is overwhelming. I don't have enough time to complete everything and it's affecting my other classes.,13.812724,5.633397,2,0.98,Neutral,0.0,Cluster 2,📚 Academic Support & Wellbeing
Academic Support and Resources, I wish there were more opportunities for extra credit in this course. It would help my grade and encourage me to learn more.,26,2.68,2,1,F,Egypt, i wish there were more opportunities for extra credit in this course it would help my grade and encourage me to learn more, I wish there were more opportunities for extra credit in this course. It would help my grade and encourage me to learn more.,8.465326,2.095247,9,0.3207,Positive,0.9216,Cluster 9,🎓 Teaching Quality & Engagement
Academic Support and Resources, The professor for this course is not approachable. I am scared to ask them for help and it's hindering my success.,27,3.12,2,1,F,Egypt, the professor for this course is not approachable i am scared to ask them for help and its hindering my success, The professor for this course is not approachable. I am scared to ask them for help and it's hindering my success.,12.4291525,-1.0810411,9,0.98,Positive,0.5423,Cluster 9,🎓 Teaching Quality & Engagement
Academic Support and Resources, The course fees are too high for what we're getting. We're not getting our money's worth.,21,1.55,2,1,M,Egypt, the course fees are too high for what were getting were not getting our moneys worth, The course fees are too high for what we're getting. We're not getting our money's worth.,7.7670155,7.354974,4,0.6948,Positive,0.2263,Cluster 4,💰 Financial Aid & Administration
Academic Support and Resources, The grading system for this course is too subjective. It's hard to know what the professor wants and it's affecting my grade.,25,3.12,2,1,M,Egypt, the grading system for this course is too subjective its hard to know what the professor wants and its affecting my grade, The grading system for this course is too subjective. It's hard to know what the professor wants and it's affecting my grade.,12.384764,-1.0342749,9,0.98,Negative,-0.1027,Cluster 9,🎓 Teaching Quality & Engagement
Academic Support and Resources, The professor for this course is disinterested and it shows in their lectures. I am not learning anything and it's frustrating.,18,3.14,2,1,F,Egypt, the professor for this course is disinterested and it shows in their lectures i am not learning anything and its frustrating, The professor for this course is disinterested and it shows in their lectures. I am not learning anything and it's frustrating.,12.44811,-1.0970093,9,0.98,Negative,-0.4404,Cluster 9,🎓 Teaching Quality & Engagement
Academic Support and Resources, The textbook for this course is full of errors and mistakes. It's hard to learn from something that's not accurate.,19,1.7,2,1,F,Egypt, the textbook for this course is full of errors and mistakes its hard to learn from something thats not accurate, The textbook for this course is full of errors and mistakes. It's hard to learn from something that's not accurate.,12.679427,-1.0713428,9,0.98,Negative,-0.6486,Cluster 9,🎓 Teaching Quality & Engagement
Academic Support and Resources, I am concerned about the lack of academic rigor in this course. We,16,1.68,2,1,F,Egypt, i am concerned about the lack of academic rigor in this course we, I am concerned about the lack of academic rigor in this course. We,12.422591,-0.8071832,9,0.98,Negative,-0.3182,Cluster 9,🎓 Teaching Quality & Engagement
Academic Support and Resources,Limited access to technology and software is hindering my ability to do my coursework. I can't afford to buy expensive programs on my own.,24,1.77,2,1,F,Egypt,limited access to technology and software is hindering my ability to do my coursework i cant afford to buy expensive programs on my own,Limited access to technology and software is hindering my ability to do my coursework. I can't afford to buy expensive programs on my own.,14.369536,1.0819198,10,0.335,Positive,0.1027,Cluster 10,💻 Online Learning & Platform Issues
Academic Support and Resources,I'm trying to graduate early but there are only a few courses available that I need to take. It's frustrating that my options are so limited.,24,3.74,2,1,M,Egypt,im trying to graduate early but there are only a few courses available that i need to take its frustrating that my options are so limited,I'm trying to graduate early but there are only a few courses available that I need to take. It's frustrating that my options are so limited.,7.9920573,2.343399,9,0.303,Negative,-0.7956,Cluster 9,🎓 Teaching Quality & Engagement
Academic Support and Resources,The online system for accessing course materials is always down or glitchy. It's hard to get work done when I can't even access my assignments.,16,2.18,2,1,M,Egypt,the online system for accessing course materials is always down or glitchy its hard to get work done when i cant even access my assignments,The online system for accessing course materials is always down or glitchy. It's hard to get work done when I can't even access my assignments.,12.8296995,0.80776006,10,0.4141,Negative,-0.1027,Cluster 10,💻 Online Learning & Platform Issues
Academic Support and Resources,I wish there were more opportunities to access research databases and materials outside of the library. It would be nice to have more options and flexibility.,24,1.74,2,1,M,Egypt,i wish there were more opportunities to access research databases and materials outside of the library it would be nice to have more options and flexibility,I wish there were more opportunities to access research databases and materials outside of the library. It would be nice to have more options and flexibility.,10.280485,-0.44939876,3,0.98,Positive,0.8766,Cluster 3,🔬 Research & Technology Resources
Academic Support and Resources,It's really difficult to find the course materials I need for my classes because they're spread out across so many different resources. I wish there was a more streamlined system.,18,0.55,2,1,F,Egypt,its really difficult to find the course materials i need for my classes because theyre spread out across so many different resources i wish there was a more streamlined system,It's really difficult to find the course materials I need for my classes because they're spread out across so many different resources. I wish there was a more streamlined system.,12.933896,0.12612347,9,0.6453,Neutral,-0.024,Cluster 9,🎓 Teaching Quality & Engagement
Academic Support and Resources,The lack of available courses is making it hard for me to fulfill all of my degree requirements. I'm worried I won't be able to graduate on time.,22,1.76,2,1,M,Egypt,the lack of available courses is making it hard for me to fulfill all of my degree requirements im worried i wont be able to graduate on time,The lack of available courses is making it hard for me to fulfill all of my degree requirements. I'm worried I won't be able to graduate on time.,8.040581,2.39714,9,0.3036,Negative,-0.25,Cluster 9,🎓 Teaching Quality & Engagement
Academic Support and Resources,"I'm having trouble with a particular software program for one of my classes, but there's no one available to help me troubleshoot. It's frustrating to feel like I'm on my own.",21,1.4,2,1,M,Egypt,im having trouble with a particular software program for one of my classes but theres no one available to help me troubleshoot its frustrating to feel like im on my own,"I'm having trouble with a particular software program for one of my classes, but there's no one available to help me troubleshoot. It's frustrating to feel like I'm on my own.",14.317251,1.0636578,10,0.3353,Positive,0.128,Cluster 10,💻 Online Learning & Platform Issues
Academic Support and Resources,Limited access to research databases and materials is especially frustrating when I'm trying to write a thesis or do original research. It feels like I'm hitting a wall.,24,1.69,2,1,M,Egypt,limited access to research databases and materials is especially frustrating when im trying to write a thesis or do original research it feels like im hitting a wall,Limited access to research databases and materials is especially frustrating when I'm trying to write a thesis or do original research. It feels like I'm hitting a wall.,10.316739,-0.5731746,3,0.98,Negative,-0.0754,Cluster 3,🔬 Research & Technology Resources
Academic Support and Resources,I'm an international student and I'm having trouble accessing some of the online resources because of regional restrictions. It's frustrating to feel like I'm missing out because of where I'm from.,26,2.27,2,1,M,Egypt,im an international student and im having trouble accessing some of the online resources because of regional restrictions its frustrating to feel like im missing out because of where im from,I'm an international student and I'm having trouble accessing some of the online resources because of regional restrictions. It's frustrating to feel like I'm missing out because of where I'm from.,10.94583,11.878061,5,0.98,Negative,-0.6486,Cluster 5,🌍 Diversity & Inclusion Support
Academic Support and Resources,I'm a transfer student and I feel like I'm at a disadvantage because I don't have access to all of the same resources and databases as students who started at this university.,22,3.78,2,1,F,Egypt,im a transfer student and i feel like im at a disadvantage because i dont have access to all of the same resources and databases as students who started at this university,I'm a transfer student and I feel like I'm at a disadvantage because I don't have access to all of the same resources and databases as students who started at this university.,10.345327,-0.12623613,3,0.98,Negative,-0.0772,Cluster 3,🔬 Research & Technology Resources
Academic Support and Resources,I'm a student with a disability and I'm having trouble accessing the technology and software I need to do my coursework. It's frustrating to feel like my needs aren't being accommodated.,26,3.06,2,1,M,Egypt,im a student with a disability and im having trouble accessing the technology and software i need to do my coursework its frustrating to feel like my needs arent being accommodated,I'm a student with a disability and I'm having trouble accessing the technology and software I need to do my coursework. It's frustrating to feel like my needs aren't being accommodated.,14.197091,0.959186,10,0.3321,Negative,-0.4767,Cluster 10,💻 Online Learning & Platform Issues
Academic Support and Resources,It's frustrating to have limited access to academic advisors because they're the ones who can help me plan my degree and make sure I'm on track to graduate.,16,3.53,2,1,F,Egypt,its frustrating to have limited access to academic advisors because theyre the ones who can help me plan my degree and make sure im on track to graduate,It's frustrating to have limited access to academic advisors because they're the ones who can help me plan my degree and make sure I'm on track to graduate.,12.282201,-5.3207173,-1,0.044,Positive,0.0516,Unclassified Feedback,🌀 Unclassified Institutional Feedback
Academic Support and Resources,I wish there were more options for accessing course materials online so that I don't have to physically go to the library or bookstore every time I need something.,17,2.85,2,1,M,Egypt,i wish there were more options for accessing course materials online so that i dont have to physically go to the library or bookstore every time i need something,I wish there were more options for accessing course materials online so that I don't have to physically go to the library or bookstore every time I need something.,12.841744,0.3532244,9,0.6453,Positive,0.4019,Cluster 9,🎓 Teaching Quality & Engagement
Academic Support and Resources,It's hard to do group projects when we have limited access to technology and software. It puts us at a disadvantage compared to other groups.,27,1.16,2,1,F,Egypt,its hard to do group projects when we have limited access to technology and software it puts us at a disadvantage compared to other groups,It's hard to do group projects when we have limited access to technology and software. It puts us at a disadvantage compared to other groups.,14.217758,1.3429422,10,0.3364,Negative,-0.6249,Cluster 10,💻 Online Learning & Platform Issues
Academic Support and Resources,I'm having trouble accessing research databases and materials because the library hours are limited and they're often closed when I have time to study.,17,1.91,2,1,M,Egypt,im having trouble accessing research databases and materials because the library hours are limited and theyre often closed when i have time to study,I'm having trouble accessing research databases and materials because the library hours are limited and they're often closed when I have time to study.,10.427391,-0.66400653,3,0.98,Negative,-0.5574,Cluster 3,🔬 Research & Technology Resources
Academic Support and Resources,Limited access to research databases and materials makes it hard to stay up-to-date with the latest developments in my field of study. It feels like I'm falling behind.,16,1.08,2,1,M,Egypt,limited access to research databases and materials makes it hard to stay uptodate with the latest developments in my field of study it feels like im falling behind,Limited access to research databases and materials makes it hard to stay up-to-date with the latest developments in my field of study. It feels like I'm falling behind.,10.288535,-0.5021338,3,0.98,Negative,-0.1027,Cluster 3,🔬 Research & Technology Resources
Academic Support and Resources,Limited access to technology and software is making it hard to keep up with the pace of coursework. It feels like I'm constantly playing catch-up.,26,2.6,2,1,M,Egypt,limited access to technology and software is making it hard to keep up with the pace of coursework it feels like im constantly playing catchup,Limited access to technology and software is making it hard to keep up with the pace of coursework. It feels like I'm constantly playing catch-up.,14.327796,1.0697538,10,0.3351,Positive,0.25,Cluster 10,💻 Online Learning & Platform Issues
Academic Support and Resources,The lack of available courses is making it hard to take electives that interest me. I feel like my academic options are too limited.,18,3.75,2,1,F,Egypt,the lack of available courses is making it hard to take electives that interest me i feel like my academic options are too limited,The lack of available courses is making it hard to take electives that interest me. I feel like my academic options are too limited.,7.980607,2.3379242,9,0.3041,Positive,0.2263,Cluster 9,🎓 Teaching Quality & Engagement
Academic Support and Resources,Limited access to academic advisors is making me feel like I'm on my own when it comes to making important academic decisions.,18,2.18,2,1,M,Egypt,limited access to academic advisors is making me feel like im on my own when it comes to making important academic decisions,Limited access to academic advisors is making me feel like I'm on my own when it comes to making important academic decisions.,12.228452,-5.245929,-1,0.0438,Positive,0.34,Unclassified Feedback,🌀 Unclassified Institutional Feedback
Academic Support and Resources,It's frustrating that we have such limited access to academic advisors. It makes it difficult to plan our academic careers and get the guidance we need.,21,0.29,2,1,M,Egypt,its frustrating that we have such limited access to academic advisors it makes it difficult to plan our academic careers and get the guidance we need,It's frustrating that we have such limited access to academic advisors. It makes it difficult to plan our academic careers and get the guidance we need.,12.2709055,-5.3052263,-1,0.0439,Negative,-0.743,Unclassified Feedback,🌀 Unclassified Institutional Feedback
Academic Support and Resources,I'm really struggling with finding and accessing course materials. It's making it hard to keep up with the coursework.,26,0.95,2,1,F,Egypt,im really struggling with finding and accessing course materials its making it hard to keep up with the coursework,I'm really struggling with finding and accessing course materials. It's making it hard to keep up with the coursework.,12.879802,-0.036280487,9,0.6453,Negative,-0.5413,Cluster 9,🎓 Teaching Quality & Engagement
Academic Support and Resources,I wish there was more course availability. It's frustrating to have limited options for classes and not be able to take what we need.,27,0.93,2,1,F,Egypt,i wish there was more course availability its frustrating to have limited options for classes and not be able to take what we need,I wish there was more course availability. It's frustrating to have limited options for classes and not be able to take what we need.,8.168938,2.1856816,9,0.3116,Negative,-0.2732,Cluster 9,🎓 Teaching Quality & Engagement
Academic Support and Resources,Limited access to technology and software is a major issue. It's hindering our ability to complete assignments and keep up with the demands of our courses.,27,0.52,2,1,M,Egypt,limited access to technology and software is a major issue its hindering our ability to complete assignments and keep up with the demands of our courses,Limited access to technology and software is a major issue. It's hindering our ability to complete assignments and keep up with the demands of our courses.,14.402072,1.1558164,10,0.3335,Positive,0.1027,Cluster 10,💻 Online Learning & Platform Issues
Academic Support and Resources,The limited access to research databases and materials is a huge problem. It makes it difficult to complete research assignments and write papers.,17,3.27,2,1,F,Egypt,the limited access to research databases and materials is a huge problem it makes it difficult to complete research assignments and write papers,The limited access to research databases and materials is a huge problem. It makes it difficult to complete research assignments and write papers.,10.332971,-0.65130705,3,0.98,Negative,-0.5859,Cluster 3,🔬 Research & Technology Resources
Academic Support and Resources,It's really frustrating that we don't have better access to academic advisors. It's causing a lot of stress and anxiety.,26,3.2,2,1,F,Egypt,its really frustrating that we dont have better access to academic advisors its causing a lot of stress and anxiety,It's really frustrating that we don't have better access to academic advisors. It's causing a lot of stress and anxiety.,12.298034,-5.34625,-1,0.0435,Negative,-0.8442,Unclassified Feedback,🌀 Unclassified Institutional Feedback
Academic Support and Resources,The difficulty in finding and accessing course materials is making it hard to succeed in our classes.,25,1.38,2,1,F,Egypt,the difficulty in finding and accessing course materials is making it hard to succeed in our classes,The difficulty in finding and accessing course materials is making it hard to succeed in our classes.,12.795451,0.038815398,9,0.6453,Positive,0.1027,Cluster 9,🎓 Teaching Quality & Engagement
Academic Support and Resources,Limited course availability is a huge problem for students. We need more options for classes to be able to meet our academic goals.,25,2.27,2,1,F,Egypt,limited course availability is a huge problem for students we need more options for classes to be able to meet our academic goals,Limited course availability is a huge problem for students. We need more options for classes to be able to meet our academic goals.,8.132714,2.205941,9,0.31,Negative,-0.3182,Cluster 9,🎓 Teaching Quality & Engagement
Academic Support and Resources,Limited access to technology and software is preventing us from being able to complete assignments on time and to the best of our ability.,27,0.57,2,1,F,Egypt,limited access to technology and software is preventing us from being able to complete assignments on time and to the best of our ability,Limited access to technology and software is preventing us from being able to complete assignments on time and to the best of our ability.,14.358812,1.0925493,10,0.3323,Positive,0.6705,Cluster 10,💻 Online Learning & Platform Issues
Academic Support and Resources,It's really frustrating to have limited access to research databases and materials. It's making it hard to complete research assignments and write papers.,16,1.12,2,1,F,Egypt,its really frustrating to have limited access to research databases and materials its making it hard to complete research assignments and write papers,It's really frustrating to have limited access to research databases and materials. It's making it hard to complete research assignments and write papers.,10.37142,-0.658472,3,0.98,Negative,-0.6697,Cluster 3,🔬 Research & Technology Resources
Academic Support and Resources,I feel like I'm not getting the support I need from academic advisors. Limited access to them is making it difficult to plan my academic career.,17,1.67,2,1,M,Egypt,i feel like im not getting the support i need from academic advisors limited access to them is making it difficult to plan my academic career,I feel like I'm not getting the support I need from academic advisors. Limited access to them is making it difficult to plan my academic career.,12.192586,-5.2552395,-1,0.0435,Negative,-0.4867,Unclassified Feedback,🌀 Unclassified Institutional Feedback
Academic Support and Resources,The difficulty in finding and accessing course materials is a major source of stress for students. It's important that we have access to what we need to succeed.,18,1.35,2,1,M,Egypt,the difficulty in finding and accessing course materials is a major source of stress for students its important that we have access to what we need to succeed,The difficulty in finding and accessing course materials is a major source of stress for students. It's important that we have access to what we need to succeed.,12.760749,0.16541144,9,0.6453,Negative,-0.1189,Cluster 9,🎓 Teaching Quality & Engagement
Academic Support and Resources,Limited course availability is a major issue for students. We need more options to be able to take the classes we need.,21,0.36,2,1,M,Egypt,limited course availability is a major issue for students we need more options to be able to take the classes we need,Limited course availability is a major issue for students. We need more options to be able to take the classes we need.,8.096566,2.2295585,9,0.31,Negative,-0.2263,Cluster 9,🎓 Teaching Quality & Engagement
Academic Support and Resources,Limited access to technology and software is a major problem. It's impacting our ability to succeed in our courses and prepare for the workforce.,16,3.49,2,1,F,Egypt,limited access to technology and software is a major problem its impacting our ability to succeed in our courses and prepare for the workforce,Limited access to technology and software is a major problem. It's impacting our ability to succeed in our courses and prepare for the workforce.,14.382653,1.1837697,10,0.3353,Positive,0.1548,Cluster 10,💻 Online Learning & Platform Issues
Academic Support and Resources,The limited access to research databases and materials is causing a lot of frustration among students. We need better access to be able to succeed academically.,19,0.3,2,1,M,Egypt,the limited access to research databases and materials is causing a lot of frustration among students we need better access to be able to succeed academically,The limited access to research databases and materials is causing a lot of frustration among students. We need better access to be able to succeed academically.,10.323148,-0.530975,3,0.98,Positive,0.2732,Cluster 3,🔬 Research & Technology Resources
Academic Support and Resources,It's really hard to succeed academically when we have limited access to academic advisors. We need more support.,17,2.8,2,1,F,Egypt,its really hard to succeed academically when we have limited access to academic advisors we need more support,It's really hard to succeed academically when we have limited access to academic advisors. We need more support.,12.295264,-5.338659,-1,0.0437,Positive,0.5945,Unclassified Feedback,🌀 Unclassified Institutional Feedback
Academic Support and Resources,The difficulty in finding and accessing course materials is a barrier to success for many students. It's important that we have access to what we need to succeed.,18,3.49,2,1,F,Egypt,the difficulty in finding and accessing course materials is a barrier to success for many students its important that we have access to what we need to succeed,The difficulty in finding and accessing course materials is a barrier to success for many students. It's important that we have access to what we need to succeed.,12.765678,0.12936053,9,0.6453,Positive,0.7003,Cluster 9,🎓 Teaching Quality & Engagement
Academic Support and Resources,Limited course availability is causing a lot of stress for students. We need more options to be able to take the classes we need.,16,3.83,2,1,M,Egypt,limited course availability is causing a lot of stress for students we need more options to be able to take the classes we need,Limited course availability is causing a lot of stress for students. We need more options to be able to take the classes we need.,8.061782,2.2663085,9,0.3102,Negative,-0.5719,Cluster 9,🎓 Teaching Quality & Engagement
Academic Support and Resources,Limited access to technology and software is making it difficult to complete assignments and prepare for the workforce. It's a major issue for students.,24,1.94,2,1,M,Egypt,limited access to technology and software is making it difficult to complete assignments and prepare for the workforce its a major issue for students,Limited access to technology and software is making it difficult to complete assignments and prepare for the workforce. It's a major issue for students.,14.353858,1.0945652,10,0.3366,Negative,-0.5267,Cluster 10,💻 Online Learning & Platform Issues
Academic Support and Resources,The limited access to research databases and materials is making it hard to complete assignments and write papers. We need better access.,23,2.28,2,1,F,Egypt,the limited access to research databases and materials is making it hard to complete assignments and write papers we need better access,The limited access to research databases and materials is making it hard to complete assignments and write papers. We need better access.,10.337889,-0.6244683,3,0.98,Positive,0.1531,Cluster 3,🔬 Research & Technology Resources
Academic Support and Resources,It's really frustrating to not have more access to academic advisors. It's important that we have support to be able to plan our academic careers.,26,0.09,2,1,F,Egypt,its really frustrating to not have more access to academic advisors its important that we have support to be able to plan our academic careers,It's really frustrating to not have more access to academic advisors. It's important that we have support to be able to plan our academic careers.,12.255008,-5.2964196,-1,0.0438,Positive,0.079,Unclassified Feedback,🌀 Unclassified Institutional Feedback
Academic Support and Resources,The difficulty in finding and accessing course materials is a major issue. It's important that we have access to what we need to succeed academically.,21,2.48,1,1,F,Egypt,the difficulty in finding and accessing course materials is a major issue its important that we have access to what we need to succeed academically,The difficulty in finding and accessing course materials is a major issue. It's important that we have access to what we need to succeed academically.,12.772106,0.09782908,9,0.6453,Positive,0.4336,Cluster 9,🎓 Teaching Quality & Engagement
Academic Support and Resources,Limited course availability is impacting our ability to graduate on time and meet our academic goals. We need more options.,16,1.19,1,1,M,Egypt,limited course availability is impacting our ability to graduate on time and meet our academic goals we need more options,Limited course availability is impacting our ability to graduate on time and meet our academic goals. We need more options.,8.076239,2.2416852,9,0.3086,Positive,0.1027,Cluster 9,🎓 Teaching Quality & Engagement
Academic Support and Resources,Limited access to technology and software is a major issue for students. It's important that we have access to the tools we need to succeed academically and in the workforce.,21,1.15,1,1,M,Egypt,limited access to technology and software is a major issue for students its important that we have access to the tools we need to succeed academically and in the workforce,Limited access to technology and software is a major issue for students. It's important that we have access to the tools we need to succeed academically and in the workforce.,14.328778,1.0517634,10,0.3297,Positive,0.4767,Cluster 10,💻 Online Learning & Platform Issues
Academic Support and Resources,The limited access to research databases and materials is causing a lot of frustration for students. It's important that we have better access to complete our coursework.,24,2.98,1,1,F,Egypt,the limited access to research databases and materials is causing a lot of frustration for students its important that we have better access to complete our coursework,The limited access to research databases and materials is causing a lot of frustration for students. It's important that we have better access to complete our coursework.,10.40465,-0.58153206,3,0.98,Negative,-0.0772,Cluster 3,🔬 Research & Technology Resources
Academic Support and Resources,"Academic advisors are so important, but the limited access to them is making it difficult to plan our academic careers and succeed.",24,2.66,1,1,F,Egypt,academic advisors are so important but the limited access to them is making it difficult to plan our academic careers and succeed,"Academic advisors are so important, but the limited access to them is making it difficult to plan our academic careers and succeed.",12.309066,-5.348085,-1,0.0431,Positive,0.0984,Unclassified Feedback,🌀 Unclassified Institutional Feedback
Academic Support and Resources,The difficulty in finding and accessing course materials is causing a lot of stress for students.,18,3.03,1,1,F,Egypt,the difficulty in finding and accessing course materials is causing a lot of stress for students,The difficulty in finding and accessing course materials is causing a lot of stress for students.,12.731527,0.1404193,9,0.6453,Negative,-0.6369,Cluster 9,🎓 Teaching Quality & Engagement
Academic Support and Resources,It's frustrating not being able to find the resources I need for my research projects due to the limited access to research databases and materials.,23,1.17,1,1,M,Egypt,its frustrating not being able to find the resources i need for my research projects due to the limited access to research databases and materials,It's frustrating not being able to find the resources I need for my research projects due to the limited access to research databases and materials.,10.356831,-0.7092636,3,0.98,Negative,-0.5859,Cluster 3,🔬 Research & Technology Resources
Academic Support and Resources,Limited course availability is making it difficult to schedule my classes for next semester.,19,1.09,1,1,M,Egypt,limited course availability is making it difficult to schedule my classes for next semester,Limited course availability is making it difficult to schedule my classes for next semester.,7.992997,2.3162346,9,0.3055,Negative,-0.5267,Cluster 9,🎓 Teaching Quality & Engagement
Academic Support and Resources,The difficulty in finding and accessing course materials is really hindering my ability to study effectively.,17,0.7,1,1,F,Egypt,the difficulty in finding and accessing course materials is really hindering my ability to study effectively,The difficulty in finding and accessing course materials is really hindering my ability to study effectively.,12.815792,0.08277839,9,0.6453,Positive,0.4703,Cluster 9,🎓 Teaching Quality & Engagement
Academic Support and Resources,"The lack of access to academic advisors is really concerning, especially when I have questions about course selection and career planning.",26,0.44,1,1,F,Egypt,the lack of access to academic advisors is really concerning especially when i have questions about course selection and career planning,"The lack of access to academic advisors is really concerning, especially when I have questions about course selection and career planning.",12.220992,-5.2551737,-1,0.0437,Negative,-0.3182,Unclassified Feedback,🌀 Unclassified Institutional Feedback
Academic Support and Resources,Limited access to technology and software is making it difficult to complete assignments and stay up to date with my coursework.,24,0.69,1,1,M,Egypt,limited access to technology and software is making it difficult to complete assignments and stay up to date with my coursework,Limited access to technology and software is making it difficult to complete assignments and stay up to date with my coursework.,14.304821,1.0390851,10,0.3317,Negative,-0.5267,Cluster 10,💻 Online Learning & Platform Issues
Academic Support and Resources,I'm worried that my research projects won't be up to standard due to the limited access to research databases and materials.,21,1.4,1,1,M,Egypt,im worried that my research projects wont be up to standard due to the limited access to research databases and materials,I'm worried that my research projects won't be up to standard due to the limited access to research databases and materials.,10.347568,-0.73681766,3,0.98,Negative,-0.4767,Cluster 3,🔬 Research & Technology Resources
Academic Support and Resources,Limited course availability is making it impossible to complete my degree requirements on time.,20,1.03,1,1,F,Egypt,limited course availability is making it impossible to complete my degree requirements on time,Limited course availability is making it impossible to complete my degree requirements on time.,8.023125,2.2891026,9,0.3056,Negative,-0.2263,Cluster 9,🎓 Teaching Quality & Engagement
Academic Support and Resources,I feel like I'm falling behind in my courses due to the difficulty in finding and accessing course materials.,16,3.41,1,1,M,Egypt,i feel like im falling behind in my courses due to the difficulty in finding and accessing course materials,I feel like I'm falling behind in my courses due to the difficulty in finding and accessing course materials.,12.792917,-0.0017496457,9,0.6453,Negative,-0.128,Cluster 9,🎓 Teaching Quality & Engagement
Academic Support and Resources,"The lack of access to academic advisors is really frustrating, especially when I need help with scheduling or resolving academic issues.",19,1.5,1,1,F,Egypt,the lack of access to academic advisors is really frustrating especially when i need help with scheduling or resolving academic issues,"The lack of access to academic advisors is really frustrating, especially when I need help with scheduling or resolving academic issues.",12.232351,-5.273869,-1,0.0439,Neutral,-0.0498,Unclassified Feedback,🌀 Unclassified Institutional Feedback
Academic Support and Resources,Limited access to technology and software is impacting my ability to compete with my peers and prepare for my future career.,18,0.03,1,1,F,Egypt,limited access to technology and software is impacting my ability to compete with my peers and prepare for my future career,Limited access to technology and software is impacting my ability to compete with my peers and prepare for my future career.,14.454286,1.1701882,10,0.3315,Positive,0.1027,Cluster 10,💻 Online Learning & Platform Issues
Academic Support and Resources,I'm struggling to find the necessary course materials for my courses due to the limited access available.,18,2.51,1,1,F,Egypt,im struggling to find the necessary course materials for my courses due to the limited access available,I'm struggling to find the necessary course materials for my courses due to the limited access available.,12.885389,0.15329984,9,0.6453,Negative,-0.5719,Cluster 9,🎓 Teaching Quality & Engagement
Academic Support and Resources,The limited access to academic advisors is making it difficult for me to plan my academic career and get the support I need.,20,3.56,1,1,F,Egypt,the limited access to academic advisors is making it difficult for me to plan my academic career and get the support i need,The limited access to academic advisors is making it difficult for me to plan my academic career and get the support I need.,12.245949,-5.2850504,-1,0.0441,Negative,-0.1779,Unclassified Feedback,🌀 Unclassified Institutional Feedback
Academic Support and Resources,Limited course availability is causing me to have to adjust my academic plans and career aspirations.,27,2.23,1,1,F,Egypt,limited course availability is causing me to have to adjust my academic plans and career aspirations,Limited course availability is causing me to have to adjust my academic plans and career aspirations.,8.042931,2.2649388,9,0.3065,Negative,-0.2263,Cluster 9,🎓 Teaching Quality & Engagement
Academic Support and Resources,Limited access to technology and software is causing me to fall behind in my coursework and struggle with assignments.,19,0.93,1,1,M,Egypt,limited access to technology and software is causing me to fall behind in my coursework and struggle with assignments,Limited access to technology and software is causing me to fall behind in my coursework and struggle with assignments.,14.427884,0.99585414,10,0.3342,Negative,-0.4939,Cluster 10,💻 Online Learning & Platform Issues
Academic Support and Resources,I'm worried about the quality of my research projects due to the limited access to research databases and materials.,17,2.33,1,1,M,Egypt,im worried about the quality of my research projects due to the limited access to research databases and materials,I'm worried about the quality of my research projects due to the limited access to research databases and materials.,10.271986,-0.70742846,3,0.98,Negative,-0.4767,Cluster 3,🔬 Research & Technology Resources
Academic Support and Resources,The difficulty in finding and accessing course materials is causing me to spend unnecessary time and resources trying to complete assignments.,16,2.46,1,1,F,Egypt,the difficulty in finding and accessing course materials is causing me to spend unnecessary time and resources trying to complete assignments,The difficulty in finding and accessing course materials is causing me to spend unnecessary time and resources trying to complete assignments.,12.841076,0.167165,9,0.6453,Negative,-0.34,Cluster 9,🎓 Teaching Quality & Engagement
Academic Support and Resources,Limited access to academic advisors is causing me to feel unsupported and disconnected from my academic goals.,17,0.37,1,1,F,Egypt,limited access to academic advisors is causing me to feel unsupported and disconnected from my academic goals,Limited access to academic advisors is causing me to feel unsupported and disconnected from my academic goals.,12.181077,-5.20976,-1,0.0437,Negative,-0.5574,Unclassified Feedback,🌀 Unclassified Institutional Feedback
Academic Support and Resources,Limited course availability is causing me to miss out on valuable academic opportunities and experiences.,27,2.57,1,1,F,Egypt,limited course availability is causing me to miss out on valuable academic opportunities and experiences,Limited course availability is causing me to miss out on valuable academic opportunities and experiences.,8.032646,2.2767525,9,0.3069,Positive,0.4939,Cluster 9,🎓 Teaching Quality & Engagement
Academic Support and Resources,The limited access to technology and software is causing me to have to use outdated tools and resources for my coursework.,18,2.36,1,1,M,Egypt,the limited access to technology and software is causing me to have to use outdated tools and resources for my coursework,The limited access to technology and software is causing me to have to use outdated tools and resources for my coursework.,14.288981,1.0280918,10,0.3342,Negative,-0.2263,Cluster 10,💻 Online Learning & Platform Issues
Academic Support and Resources,I feel like I'm not able to reach my full academic potential due to the limited access to research databases and materials.,21,2.64,1,1,M,Egypt,i feel like im not able to reach my full academic potential due to the limited access to research databases and materials,I feel like I'm not able to reach my full academic potential due to the limited access to research databases and materials.,10.289353,-0.39160466,3,0.98,Positive,0.1346,Cluster 3,🔬 Research & Technology Resources
Academic Support and Resources,The difficulty in finding and accessing course materials is causing me to feel stressed and overwhelmed with my coursework.,26,0.43,1,1,M,Egypt,the difficulty in finding and accessing course materials is causing me to feel stressed and overwhelmed with my coursework,The difficulty in finding and accessing course materials is causing me to feel stressed and overwhelmed with my coursework.,12.822266,0.012988904,9,0.6453,Negative,-0.5574,Cluster 9,🎓 Teaching Quality & Engagement
Academic Support and Resources,Limited access to academic advisors is causing me to feel lost and unsupported in my academic journey.,17,1.6,1,1,M,Egypt,limited access to academic advisors is causing me to feel lost and unsupported in my academic journey,Limited access to academic advisors is causing me to feel lost and unsupported in my academic journey.,12.192778,-5.2227187,-1,0.0439,Negative,-0.7096,Unclassified Feedback,🌀 Unclassified Institutional Feedback
Academic Support and Resources,I'm concerned that my academic achievements and career prospects will be impacted by the limited course availability.,23,2.41,1,1,F,Egypt,im concerned that my academic achievements and career prospects will be impacted by the limited course availability,I'm concerned that my academic achievements and career prospects will be impacted by the limited course availability.,8.040335,2.2640126,9,0.3064,Positive,0.0772,Cluster 9,🎓 Teaching Quality & Engagement
Academic Support and Resources,The limited access to technology and software is causing me to feel unprepared for the demands of the modern workforce.,20,3.87,1,1,F,Egypt,the limited access to technology and software is causing me to feel unprepared for the demands of the modern workforce,The limited access to technology and software is causing me to feel unprepared for the demands of the modern workforce.,14.483982,1.198575,10,0.3341,Negative,-0.2263,Cluster 10,💻 Online Learning & Platform Issues
Academic Support and Resources,The limited access to research databases and materials is making it difficult to produce high-quality research projects and assignments.,24,2.14,1,1,F,Egypt,the limited access to research databases and materials is making it difficult to produce highquality research projects and assignments,The limited access to research databases and materials is making it difficult to produce high-quality research projects and assignments.,10.308263,-0.68072766,3,0.98,Negative,-0.5267,Cluster 3,🔬 Research & Technology Resources
Academic Support and Resources,I'm struggling to keep up with my coursework due to the difficulty in finding and accessing course materials.,27,1.31,1,1,M,Egypt,im struggling to keep up with my coursework due to the difficulty in finding and accessing course materials,I'm struggling to keep up with my coursework due to the difficulty in finding and accessing course materials.,12.8569975,-0.009993967,9,0.6453,Negative,-0.6369,Cluster 9,🎓 Teaching Quality & Engagement
Academic Support and Resources,Limited access to academic advisors is causing me to feel like I'm not receiving the guidance I need to succeed academically.,18,3.07,1,1,F,Egypt,limited access to academic advisors is causing me to feel like im not receiving the guidance i need to succeed academically,Limited access to academic advisors is causing me to feel like I'm not receiving the guidance I need to succeed academically.,12.14265,-5.1756616,-1,0.0438,Positive,0.5859,Unclassified Feedback,🌀 Unclassified Institutional Feedback
Academic Support and Resources,Limited course availability is causing me to have to change my academic plans and goals.,20,2.21,1,1,M,Egypt,limited course availability is causing me to have to change my academic plans and goals,Limited course availability is causing me to have to change my academic plans and goals.,8.07589,2.2315958,9,0.305,Negative,-0.2263,Cluster 9,🎓 Teaching Quality & Engagement
Academic Support and Resources,The limited access to technology and software is causing me to feel like I'm not developing the skills I need to succeed in my future career.,21,1.64,1,1,M,Egypt,the limited access to technology and software is causing me to feel like im not developing the skills i need to succeed in my future career,The limited access to technology and software is causing me to feel like I'm not developing the skills I need to succeed in my future career.,14.468486,1.1721803,10,0.3324,Positive,0.5859,Cluster 10,💻 Online Learning & Platform Issues
Academic Support and Resources,The limited access to research databases and materials is causing me to feel like I'm not able to fully explore my academic interests.,22,1.86,1,1,M,Egypt,the limited access to research databases and materials is causing me to feel like im not able to fully explore my academic interests,The limited access to research databases and materials is causing me to feel like I'm not able to fully explore my academic interests.,10.299778,-0.3564088,3,0.98,Positive,0.3818,Cluster 3,🔬 Research & Technology Resources
Academic Support and Resources,The difficulty in finding and accessing course materials is causing me to waste time and money trying to complete assignments.,17,1.73,1,1,M,Egypt,the difficulty in finding and accessing course materials is causing me to waste time and money trying to complete assignments,The difficulty in finding and accessing course materials is causing me to waste time and money trying to complete assignments.,12.885721,0.026084678,9,0.6453,Negative,-0.6369,Cluster 9,🎓 Teaching Quality & Engagement
Academic Support and Resources,Limited access to academic advisors is causing me to feel like I'm not receiving the academic support I need.,20,3.56,1,1,F,Egypt,limited access to academic advisors is causing me to feel like im not receiving the academic support i need,Limited access to academic advisors is causing me to feel like I'm not receiving the academic support I need.,12.194565,-5.2329516,-1,0.0438,Positive,0.5106,Unclassified Feedback,🌀 Unclassified Institutional Feedback
Academic Support and Resources,Limited course availability is causing me to feel like I'm not able to fully engage with my academic studies.,25,1.31,1,1,M,Egypt,limited course availability is causing me to feel like im not able to fully engage with my academic studies,Limited course availability is causing me to feel like I'm not able to fully engage with my academic studies.,8.0734,2.2389307,9,0.3054,Positive,0.5095,Cluster 9,🎓 Teaching Quality & Engagement
Academic Support and Resources,"As a student in a remote area, I'm struggling to access the required course materials due to limited availability online.",16,3.01,1,1,F,Egypt,as a student in a remote area im struggling to access the required course materials due to limited availability online,"As a student in a remote area, I'm struggling to access the required course materials due to limited availability online.",12.851948,0.3437613,9,0.6453,Negative,-0.5719,Cluster 9,🎓 Teaching Quality & Engagement
Academic Support and Resources,It's frustrating when you can't access research databases and materials you need for your assignments because they're only available in the library and you can't visit it.,16,3.8,1,1,F,Egypt,its frustrating when you cant access research databases and materials you need for your assignments because theyre only available in the library and you cant visit it,It's frustrating when you can't access research databases and materials you need for your assignments because they're only available in the library and you can't visit it.,10.3980255,-0.6809212,3,0.98,Negative,-0.4404,Cluster 3,🔬 Research & Technology Resources
Academic Support and Resources,The limited access to technology and software is hindering my ability to complete my coursework to the best of my ability.,27,0.15,1,1,F,Egypt,the limited access to technology and software is hindering my ability to complete my coursework to the best of my ability,The limited access to technology and software is hindering my ability to complete my coursework to the best of my ability.,14.346838,1.0771432,10,0.336,Positive,0.7845,Cluster 10,💻 Online Learning & Platform Issues
Academic Support and Resources,I am paying a significant amount for tuition and it's disappointing that I can't access all the resources I need for my studies.,16,0.86,1,1,M,Egypt,i am paying a significant amount for tuition and its disappointing that i cant access all the resources i need for my studies,I am paying a significant amount for tuition and it's disappointing that I can't access all the resources I need for my studies.,10.315363,0.118880376,3,0.8728,Negative,-0.34,Cluster 3,🔬 Research & Technology Resources
Academic Support and Resources,The limited course availability makes it difficult for me to plan my academic schedule and complete my degree in a timely manner.,27,2.8,1,1,M,Egypt,the limited course availability makes it difficult for me to plan my academic schedule and complete my degree in a timely manner,The limited course availability makes it difficult for me to plan my academic schedule and complete my degree in a timely manner.,7.9908133,2.321658,9,0.3032,Negative,-0.5267,Cluster 9,🎓 Teaching Quality & Engagement
Academic Support and Resources,I wish there were more academic advisors available to guide me through my degree program and answer my questions.,20,0.99,1,1,F,Egypt,i wish there were more academic advisors available to guide me through my degree program and answer my questions,I wish there were more academic advisors available to guide me through my degree program and answer my questions.,12.359163,-5.4080296,-1,0.0441,Positive,0.4019,Unclassified Feedback,🌀 Unclassified Institutional Feedback
Academic Support and Resources,Limited access to academic resources has made it difficult for me to achieve the grades I am capable of.,17,0.44,1,1,F,Egypt,limited access to academic resources has made it difficult for me to achieve the grades i am capable of,Limited access to academic resources has made it difficult for me to achieve the grades I am capable of.,10.30451,0.022932017,3,0.98,Negative,-0.2023,Cluster 3,🔬 Research & Technology Resources
Academic Support and Resources,I am struggling to find and access course materials needed for my classes due to limited availability in the library and online.,27,3.64,1,1,M,Egypt,i am struggling to find and access course materials needed for my classes due to limited availability in the library and online,I am struggling to find and access course materials needed for my classes due to limited availability in the library and online.,12.9374895,0.30902588,9,0.6453,Negative,-0.5719,Cluster 9,🎓 Teaching Quality & Engagement
Academic Support and Resources,The lack of access to research databases and materials is hindering my ability to conduct thorough research for my papers.,23,3.23,1,1,F,Egypt,the lack of access to research databases and materials is hindering my ability to conduct thorough research for my papers,The lack of access to research databases and materials is hindering my ability to conduct thorough research for my papers.,10.294985,-0.69180137,3,0.98,Neutral,0.0,Cluster 3,🔬 Research & Technology Resources
Academic Support and Resources,"It's frustrating to not have access to the latest technology and software, especially when it's required for certain classes.",20,3.86,1,1,F,Egypt,its frustrating to not have access to the latest technology and software especially when its required for certain classes,"It's frustrating to not have access to the latest technology and software, especially when it's required for certain classes.",14.197629,1.1275268,10,0.3365,Negative,-0.2023,Cluster 10,💻 Online Learning & Platform Issues
Academic Support and Resources,The limited access to academic resources is preventing me from fully engaging in my studies and reaching my full potential.,18,1.45,1,1,F,Egypt,the limited access to academic resources is preventing me from fully engaging in my studies and reaching my full potential,The limited access to academic resources is preventing me from fully engaging in my studies and reaching my full potential.,10.293351,0.033692107,3,0.98,Positive,0.3597,Cluster 3,🔬 Research & Technology Resources
Academic Support and Resources,I am finding it difficult to complete my assignments due to the limited access to technology and software I need.,16,2.45,1,1,F,Egypt,i am finding it difficult to complete my assignments due to the limited access to technology and software i need,I am finding it difficult to complete my assignments due to the limited access to technology and software I need.,14.322526,1.0342805,10,0.3316,Negative,-0.5267,Cluster 10,💻 Online Learning & Platform Issues
Academic Support and Resources,"Limited access to academic resources is causing unnecessary stress and anxiety, which is negatively affecting my academic performance.",19,3.51,1,1,F,Egypt,limited access to academic resources is causing unnecessary stress and anxiety which is negatively affecting my academic performance,"Limited access to academic resources is causing unnecessary stress and anxiety, which is negatively affecting my academic performance.",10.326276,0.07658477,3,0.98,Negative,-0.6597,Cluster 3,🔬 Research & Technology Resources
Academic Support and Resources,"It's frustrating to know that there are research databases and materials that could benefit my studies, but I don't have access to them.",19,0.31,1,1,M,Egypt,its frustrating to know that there are research databases and materials that could benefit my studies but i dont have access to them,"It's frustrating to know that there are research databases and materials that could benefit my studies, but I don't have access to them.",10.376985,-0.681423,3,0.98,Neutral,0.0129,Cluster 3,🔬 Research & Technology Resources
Academic Support and Resources,I wish there were more academic advisors available to guide me through my degree program and help me make the most of my university experience.,25,0.9,1,1,M,Egypt,i wish there were more academic advisors available to guide me through my degree program and help me make the most of my university experience,I wish there were more academic advisors available to guide me through my degree program and help me make the most of my university experience.,12.340297,-5.399594,-1,0.044,Positive,0.6597,Unclassified Feedback,🌀 Unclassified Institutional Feedback
Academic Support and Resources,The limited course availability is causing scheduling conflicts and making it difficult to plan out my academic path.,19,1.99,1,1,F,Egypt,the limited course availability is causing scheduling conflicts and making it difficult to plan out my academic path,The limited course availability is causing scheduling conflicts and making it difficult to plan out my academic path.,8.051232,2.2574952,9,0.3052,Negative,-0.7184,Cluster 9,🎓 Teaching Quality & Engagement
Academic Support and Resources,The limited access to technology and software is preventing me from exploring new fields and expanding my knowledge.,26,1.23,1,1,F,Egypt,the limited access to technology and software is preventing me from exploring new fields and expanding my knowledge,The limited access to technology and software is preventing me from exploring new fields and expanding my knowledge.,14.424763,1.1397759,10,0.3313,Negative,-0.25,Cluster 10,💻 Online Learning & Platform Issues
Academic Support and Resources,I am paying for access to academic resources and it's disappointing that they're not readily available to me.,17,1.74,1,1,M,Egypt,i am paying for access to academic resources and its disappointing that theyre not readily available to me,I am paying for access to academic resources and it's disappointing that they're not readily available to me.,10.401242,-0.09918511,3,0.98,Negative,-0.4939,Cluster 3,🔬 Research & Technology Resources
Academic Support and Resources,The limited access to research databases and materials is making it difficult for me to complete my thesis.,25,1.59,1,1,M,Egypt,the limited access to research databases and materials is making it difficult for me to complete my thesis,The limited access to research databases and materials is making it difficult for me to complete my thesis.,10.297675,-0.58967316,3,0.98,Negative,-0.5267,Cluster 3,🔬 Research & Technology Resources
Academic Support and Resources,"I wish there were more opportunities to access academic resources, such as extended library hours or online resources.",23,0.7,1,1,F,Egypt,i wish there were more opportunities to access academic resources such as extended library hours or online resources,"I wish there were more opportunities to access academic resources, such as extended library hours or online resources.",10.485203,-0.2762148,3,0.98,Positive,0.6801,Cluster 3,🔬 Research & Technology Resources
Academic Support and Resources,The limited access to academic resources is making it difficult to pursue my academic interests and passions.,18,3.08,1,1,F,Egypt,the limited access to academic resources is making it difficult to pursue my academic interests and passions,The limited access to academic resources is making it difficult to pursue my academic interests and passions.,10.2924,0.028025115,3,0.9785,Positive,0.2023,Cluster 3,🔬 Research & Technology Resources
Academic Support and Resources,I am finding it difficult to complete my assignments on time due to the limited access to technology and software.,16,1.28,1,1,M,Egypt,i am finding it difficult to complete my assignments on time due to the limited access to technology and software,I am finding it difficult to complete my assignments on time due to the limited access to technology and software.,14.27595,0.982638,10,0.3321,Negative,-0.5267,Cluster 10,💻 Online Learning & Platform Issues
Academic Support and Resources,Limited access to academic resources is preventing me from making the most of my university experience and achieving my academic goals.,21,0.21,1,1,F,Egypt,limited access to academic resources is preventing me from making the most of my university experience and achieving my academic goals,Limited access to academic resources is preventing me from making the most of my university experience and achieving my academic goals.,10.319593,0.055929642,3,0.98,Negative,-0.25,Cluster 3,🔬 Research & Technology Resources
Academic Support and Resources,The limited course availability is preventing me from taking the classes I need to complete my degree.,17,3.58,1,1,M,Egypt,the limited course availability is preventing me from taking the classes i need to complete my degree,The limited course availability is preventing me from taking the classes I need to complete my degree.,8.017676,2.2958236,9,0.3056,Negative,-0.25,Cluster 9,🎓 Teaching Quality & Engagement
Academic Support and Resources,I wish there were more academic advisors available to provide guidance and support throughout my university experience.,23,2.44,1,1,M,Egypt,i wish there were more academic advisors available to provide guidance and support throughout my university experience,I wish there were more academic advisors available to provide guidance and support throughout my university experience.,12.317932,-5.3776975,-1,0.0444,Positive,0.6597,Unclassified Feedback,🌀 Unclassified Institutional Feedback
Academic Support and Resources,The limited access to technology and software is hindering my ability to prepare for my future career.,25,1.94,1,1,M,Egypt,the limited access to technology and software is hindering my ability to prepare for my future career,The limited access to technology and software is hindering my ability to prepare for my future career.,14.478901,1.1853113,10,0.3322,Positive,0.1027,Cluster 10,💻 Online Learning & Platform Issues
Academic Support and Resources,Limited access to academic resources is creating a disadvantage for me compared to other students who have greater access.,16,2.99,1,1,F,Egypt,limited access to academic resources is creating a disadvantage for me compared to other students who have greater access,Limited access to academic resources is creating a disadvantage for me compared to other students who have greater access.,10.392901,0.13568878,3,0.98,Neutral,-0.0,Cluster 3,🔬 Research & Technology Resources
Academic Support and Resources,The limited access to research databases and materials is making it difficult to conduct quality research for my papers.,17,0.64,1,1,M,Egypt,the limited access to research databases and materials is making it difficult to conduct quality research for my papers,The limited access to research databases and materials is making it difficult to conduct quality research for my papers.,10.3095455,-0.6614951,3,0.98,Negative,-0.5267,Cluster 3,🔬 Research & Technology Resources
Academic Support and Resources,"I am struggling to find and access the course materials I need, which is negatively affecting my academic performance.",25,1.25,1,1,M,Egypt,i am struggling to find and access the course materials i need which is negatively affecting my academic performance,"I am struggling to find and access the course materials I need, which is negatively affecting my academic performance.",12.883378,0.12294194,9,0.6453,Negative,-0.4215,Cluster 9,🎓 Teaching Quality & Engagement
Academic Support and Resources,Limited access to academic resources is making it difficult for me to fully engage in my studies and take advantage of all that my university has to offer.,23,1.82,1,1,F,Egypt,limited access to academic resources is making it difficult for me to fully engage in my studies and take advantage of all that my university has to offer,Limited access to academic resources is making it difficult for me to fully engage in my studies and take advantage of all that my university has to offer.,10.303893,0.041648548,3,0.98,Positive,0.0754,Cluster 3,🔬 Research & Technology Resources
Academic Support and Resources,"I'm finding the academic workload really overwhelming, and it's been a struggle to keep up with all the assignments.",18,0.69,1,1,F,Egypt,im finding the academic workload really overwhelming and its been a struggle to keep up with all the assignments,"I'm finding the academic workload really overwhelming, and it's been a struggle to keep up with all the assignments.",13.808528,5.680534,2,0.98,Negative,-0.3182,Cluster 2,📚 Academic Support & Wellbeing
Academic Support and Resources,"The course material is extremely challenging, and I often feel like I don't fully understand it.",25,0.15,1,1,F,Egypt,the course material is extremely challenging and i often feel like i dont fully understand it,"The course material is extremely challenging, and I often feel like I don't fully understand it.",12.720063,-0.6292015,9,0.98,Positive,0.5256,Cluster 9,🎓 Teaching Quality & Engagement
Academic Support and Resources,I've been struggling with my time management skills lately and it's been affecting my grades. I really need to get better at prioritizing my tasks.,22,2.57,1,1,M,Egypt,ive been struggling with my time management skills lately and its been affecting my grades i really need to get better at prioritizing my tasks,I've been struggling with my time management skills lately and it's been affecting my grades. I really need to get better at prioritizing my tasks.,13.839247,6.9298625,2,0.98,Neutral,0.0258,Cluster 2,📚 Academic Support & Wellbeing
Academic Support and Resources,"Balancing work and academic responsibilities has been a real challenge for me, and I often feel like I'm being pulled in two different directions.",19,1.26,1,1,F,Egypt,balancing work and academic responsibilities has been a real challenge for me and i often feel like im being pulled in two different directions,"Balancing work and academic responsibilities has been a real challenge for me, and I often feel like I'm being pulled in two different directions.",14.329683,6.581147,2,0.98,Positive,0.4215,Cluster 2,📚 Academic Support & Wellbeing
Academic Support and Resources,"I'm finding it difficult to balance my extracurricular activities with my academic work, and I'm often left feeling stressed and overwhelmed.",26,2.7,1,1,M,Egypt,im finding it difficult to balance my extracurricular activities with my academic work and im often left feeling stressed and overwhelmed,"I'm finding it difficult to balance my extracurricular activities with my academic work, and I'm often left feeling stressed and overwhelmed.",14.1555805,6.3986754,2,0.98,Negative,-0.4939,Cluster 2,📚 Academic Support & Wellbeing
Academic Support and Resources,"Lack of sleep and fatigue has been a real issue for me lately, and it's been affecting my ability to focus and stay motivated.",27,1.4,1,1,M,Egypt,lack of sleep and fatigue has been a real issue for me lately and its been affecting my ability to focus and stay motivated,"Lack of sleep and fatigue has been a real issue for me lately, and it's been affecting my ability to focus and stay motivated.",13.400684,6.2404943,2,0.98,Positive,0.25,Cluster 2,📚 Academic Support & Wellbeing
Academic Support and Resources,"I've been dealing with a lot of stress and anxiety lately, and it's been really tough to stay on top of my schoolwork.",18,0.96,1,1,M,Egypt,ive been dealing with a lot of stress and anxiety lately and its been really tough to stay on top of my schoolwork,"I've been dealing with a lot of stress and anxiety lately, and it's been really tough to stay on top of my schoolwork.",13.2375965,5.6912236,2,0.98,Negative,-0.5413,Cluster 2,📚 Academic Support & Wellbeing
Academic Support and Resources,"Mental health concerns have been a major factor in my academic performance, and I really need to prioritize self-care in order to succeed.",21,2.8,1,1,F,Egypt,mental health concerns have been a major factor in my academic performance and i really need to prioritize selfcare in order to succeed,"Mental health concerns have been a major factor in my academic performance, and I really need to prioritize self-care in order to succeed.",12.658104,5.8610306,2,0.98,Positive,0.4939,Cluster 2,📚 Academic Support & Wellbeing
Academic Support and Resources,"I'm struggling to keep up with the academic workload, and it's been causing me a lot of stress and anxiety.",20,0.39,1,1,F,Egypt,im struggling to keep up with the academic workload and its been causing me a lot of stress and anxiety,"I'm struggling to keep up with the academic workload, and it's been causing me a lot of stress and anxiety.",13.255777,5.7315946,2,0.98,Negative,-0.743,Cluster 2,📚 Academic Support & Wellbeing
Academic Support and Resources,"The course material is really challenging, and I often feel like I'm in over my head.",26,3.56,1,1,F,Egypt,the course material is really challenging and i often feel like im in over my head,"The course material is really challenging, and I often feel like I'm in over my head.",12.733496,-0.6221281,9,0.98,Positive,0.5256,Cluster 9,🎓 Teaching Quality & Engagement
Academic Support and Resources,"I'm not very good at managing my time, and I often find myself struggling to balance my academic work with my other commitments.",26,1.88,1,1,M,Egypt,im not very good at managing my time and i often find myself struggling to balance my academic work with my other commitments,"I'm not very good at managing my time, and I often find myself struggling to balance my academic work with my other commitments.",14.015889,6.78272,2,0.98,Negative,-0.6024,Cluster 2,📚 Academic Support & Wellbeing
Academic Support and Resources,"Balancing work and academic responsibilities has been a real struggle for me, and it's been affecting my grades.",16,2.7,1,1,F,Egypt,balancing work and academic responsibilities has been a real struggle for me and its been affecting my grades,"Balancing work and academic responsibilities has been a real struggle for me, and it's been affecting my grades.",14.344614,6.546669,2,0.98,Negative,-0.3182,Cluster 2,📚 Academic Support & Wellbeing
Academic Support and Resources,"I often have conflicts with my other commitments, and it's been difficult to find time to focus on my schoolwork.",25,0.96,1,1,F,Egypt,i often have conflicts with my other commitments and its been difficult to find time to focus on my schoolwork,"I often have conflicts with my other commitments, and it's been difficult to find time to focus on my schoolwork.",14.037004,6.817703,2,0.98,Negative,-0.5574,Cluster 2,📚 Academic Support & Wellbeing
Academic Support and Resources,"I've been feeling really tired and burnt out lately, and it's been hard to stay motivated to study.",17,0.62,1,1,M,Egypt,ive been feeling really tired and burnt out lately and its been hard to stay motivated to study,"I've been feeling really tired and burnt out lately, and it's been hard to stay motivated to study.",13.542719,5.959533,2,0.98,Neutral,-0.024,Cluster 2,📚 Academic Support & Wellbeing
Academic Support and Resources,"The stress and anxiety of college life has been getting to me, and I'm having trouble focusing on my coursework.",21,3.52,1,1,M,Egypt,the stress and anxiety of college life has been getting to me and im having trouble focusing on my coursework,"The stress and anxiety of college life has been getting to me, and I'm having trouble focusing on my coursework.",13.229707,5.7474966,2,0.98,Negative,-0.7351,Cluster 2,📚 Academic Support & Wellbeing
Academic Support and Resources,"My mental health has been a major factor in my academic performance, and I need to prioritize self-care in order to succeed.",27,2.68,1,1,F,Soudan,my mental health has been a major factor in my academic performance and i need to prioritize selfcare in order to succeed,"My mental health has been a major factor in my academic performance, and I need to prioritize self-care in order to succeed.",12.635273,5.8874593,2,0.98,Positive,0.4939,Cluster 2,📚 Academic Support & Wellbeing
Academic Support and Resources,"I'm feeling really overwhelmed by the academic workload, and I'm struggling to keep up with everything.",16,1.32,1,1,F,Soudan,im feeling really overwhelmed by the academic workload and im struggling to keep up with everything,"I'm feeling really overwhelmed by the academic workload, and I'm struggling to keep up with everything.",13.750817,5.746961,2,0.98,Negative,-0.204,Cluster 2,📚 Academic Support & Wellbeing
Academic Support and Resources,"The course material is really difficult, and I often feel like I don't fully understand it.",18,3.55,1,1,F,Soudan,the course material is really difficult and i often feel like i dont fully understand it,"The course material is really difficult, and I often feel like I don't fully understand it.",12.733481,-0.6335224,9,0.98,Negative,-0.0754,Cluster 9,🎓 Teaching Quality & Engagement
Academic Support and Resources,"I'm not very good at managing my time, and it's been affecting my grades.",24,3.09,1,1,M,Soudan,im not very good at managing my time and its been affecting my grades,"I'm not very good at managing my time, and it's been affecting my grades.",13.887426,6.9015045,2,0.98,Negative,-0.3865,Cluster 2,📚 Academic Support & Wellbeing
Academic Support and Resources,"Balancing work and academic responsibilities has been really challenging for me, and it's been causing me a lot of stress.",23,0.29,1,1,M,Soudan,balancing work and academic responsibilities has been really challenging for me and its been causing me a lot of stress,"Balancing work and academic responsibilities has been really challenging for me, and it's been causing me a lot of stress.",14.311717,6.500585,2,0.98,Negative,-0.228,Cluster 2,📚 Academic Support & Wellbeing
Academic Support and Resources,"I often have conflicts with my other commitments, and it's been tough to find time to focus on my schoolwork.",22,0.9,1,1,F,Soudan,i often have conflicts with my other commitments and its been tough to find time to focus on my schoolwork,"I often have conflicts with my other commitments, and it's been tough to find time to focus on my schoolwork.",14.042803,6.8716164,2,0.98,Negative,-0.3818,Cluster 2,📚 Academic Support & Wellbeing
Academic Support and Resources,"I've been feeling really exhausted lately, and it's been hard to stay motivated to study.",18,0.46,1,1,M,Soudan,ive been feeling really exhausted lately and its been hard to stay motivated to study,"I've been feeling really exhausted lately, and it's been hard to stay motivated to study.",13.669239,5.986394,2,0.98,Positive,0.079,Cluster 2,📚 Academic Support & Wellbeing
Academic Support and Resources,"The stress and anxiety of college life has been really overwhelming, and it's been affecting my mental health.",26,1.73,1,1,F,Soudan,the stress and anxiety of college life has been really overwhelming and its been affecting my mental health,"The stress and anxiety of college life has been really overwhelming, and it's been affecting my mental health.",13.059953,5.81584,2,0.98,Negative,-0.5423,Cluster 2,📚 Academic Support & Wellbeing
Academic Support and Resources,"I'm dealing with some mental health issues that have been affecting my academic performance, and I need to seek help.",22,3.97,1,1,M,Soudan,im dealing with some mental health issues that have been affecting my academic performance and i need to seek help,"I'm dealing with some mental health issues that have been affecting my academic performance, and I need to seek help.",12.612424,5.917628,2,0.98,Positive,0.4019,Cluster 2,📚 Academic Support & Wellbeing
Academic Support and Resources,"The academic workload has been really intense lately, and it's been a struggle to keep up with everything.",27,0.2,1,1,F,Soudan,the academic workload has been really intense lately and its been a struggle to keep up with everything,"The academic workload has been really intense lately, and it's been a struggle to keep up with everything.",13.762556,5.7312846,2,0.98,Negative,-0.1796,Cluster 2,📚 Academic Support & Wellbeing
Academic Support and Resources,"The course material is really challenging, and I often feel like I'm not smart enough to understand it.",16,0.32,1,1,M,Soudan,the course material is really challenging and i often feel like im not smart enough to understand it,"The course material is really challenging, and I often feel like I'm not smart enough to understand it.",12.718244,-0.6548348,9,0.98,Positive,0.2812,Cluster 9,🎓 Teaching Quality & Engagement
Academic Support and Resources,I need to work on my time management skills because I'm constantly feeling behind in my coursework.,16,0.97,1,1,M,Soudan,i need to work on my time management skills because im constantly feeling behind in my coursework,I need to work on my time management skills because I'm constantly feeling behind in my coursework.,13.779394,6.9474154,2,0.98,Positive,0.128,Cluster 2,📚 Academic Support & Wellbeing
Academic Support and Resources,"Balancing work and academic responsibilities has been a real struggle, and I'm not sure how to make it work.",27,1.9,1,1,M,Soudan,balancing work and academic responsibilities has been a real struggle and im not sure how to make it work,"Balancing work and academic responsibilities has been a real struggle, and I'm not sure how to make it work.",14.33844,6.615844,2,0.98,Negative,-0.5043,Cluster 2,📚 Academic Support & Wellbeing
Academic Support and Resources,"I have a lot of other commitments that often conflict with my schoolwork, and it's been really hard to juggle everything.",16,0.37,1,1,F,Soudan,i have a lot of other commitments that often conflict with my schoolwork and its been really hard to juggle everything,"I have a lot of other commitments that often conflict with my schoolwork, and it's been really hard to juggle everything.",14.141927,6.7769833,2,0.98,Negative,-0.3597,Cluster 2,📚 Academic Support & Wellbeing
Academic Support and Resources,"I've been feeling really run down lately, and it's been tough to stay focused on my studies.",21,0.17,1,1,M,Soudan,ive been feeling really run down lately and its been tough to stay focused on my studies,"I've been feeling really run down lately, and it's been tough to stay focused on my studies.",13.594155,5.861237,2,0.98,Positive,0.3818,Cluster 2,📚 Academic Support & Wellbeing
Academic Support and Resources,The stress and anxiety of college life has been really overwhelming,23,1.54,1,1,F,Soudan,the stress and anxiety of college life has been really overwhelming,The stress and anxiety of college life has been really overwhelming,13.094486,5.7911057,2,0.98,Negative,-0.5423,Cluster 2,📚 Academic Support & Wellbeing
Academic Support and Resources,"The academic workload is becoming overwhelming, especially with the difficulty of course material. It's difficult to manage my time well and balance my work responsibilities with my academic ones. I have a hard time sleeping due to the stress and anxiety this is causing me, and it's starting to affect my mental health.",21,1.02,1,1,F,Soudan,the academic workload is becoming overwhelming especially with the difficulty of course material its difficult to manage my time well and balance my work responsibilities with my academic ones i have a hard time sleeping due to the stress and anxiety this is causing me and its starting to affect my mental health,"The academic workload is becoming overwhelming, especially with the difficulty of course material. It's difficult to manage my time well and balance my work responsibilities with my academic ones. I have a hard time sleeping due to the stress and anxiety this is causing me, and it's starting to affect my mental health.",13.086297,5.998697,2,0.98,Negative,-0.7884,Cluster 2,📚 Academic Support & Wellbeing
Academic Support and Resources,"I find myself struggling with the difficulty of course material and trying to manage my time effectively. Balancing work and academic responsibilities is a challenge, and I'm not getting enough sleep. This is causing me stress and anxiety, which is taking a toll on my mental health.",25,1.99,1,1,M,Soudan,i find myself struggling with the difficulty of course material and trying to manage my time effectively balancing work and academic responsibilities is a challenge and im not getting enough sleep this is causing me stress and anxiety which is taking a toll on my mental health,"I find myself struggling with the difficulty of course material and trying to manage my time effectively. Balancing work and academic responsibilities is a challenge, and I'm not getting enough sleep. This is causing me stress and anxiety, which is taking a toll on my mental health.",13.294898,6.223471,2,0.98,Negative,-0.6705,Cluster 2,📚 Academic Support & Wellbeing
Academic Support and Resources,"Managing the academic workload and the difficulty of course material is a constant struggle. I need to improve my time management skills to balance work and academic responsibilities, but it's hard when I have time conflicts with other commitments. The lack of sleep is starting to affect my mental health, and I'm feeling stressed and anxious.",18,0.84,1,1,F,Soudan,managing the academic workload and the difficulty of course material is a constant struggle i need to improve my time management skills to balance work and academic responsibilities but its hard when i have time conflicts with other commitments the lack of sleep is starting to affect my mental health and im feeling stressed and anxious,"Managing the academic workload and the difficulty of course material is a constant struggle. I need to improve my time management skills to balance work and academic responsibilities, but it's hard when I have time conflicts with other commitments. The lack of sleep is starting to affect my mental health, and I'm feeling stressed and anxious.",13.384239,6.5094514,2,0.98,Negative,-0.8873,Cluster 2,📚 Academic Support & Wellbeing
Academic Support and Resources,"I'm finding it hard to keep up with the academic workload, especially since the course material is challenging. Balancing work and academic responsibilities is tough, and there are often time conflicts with other commitments. I'm not getting enough sleep, and it's starting to affect my mental health. The stress and anxiety are overwhelming.",18,1.15,1,1,F,Soudan,im finding it hard to keep up with the academic workload especially since the course material is challenging balancing work and academic responsibilities is tough and there are often time conflicts with other commitments im not getting enough sleep and its starting to affect my mental health the stress and anxiety are overwhelming,"I'm finding it hard to keep up with the academic workload, especially since the course material is challenging. Balancing work and academic responsibilities is tough, and there are often time conflicts with other commitments. I'm not getting enough sleep, and it's starting to affect my mental health. The stress and anxiety are overwhelming.",13.26466,5.9074125,2,0.98,Negative,-0.7096,Cluster 2,📚 Academic Support & Wellbeing
Academic Support and Resources,"The academic workload is taking its toll on me, especially since the course material is so difficult. I'm trying to manage my time effectively, but it's challenging to balance work and academic responsibilities. There are always time conflicts with other commitments, and I'm not getting enough sleep. This is causing me stress and anxiety, and it's starting to impact my mental health.",16,0.39,1,1,M,Soudan,the academic workload is taking its toll on me especially since the course material is so difficult im trying to manage my time effectively but its challenging to balance work and academic responsibilities there are always time conflicts with other commitments and im not getting enough sleep this is causing me stress and anxiety and its starting to impact my mental health,"The academic workload is taking its toll on me, especially since the course material is so difficult. I'm trying to manage my time effectively, but it's challenging to balance work and academic responsibilities. There are always time conflicts with other commitments, and I'm not getting enough sleep. This is causing me stress and anxiety, and it's starting to impact my mental health.",13.192258,6.1902976,2,0.98,Negative,-0.7698,Cluster 2,📚 Academic Support & Wellbeing
Academic Support and Resources,"I'm struggling with the academic workload and the difficulty of the course material. I need to improve my time management skills to balance work and academic responsibilities, but there are always time conflicts with other commitments. I'm not sleeping well, and it's affecting my mental health. I'm feeling stressed and anxious all the time.",27,1.27,1,1,F,Soudan,im struggling with the academic workload and the difficulty of the course material i need to improve my time management skills to balance work and academic responsibilities but there are always time conflicts with other commitments im not sleeping well and its affecting my mental health im feeling stressed and anxious all the time,"I'm struggling with the academic workload and the difficulty of the course material. I need to improve my time management skills to balance work and academic responsibilities, but there are always time conflicts with other commitments. I'm not sleeping well, and it's affecting my mental health. I'm feeling stressed and anxious all the time.",13.411067,6.537441,2,0.98,Negative,-0.8545,Cluster 2,📚 Academic Support & Wellbeing
Academic Support and Resources,"It's challenging to keep up with the academic workload, especially since the course material is so difficult. I need to work on my time management skills to balance work and academic responsibilities, but there are always time conflicts with other commitments. The lack of sleep is starting to take its toll on my mental health, and I'm feeling stressed and anxious.",26,0.36,1,1,F,Soudan,its challenging to keep up with the academic workload especially since the course material is so difficult i need to work on my time management skills to balance work and academic responsibilities but there are always time conflicts with other commitments the lack of sleep is starting to take its toll on my mental health and im feeling stressed and anxious,"It's challenging to keep up with the academic workload, especially since the course material is so difficult. I need to work on my time management skills to balance work and academic responsibilities, but there are always time conflicts with other commitments. The lack of sleep is starting to take its toll on my mental health, and I'm feeling stressed and anxious.",13.275316,6.365184,2,0.98,Negative,-0.8826,Cluster 2,📚 Academic Support & Wellbeing
Academic Support and Resources,"The academic workload is becoming overwhelming, and the course material is so challenging. I'm struggling to balance work and academic responsibilities and manage my time effectively. There are often time conflicts with other commitments, and I'm not getting enough sleep. This is causing me stress and anxiety, and my mental health is suffering.",26,0.1,1,1,M,Soudan,the academic workload is becoming overwhelming and the course material is so challenging im struggling to balance work and academic responsibilities and manage my time effectively there are often time conflicts with other commitments and im not getting enough sleep this is causing me stress and anxiety and my mental health is suffering,"The academic workload is becoming overwhelming, and the course material is so challenging. I'm struggling to balance work and academic responsibilities and manage my time effectively. There are often time conflicts with other commitments, and I'm not getting enough sleep. This is causing me stress and anxiety, and my mental health is suffering.",13.144875,6.083063,2,0.98,Negative,-0.7749,Cluster 2,📚 Academic Support & Wellbeing
Academic Support and Resources,"The academic workload is getting to be too much, and I'm finding the course material increasingly difficult. I need to improve my time management skills to balance work and academic responsibilities, but there are always time conflicts with other commitments. The lack of sleep is starting to affect my mental health, and I'm feeling stressed and anxious all the time.",23,0.81,1,1,F,Soudan,the academic workload is getting to be too much and im finding the course material increasingly difficult i need to improve my time management skills to balance work and academic responsibilities but there are always time conflicts with other commitments the lack of sleep is starting to affect my mental health and im feeling stressed and anxious all the time,"The academic workload is getting to be too much, and I'm finding the course material increasingly difficult. I need to improve my time management skills to balance work and academic responsibilities, but there are always time conflicts with other commitments. The lack of sleep is starting to affect my mental health, and I'm feeling stressed and anxious all the time.",13.398527,6.4957743,2,0.98,Negative,-0.85,Cluster 2,📚 Academic Support & Wellbeing
Academic Support and Resources,"Managing the academic workload is a challenge, especially since the course material is so difficult. I need to balance work and academic responsibilities, but there are often time conflicts with other commitments. The lack of sleep is starting to take its toll on my mental health, and I'm feeling stressed and anxious.",22,3.63,1,1,F,Soudan,managing the academic workload is a challenge especially since the course material is so difficult i need to balance work and academic responsibilities but there are often time conflicts with other commitments the lack of sleep is starting to take its toll on my mental health and im feeling stressed and anxious,"Managing the academic workload is a challenge, especially since the course material is so difficult. I need to balance work and academic responsibilities, but there are often time conflicts with other commitments. The lack of sleep is starting to take its toll on my mental health, and I'm feeling stressed and anxious.",13.258599,6.330255,2,0.98,Negative,-0.8865,Cluster 2,📚 Academic Support & Wellbeing
Academic Support and Resources,"The academic workload is overwhelming, and the course material is hard to understand. Balancing work and academic responsibilities is tough, and there are always time conflicts with other commitments. I'm not getting enough sleep, and the stress and anxiety are starting to affect my mental health.",27,1.36,1,1,F,Soudan,the academic workload is overwhelming and the course material is hard to understand balancing work and academic responsibilities is tough and there are always time conflicts with other commitments im not getting enough sleep and the stress and anxiety are starting to affect my mental health,"The academic workload is overwhelming, and the course material is hard to understand. Balancing work and academic responsibilities is tough, and there are always time conflicts with other commitments. I'm not getting enough sleep, and the stress and anxiety are starting to affect my mental health.",13.079901,6.000431,2,0.98,Negative,-0.7579,Cluster 2,📚 Academic Support & Wellbeing
Academic Support and Resources,"It's hard to keep up with the academic workload, and the difficulty of the course material is making it even harder. Balancing work and academic responsibilities is a challenge, and there are often time conflicts with other commitments. The lack of sleep is taking its toll",26,2.0,1,1,M,Soudan,its hard to keep up with the academic workload and the difficulty of the course material is making it even harder balancing work and academic responsibilities is a challenge and there are often time conflicts with other commitments the lack of sleep is taking its toll,"It's hard to keep up with the academic workload, and the difficulty of the course material is making it even harder. Balancing work and academic responsibilities is a challenge, and there are often time conflicts with other commitments. The lack of sleep is taking its toll",13.272772,6.319404,2,0.98,Negative,-0.7096,Cluster 2,📚 Academic Support & Wellbeing
Academic Support and Resources,"I have found that the academic workload has been extremely heavy this semester, leaving me feeling overwhelmed and stressed.",22,3.73,1,1,F,Soudan,i have found that the academic workload has been extremely heavy this semester leaving me feeling overwhelmed and stressed,"I have found that the academic workload has been extremely heavy this semester, leaving me feeling overwhelmed and stressed.",13.743416,5.766766,2,0.98,Negative,-0.1779,Cluster 2,📚 Academic Support & Wellbeing
Academic Support and Resources,"The difficulty of the course material is much higher than I anticipated, and I am struggling to keep up.",22,0.14,1,1,M,Soudan,the difficulty of the course material is much higher than i anticipated and i am struggling to keep up,"The difficulty of the course material is much higher than I anticipated, and I am struggling to keep up.",12.714643,-0.6005661,9,0.98,Negative,-0.6369,Cluster 9,🎓 Teaching Quality & Engagement
Academic Support and Resources,I have been struggling with time management skills and finding it difficult to balance my academic responsibilities with work and other commitments.,18,1.06,1,1,M,Soudan,i have been struggling with time management skills and finding it difficult to balance my academic responsibilities with work and other commitments,I have been struggling with time management skills and finding it difficult to balance my academic responsibilities with work and other commitments.,13.949573,6.969388,2,0.98,Negative,-0.5859,Cluster 2,📚 Academic Support & Wellbeing
Academic Support and Resources,"Balancing work and academic responsibilities has been a significant challenge, and I have found it difficult to maintain a healthy work-life balance.",20,1.05,1,1,F,Soudan,balancing work and academic responsibilities has been a significant challenge and i have found it difficult to maintain a healthy worklife balance,"Balancing work and academic responsibilities has been a significant challenge, and I have found it difficult to maintain a healthy work-life balance.",14.34409,6.6217356,2,0.98,Positive,0.3182,Cluster 2,📚 Academic Support & Wellbeing
Academic Support and Resources,Time conflicts with other commitments have made it challenging to keep up with coursework and assignments.,27,0.4,1,1,M,Soudan,time conflicts with other commitments have made it challenging to keep up with coursework and assignments,Time conflicts with other commitments have made it challenging to keep up with coursework and assignments.,13.900154,6.7273307,2,0.98,Negative,-0.128,Cluster 2,📚 Academic Support & Wellbeing
Academic Support and Resources,I am struggling with lack of sleep and fatigue due to the demands of my academic workload.,18,2.46,1,1,M,Soudan,i am struggling with lack of sleep and fatigue due to the demands of my academic workload,I am struggling with lack of sleep and fatigue due to the demands of my academic workload.,13.235899,6.4461746,2,0.98,Negative,-0.7269,Cluster 2,📚 Academic Support & Wellbeing
Academic Support and Resources,"The stress and anxiety of the academic workload have been affecting my mental health, and I am finding it difficult to cope.",20,0.96,1,1,M,Soudan,the stress and anxiety of the academic workload have been affecting my mental health and i am finding it difficult to cope,"The stress and anxiety of the academic workload have been affecting my mental health, and I am finding it difficult to cope.",12.966801,5.806023,2,0.98,Negative,-0.7184,Cluster 2,📚 Academic Support & Wellbeing
Academic Support and Resources,I am concerned about my mental health and have been experiencing symptoms of depression and anxiety due to the academic workload.,21,3.19,1,1,F,Soudan,i am concerned about my mental health and have been experiencing symptoms of depression and anxiety due to the academic workload,I am concerned about my mental health and have been experiencing symptoms of depression and anxiety due to the academic workload.,12.850009,5.883052,2,0.98,Negative,-0.6597,Cluster 2,📚 Academic Support & Wellbeing
Academic Support and Resources,"The academic workload is overwhelming, and I am struggling to find ways to manage my stress and maintain my mental health.",24,3.44,1,1,F,Soudan,the academic workload is overwhelming and i am struggling to find ways to manage my stress and maintain my mental health,"The academic workload is overwhelming, and I am struggling to find ways to manage my stress and maintain my mental health.",12.868713,5.988666,2,0.98,Negative,-0.6808,Cluster 2,📚 Academic Support & Wellbeing
Academic Support and Resources,"I have been finding it difficult to balance my academic workload with other commitments, such as extracurricular activities and social life.",16,2.85,1,1,M,Soudan,i have been finding it difficult to balance my academic workload with other commitments such as extracurricular activities and social life,"I have been finding it difficult to balance my academic workload with other commitments, such as extracurricular activities and social life.",14.108655,6.3630133,2,0.98,Negative,-0.25,Cluster 2,📚 Academic Support & Wellbeing
Academic Support and Resources,"The course material is much more challenging than I expected, and I am struggling to keep up with the pace of the class.",21,0.05,1,1,F,Soudan,the course material is much more challenging than i expected and i am struggling to keep up with the pace of the class,"The course material is much more challenging than I expected, and I am struggling to keep up with the pace of the class.",12.666355,-0.59175533,9,0.98,Negative,-0.228,Cluster 9,🎓 Teaching Quality & Engagement
Academic Support and Resources,"I am finding it difficult to manage my time effectively, and it is affecting my ability to keep up with assignments and coursework.",23,0.4,1,1,F,Soudan,i am finding it difficult to manage my time effectively and it is affecting my ability to keep up with assignments and coursework,"I am finding it difficult to manage my time effectively, and it is affecting my ability to keep up with assignments and coursework.",13.831936,6.86558,2,0.98,Positive,0.4019,Cluster 2,📚 Academic Support & Wellbeing
Academic Support and Resources,"Balancing work and academic responsibilities has been a significant challenge, and I am finding it hard to find time for self-care and relaxation.",18,3.33,1,1,M,Soudan,balancing work and academic responsibilities has been a significant challenge and i am finding it hard to find time for selfcare and relaxation,"Balancing work and academic responsibilities has been a significant challenge, and I am finding it hard to find time for self-care and relaxation.",14.2801075,6.6633587,2,0.98,Positive,0.6249,Cluster 2,📚 Academic Support & Wellbeing
Academic Support and Resources,"I am struggling to keep up with my coursework due to time conflicts with other commitments, such as part-time work and family obligations.",24,1.07,1,1,F,Soudan,i am struggling to keep up with my coursework due to time conflicts with other commitments such as parttime work and family obligations,"I am struggling to keep up with my coursework due to time conflicts with other commitments, such as part-time work and family obligations.",13.936404,6.80537,2,0.98,Negative,-0.5994,Cluster 2,📚 Academic Support & Wellbeing
Academic Support and Resources,Lack of sleep and fatigue have been affecting my ability to focus on coursework and stay motivated.,25,3.46,1,1,M,Soudan,lack of sleep and fatigue have been affecting my ability to focus on coursework and stay motivated,Lack of sleep and fatigue have been affecting my ability to focus on coursework and stay motivated.,13.3846655,6.250649,2,0.98,Positive,0.25,Cluster 2,📚 Academic Support & Wellbeing
Academic Support and Resources,"The academic workload is causing significant stress and anxiety, and I am finding it hard to cope with the pressure.",25,3.17,1,1,M,Soudan,the academic workload is causing significant stress and anxiety and i am finding it hard to cope with the pressure,"The academic workload is causing significant stress and anxiety, and I am finding it hard to cope with the pressure.",13.12339,5.772639,2,0.98,Negative,-0.6486,Cluster 2,📚 Academic Support & Wellbeing
Academic Support and Resources,I am concerned about my mental health and have been experiencing symptoms of burnout and exhaustion due to the demands of my academic workload.,24,0.44,1,1,F,Soudan,i am concerned about my mental health and have been experiencing symptoms of burnout and exhaustion due to the demands of my academic workload,I am concerned about my mental health and have been experiencing symptoms of burnout and exhaustion due to the demands of my academic workload.,12.802158,5.954896,2,0.98,Negative,-0.3612,Cluster 2,📚 Academic Support & Wellbeing
Academic Support and Resources,I am struggling to find ways to manage my stress and maintain my mental health while balancing my academic responsibilities with other commitments.,24,2.51,1,1,F,Soudan,i am struggling to find ways to manage my stress and maintain my mental health while balancing my academic responsibilities with other commitments,I am struggling to find ways to manage my stress and maintain my mental health while balancing my academic responsibilities with other commitments.,12.892601,6.0318537,2,0.98,Negative,-0.6249,Cluster 2,📚 Academic Support & Wellbeing
Academic Support and Resources,"The course material is much more difficult than I expected, and I am finding it hard to understand and retain the information.",23,2.8,1,1,M,Soudan,the course material is much more difficult than i expected and i am finding it hard to understand and retain the information,"The course material is much more difficult than I expected, and I am finding it hard to understand and retain the information.",12.710978,-0.69376737,9,0.98,Negative,-0.4927,Cluster 9,🎓 Teaching Quality & Engagement
Academic Support and Resources,"I am struggling to manage my time effectively, and it is affecting my ability to keep up with assignments and coursework.",20,0.33,1,1,F,Soudan,i am struggling to manage my time effectively and it is affecting my ability to keep up with assignments and coursework,"I am struggling to manage my time effectively, and it is affecting my ability to keep up with assignments and coursework.",13.795133,6.898227,2,0.98,Positive,0.34,Cluster 2,📚 Academic Support & Wellbeing
Academic Support and Resources,"Balancing work and academic responsibilities has been challenging, and I am finding it hard to find time for social activities and hobbies.",26,3.2,1,1,M,Soudan,balancing work and academic responsibilities has been challenging and i am finding it hard to find time for social activities and hobbies,"Balancing work and academic responsibilities has been challenging, and I am finding it hard to find time for social activities and hobbies.",14.314499,6.6311855,2,0.98,Positive,0.0516,Cluster 2,📚 Academic Support & Wellbeing
Academic Support and Resources,"Time conflicts with other commitments have been causing significant stress and anxiety, and I am finding it hard to stay motivated.",24,2.2,1,1,M,Soudan,time conflicts with other commitments have been causing significant stress and anxiety and i am finding it hard to stay motivated,"Time conflicts with other commitments have been causing significant stress and anxiety, and I am finding it hard to stay motivated.",13.780253,6.2637277,2,0.98,Negative,-0.296,Cluster 2,📚 Academic Support & Wellbeing
Academic Support and Resources,"Lack of sleep and fatigue have been affecting my ability to concentrate and retain information, and I am concerned about my academic performance.",27,2.29,1,1,M,Soudan,lack of sleep and fatigue have been affecting my ability to concentrate and retain information and i am concerned about my academic performance,"Lack of sleep and fatigue have been affecting my ability to concentrate and retain information, and I am concerned about my academic performance.",13.282933,6.421751,2,0.98,Negative,-0.25,Cluster 2,📚 Academic Support & Wellbeing
Academic Support and Resources,"The academic workload is causing significant stress and anxiety, and I am finding it hard to cope with the pressure.",24,3.85,1,1,M,Soudan,the academic workload is causing significant stress and anxiety and i am finding it hard to cope with the pressure,"The academic workload is causing significant stress and anxiety, and I am finding it hard to cope with the pressure.",13.125326,5.765652,2,0.98,Negative,-0.6486,Cluster 2,📚 Academic Support & Wellbeing
Academic Support and Resources,"I am experiencing symptoms of anxiety and depression due to the demands of my academic workload, and I am concerned about my mental health.",25,0.55,1,1,F,Soudan,i am experiencing symptoms of anxiety and depression due to the demands of my academic workload and i am concerned about my mental health,"I am experiencing symptoms of anxiety and depression due to the demands of my academic workload, and I am concerned about my mental health.",12.793368,5.913893,2,0.98,Negative,-0.6597,Cluster 2,📚 Academic Support & Wellbeing
Academic Support and Resources,"The academic workload is overwhelming, and I am finding it difficult to stay motivated and engaged in my studies.",21,3.76,1,1,F,Soudan,the academic workload is overwhelming and i am finding it difficult to stay motivated and engaged in my studies,"The academic workload is overwhelming, and I am finding it difficult to stay motivated and engaged in my studies.",13.773144,5.912868,2,0.98,Positive,0.4939,Cluster 2,📚 Academic Support & Wellbeing
Academic Support and Resources,I have been struggling to find ways to manage my stress and maintain my mental health while balancing my academic responsibilities with other commitments.,22,0.71,1,1,F,Soudan,i have been struggling to find ways to manage my stress and maintain my mental health while balancing my academic responsibilities with other commitments,I have been struggling to find ways to manage my stress and maintain my mental health while balancing my academic responsibilities with other commitments.,12.857279,6.042215,2,0.98,Negative,-0.6249,Cluster 2,📚 Academic Support & Wellbeing
Academic Support and Resources,"The course material is much more challenging than I expected, and I am struggling to understand the concepts and complete assignments.",16,1.02,1,1,M,Soudan,the course material is much more challenging than i expected and i am struggling to understand the concepts and complete assignments,"The course material is much more challenging than I expected, and I am struggling to understand the concepts and complete assignments.",12.750645,-0.72761065,9,0.98,Negative,-0.228,Cluster 9,🎓 Teaching Quality & Engagement
Academic Support and Resources,I am struggling to manage my time effectively and find it hard to balance my academic responsibilities with work and social activities.,21,2.53,1,1,M,Soudan,i am struggling to manage my time effectively and find it hard to balance my academic responsibilities with work and social activities,I am struggling to manage my time effectively and find it hard to balance my academic responsibilities with work and social activities.,14.1065855,6.7469482,2,0.98,Negative,-0.0772,Cluster 2,📚 Academic Support & Wellbeing
Academic Support and Resources,"Balancing work and academic responsibilities has been a significant challenge, and I am finding it",18,2.97,1,1,F,Soudan,balancing work and academic responsibilities has been a significant challenge and i am finding it,"Balancing work and academic responsibilities has been a significant challenge, and I am finding it",14.417776,6.5991693,2,0.98,Positive,0.2732,Cluster 2,📚 Academic Support & Wellbeing
Academic Support and Resources,The academic workload this semester is overwhelming. I'm having trouble keeping up with all the assignments and readings.,19,2.86,1,1,F,Soudan,the academic workload this semester is overwhelming im having trouble keeping up with all the assignments and readings,The academic workload this semester is overwhelming. I'm having trouble keeping up with all the assignments and readings.,13.841916,5.6836624,2,0.98,Negative,-0.4019,Cluster 2,📚 Academic Support & Wellbeing
Academic Support and Resources,I find the course material for my math class to be extremely difficult. I've been attending extra study sessions but still feel lost.,18,2.88,1,1,F,Soudan,i find the course material for my math class to be extremely difficult ive been attending extra study sessions but still feel lost,I find the course material for my math class to be extremely difficult. I've been attending extra study sessions but still feel lost.,12.791669,-0.32521582,9,0.6984,Negative,-0.5922,Cluster 9,🎓 Teaching Quality & Engagement
Academic Support and Resources,Balancing my part-time job with my coursework has been a major struggle. I'm constantly exhausted and feel like I don't have enough time to focus on school.,20,2.88,1,1,M,Soudan,balancing my parttime job with my coursework has been a major struggle im constantly exhausted and feel like i dont have enough time to focus on school,Balancing my part-time job with my coursework has been a major struggle. I'm constantly exhausted and feel like I don't have enough time to focus on school.,14.077609,6.881066,2,0.98,Negative,-0.3804,Cluster 2,📚 Academic Support & Wellbeing
Academic Support and Resources,I have a time conflict with one of my classes and it's causing a lot of stress. I'm trying to work with my advisor to figure out a solution but it's proving to be difficult.,27,1.11,1,1,F,Soudan,i have a time conflict with one of my classes and its causing a lot of stress im trying to work with my advisor to figure out a solution but its proving to be difficult,I have a time conflict with one of my classes and it's causing a lot of stress. I'm trying to work with my advisor to figure out a solution but it's proving to be difficult.,13.859913,6.7056503,2,0.98,Negative,-0.631,Cluster 2,📚 Academic Support & Wellbeing
Academic Support and Resources,I'm not getting enough sleep and it's starting to affect my academic performance. I've tried adjusting my schedule but still can't seem to get enough rest.,19,1.12,1,1,F,Soudan,im not getting enough sleep and its starting to affect my academic performance ive tried adjusting my schedule but still cant seem to get enough rest,I'm not getting enough sleep and it's starting to affect my academic performance. I've tried adjusting my schedule but still can't seem to get enough rest.,13.229142,6.414053,2,0.98,Neutral,0.0,Cluster 2,📚 Academic Support & Wellbeing
Academic Support and Resources,"I'm feeling really overwhelmed with the amount of coursework I have to do, and it's causing a lot of stress and anxiety.",18,0.86,1,1,F,Soudan,im feeling really overwhelmed with the amount of coursework i have to do and its causing a lot of stress and anxiety,"I'm feeling really overwhelmed with the amount of coursework I have to do, and it's causing a lot of stress and anxiety.",13.543073,5.7820544,2,0.98,Negative,-0.3626,Cluster 2,📚 Academic Support & Wellbeing
Academic Support and Resources,I've been experiencing mental health issues and it's making it hard to focus on school. I'm trying to seek help but it's been a slow process.,26,1.11,1,1,M,Soudan,ive been experiencing mental health issues and its making it hard to focus on school im trying to seek help but its been a slow process,I've been experiencing mental health issues and it's making it hard to focus on school. I'm trying to seek help but it's been a slow process.,12.587818,5.912376,2,0.98,Positive,0.1655,Cluster 2,📚 Academic Support & Wellbeing
Academic Support and Resources,"I have a lot of commitments outside of school, including family responsibilities, and it's been a challenge to balance everything.",21,3.6,1,1,M,Soudan,i have a lot of commitments outside of school including family responsibilities and its been a challenge to balance everything,"I have a lot of commitments outside of school, including family responsibilities, and it's been a challenge to balance everything.",14.239452,6.716198,2,0.98,Positive,0.2023,Cluster 2,📚 Academic Support & Wellbeing
Academic Support and Resources,I'm struggling with time management and finding it hard to prioritize my coursework. I'm looking for resources to help me improve my skills.,27,3.97,1,1,F,Soudan,im struggling with time management and finding it hard to prioritize my coursework im looking for resources to help me improve my skills,I'm struggling with time management and finding it hard to prioritize my coursework. I'm looking for resources to help me improve my skills.,13.793129,6.920398,2,0.98,Positive,0.34,Cluster 2,📚 Academic Support & Wellbeing
Academic Support and Resources,The course material for my history class is very dense and difficult to understand. I'm hoping to find a tutor or study group to help me navigate it.,18,2.33,1,1,F,Soudan,the course material for my history class is very dense and difficult to understand im hoping to find a tutor or study group to help me navigate it,The course material for my history class is very dense and difficult to understand. I'm hoping to find a tutor or study group to help me navigate it.,12.863389,-0.1880526,9,0.5717,Positive,0.4091,Cluster 9,🎓 Teaching Quality & Engagement
Academic Support and Resources,I've been working a lot lately and it's been hard to find time to focus on schoolwork. I'm trying to find ways to better manage my time.,17,0.93,1,1,F,Soudan,ive been working a lot lately and its been hard to find time to focus on schoolwork im trying to find ways to better manage my time,I've been working a lot lately and it's been hard to find time to focus on schoolwork. I'm trying to find ways to better manage my time.,13.930275,6.910944,2,0.98,Positive,0.3612,Cluster 2,📚 Academic Support & Wellbeing
Academic Support and Resources,The amount of reading and writing assignments in my English class is overwhelming. I'm finding it hard to keep up with the workload.,24,0.66,1,1,F,Soudan,the amount of reading and writing assignments in my english class is overwhelming im finding it hard to keep up with the workload,The amount of reading and writing assignments in my English class is overwhelming. I'm finding it hard to keep up with the workload.,13.85254,5.6649084,2,0.98,Negative,-0.1027,Cluster 2,📚 Academic Support & Wellbeing
Academic Support and Resources,I'm feeling a lot of stress and anxiety about upcoming exams. I'm trying to develop better study habits to help me manage my stress.,18,2.77,1,1,M,Soudan,im feeling a lot of stress and anxiety about upcoming exams im trying to develop better study habits to help me manage my stress,I'm feeling a lot of stress and anxiety about upcoming exams. I'm trying to develop better study habits to help me manage my stress.,13.185692,5.7098117,2,0.98,Negative,-0.0516,Cluster 2,📚 Academic Support & Wellbeing
Academic Support and Resources,I'm having trouble balancing my extracurricular activities with my coursework. I'm considering cutting back on some activities to focus more on school.,21,1.82,1,1,F,Soudan,im having trouble balancing my extracurricular activities with my coursework im considering cutting back on some activities to focus more on school,I'm having trouble balancing my extracurricular activities with my coursework. I'm considering cutting back on some activities to focus more on school.,14.187595,6.611594,2,0.98,Negative,-0.4939,Cluster 2,📚 Academic Support & Wellbeing
Academic Support and Resources,I'm feeling burnt out and exhausted from the demands of my coursework. I'm trying to find ways to recharge and take care of my mental health.,16,0.29,1,1,F,Soudan,im feeling burnt out and exhausted from the demands of my coursework im trying to find ways to recharge and take care of my mental health,I'm feeling burnt out and exhausted from the demands of my coursework. I'm trying to find ways to recharge and take care of my mental health.,12.826788,6.010261,2,0.98,Positive,0.296,Cluster 2,📚 Academic Support & Wellbeing
Academic Support and Resources,I have a lot of personal commitments that are making it difficult to prioritize my schoolwork. I'm looking for strategies to help me better manage my time.,22,2.18,1,1,F,Soudan,i have a lot of personal commitments that are making it difficult to prioritize my schoolwork im looking for strategies to help me better manage my time,I have a lot of personal commitments that are making it difficult to prioritize my schoolwork. I'm looking for strategies to help me better manage my time.,14.0642805,6.8673143,2,0.98,Positive,0.5574,Cluster 2,📚 Academic Support & Wellbeing
Academic Support and Resources,The course material for my physics class is very challenging and I'm struggling to keep up. I'm considering seeking additional help from a tutor.,22,1.86,1,1,F,Soudan,the course material for my physics class is very challenging and im struggling to keep up im considering seeking additional help from a tutor,The course material for my physics class is very challenging and I'm struggling to keep up. I'm considering seeking additional help from a tutor.,12.811576,-0.41568214,9,0.98,Positive,0.2006,Cluster 9,🎓 Teaching Quality & Engagement
Academic Support and Resources,I'm feeling overwhelmed with the amount of reading and assignments in my sociology class. I'm trying to break things down into smaller tasks to make it more manageable.,16,2.4,1,1,F,Soudan,im feeling overwhelmed with the amount of reading and assignments in my sociology class im trying to break things down into smaller tasks to make it more manageable,I'm feeling overwhelmed with the amount of reading and assignments in my sociology class. I'm trying to break things down into smaller tasks to make it more manageable.,13.960208,5.6891756,2,0.98,Positive,0.1779,Cluster 2,📚 Academic Support & Wellbeing
Academic Support and Resources,I'm having trouble sleeping at night and it's causing me to feel tired and unfocused during the day. I'm looking for ways to improve my sleep habits.,26,3.71,1,1,M,Soudan,im having trouble sleeping at night and its causing me to feel tired and unfocused during the day im looking for ways to improve my sleep habits,I'm having trouble sleeping at night and it's causing me to feel tired and unfocused during the day. I'm looking for ways to improve my sleep habits.,13.241042,6.427853,2,0.98,Negative,-0.6597,Cluster 2,📚 Academic Support & Wellbeing
Academic Support and Resources,The pressure to maintain good grades is causing me a lot of stress and anxiety. I'm trying to find a healthy balance between school and self-care.,23,2.38,1,1,M,Soudan,the pressure to maintain good grades is causing me a lot of stress and anxiety im trying to find a healthy balance between school and selfcare,The pressure to maintain good grades is causing me a lot of stress and anxiety. I'm trying to find a healthy balance between school and self-care.,13.080048,5.660861,2,0.98,Neutral,-0.0258,Cluster 2,📚 Academic Support & Wellbeing
Academic Support and Resources,I'm struggling with mental health issues that are making it hard to focus on school. I'm working with a therapist to develop coping strategies.,16,2.27,1,1,M,Soudan,im struggling with mental health issues that are making it hard to focus on school im working with a therapist to develop coping strategies,I'm struggling with mental health issues that are making it hard to focus on school. I'm working with a therapist to develop coping strategies.,12.657632,5.908386,2,0.98,Negative,-0.4939,Cluster 2,📚 Academic Support & Wellbeing
Academic Support and Resources,I have a part-time job that's making it hard to balance my schoolwork. I'm trying to negotiate a better schedule with my employer.,25,0.97,1,1,F,Soudan,i have a parttime job thats making it hard to balance my schoolwork im trying to negotiate a better schedule with my employer,I have a part-time job that's making it hard to balance my schoolwork. I'm trying to negotiate a better schedule with my employer.,14.161985,6.909067,2,0.98,Positive,0.3612,Cluster 2,📚 Academic Support & Wellbeing
Academic Support and Resources,"I'm finding it hard to stay motivated with my coursework. I'm trying to set smaller, achievable goals to help me stay on track.",23,0.87,1,1,F,Soudan,im finding it hard to stay motivated with my coursework im trying to set smaller achievable goals to help me stay on track,"I'm finding it hard to stay motivated with my coursework. I'm trying to set smaller, achievable goals to help me stay on track.",13.802677,6.0592546,2,0.98,Positive,0.765,Cluster 2,📚 Academic Support & Wellbeing
Athletics and sports, I'm having trouble meeting the athletic eligibility requirements because of a schedule conflict with one of my classes. I wish there was more flexibility.,18,3.55,4,1,F,Soudan, im having trouble meeting the athletic eligibility requirements because of a schedule conflict with one of my classes i wish there was more flexibility, I'm having trouble meeting the athletic eligibility requirements because of a schedule conflict with one of my classes. I wish there was more flexibility.,5.6925335,13.696136,1,0.98,Positive,0.101,Cluster 1,📌 Sports Issues
Athletics and sports,"As an athlete, I'm frustrated with the limited access to athletic facilities during peak hours. It's difficult to fit in training sessions when the gym is always packed.",23,3.99,1,1,F,Soudan,as an athlete im frustrated with the limited access to athletic facilities during peak hours its difficult to fit in training sessions when the gym is always packed,"As an athlete, I'm frustrated with the limited access to athletic facilities during peak hours. It's difficult to fit in training sessions when the gym is always packed.",5.3712444,13.573386,1,0.8566,Negative,-0.6486,Cluster 1,📌 Sports Issues
Athletics and sports,I'm having trouble meeting the athletic eligibility requirements because of a schedule conflict with one of my classes. I wish there was more flexibility.,24,2.68,4,1,F,Soudan,im having trouble meeting the athletic eligibility requirements because of a schedule conflict with one of my classes i wish there was more flexibility,I'm having trouble meeting the athletic eligibility requirements because of a schedule conflict with one of my classes. I wish there was more flexibility.,5.7062593,13.702459,1,0.98,Positive,0.101,Cluster 1,📌 Sports Issues
Athletics and sports,"I've had to deal with a sports-related injury, and the university's medical resources for athletes are very limited. I've had to seek treatment outside of campus.",22,1.5,5,1,F,Soudan,ive had to deal with a sportsrelated injury and the universitys medical resources for athletes are very limited ive had to seek treatment outside of campus,"I've had to deal with a sports-related injury, and the university's medical resources for athletes are very limited. I've had to seek treatment outside of campus.",5.2165794,14.681566,1,0.98,Negative,-0.6115,Cluster 1,📌 Sports Issues
Athletics and sports,"I don't like the culture of the sports team I'm on. It's very exclusive, and some members aren't treated fairly.",27,3.65,2,1,M,Soudan,i dont like the culture of the sports team im on its very exclusive and some members arent treated fairly,"I don't like the culture of the sports team I'm on. It's very exclusive, and some members aren't treated fairly.",6.517872,14.352359,1,0.8433,Negative,-0.0816,Cluster 1,📌 Sports Issues
Athletics and sports,I'm disappointed with the gender inequality in our sports program. The women's teams don't get the same funding or recognition as the men's teams.,23,0.15,2,1,F,Soudan,im disappointed with the gender inequality in our sports program the womens teams dont get the same funding or recognition as the mens teams,I'm disappointed with the gender inequality in our sports program. The women's teams don't get the same funding or recognition as the men's teams.,5.014803,16.911203,1,0.1347,Negative,-0.4767,Cluster 1,📌 Sports Issues
Athletics and sports,"I'm concerned about the university's compliance with Title IX. It seems like some sports programs receive preferential treatment, and that's not fair.",24,3.97,4,1,M,Soudan,im concerned about the universitys compliance with title ix it seems like some sports programs receive preferential treatment and thats not fair,"I'm concerned about the university's compliance with Title IX. It seems like some sports programs receive preferential treatment, and that's not fair.",5.189234,15.486268,1,0.3489,Positive,0.1376,Cluster 1,📌 Sports Issues
Athletics and sports,"The athletic facilities are always overcrowded, and I have to wait a long time to use the equipment I need for my training.",18,3.59,2,1,F,Soudan,the athletic facilities are always overcrowded and i have to wait a long time to use the equipment i need for my training,"The athletic facilities are always overcrowded, and I have to wait a long time to use the equipment I need for my training.",5.3450003,13.590061,1,0.8571,Neutral,0.0,Cluster 1,📌 Sports Issues
Athletics and sports,I feel like the athletic eligibility requirements are too strict and prevent many students from participating in sports.,26,3.32,3,1,M,Soudan,i feel like the athletic eligibility requirements are too strict and prevent many students from participating in sports,I feel like the athletic eligibility requirements are too strict and prevent many students from participating in sports.,5.7166386,13.8070135,1,0.98,Positive,0.3818,Cluster 1,📌 Sports Issues
Athletics and sports,"I suffered a sports-related injury and had to take time off from training, but the university's support for injured athletes is lacking.",19,3.9,3,1,F,Soudan,i suffered a sportsrelated injury and had to take time off from training but the universitys support for injured athletes is lacking,"I suffered a sports-related injury and had to take time off from training, but the university's support for injured athletes is lacking.",5.2016897,14.666102,1,0.98,Negative,-0.4588,Cluster 1,📌 Sports Issues
Athletics and sports," The sports team culture at this university is toxic, and I don't feel welcome on the team.",16,3.4,2,1,F,Soudan, the sports team culture at this university is toxic and i dont feel welcome on the team," The sports team culture at this university is toxic, and I don't feel welcome on the team.",6.4362464,14.320067,1,0.8433,Negative,-0.357,Cluster 1,📌 Sports Issues
Athletics and sports," The gender inequality in sports is apparent, and the university needs to invest more resources into women's sports programs.",16,3.77,4,1,M,Soudan, the gender inequality in sports is apparent and the university needs to invest more resources into womens sports programs," The gender inequality in sports is apparent, and the university needs to invest more resources into women's sports programs.",5.0279756,16.896376,1,0.1347,Neutral,0.0,Cluster 1,📌 Sports Issues
Athletics and sports, The university needs to do more to ensure Title IX compliance and make sure all sports programs are treated fairly.,25,1.51,4,1,F,Soudan, the university needs to do more to ensure title ix compliance and make sure all sports programs are treated fairly, The university needs to do more to ensure Title IX compliance and make sure all sports programs are treated fairly.,5.2009716,15.468936,1,0.3526,Positive,0.6344,Cluster 1,📌 Sports Issues
Athletics and sports, It's frustrating that I can't access the athletic facilities I need because of strict scheduling limitations.,20,0.05,3,1,M,Soudan, its frustrating that i cant access the athletic facilities i need because of strict scheduling limitations, It's frustrating that I can't access the athletic facilities I need because of strict scheduling limitations.,5.398472,13.54918,1,0.914,Negative,-0.4404,Cluster 1,📌 Sports Issues
Athletics and sports," I wish the athletic eligibility requirements were more flexible, as they make it difficult for me to balance sports and academics.",21,1.35,3,1,F,Soudan, i wish the athletic eligibility requirements were more flexible as they make it difficult for me to balance sports and academics," I wish the athletic eligibility requirements were more flexible, as they make it difficult for me to balance sports and academics.",5.7338076,13.744181,1,0.98,Positive,0.3384,Cluster 1,📌 Sports Issues
Athletics and sports," I'm struggling to get medical attention for my sports-related injury, and the university's resources are not sufficient.",23,3.8,3,1,F,Soudan, im struggling to get medical attention for my sportsrelated injury and the universitys resources are not sufficient," I'm struggling to get medical attention for my sports-related injury, and the university's resources are not sufficient.",5.2061987,14.704669,1,0.98,Negative,-0.6808,Cluster 1,📌 Sports Issues
Athletics and sports," The sports team culture can be cliquey and exclusive, making it difficult for some members to feel included.",16,2.36,1,1,F,Soudan, the sports team culture can be cliquey and exclusive making it difficult for some members to feel included," The sports team culture can be cliquey and exclusive, making it difficult for some members to feel included.",6.548534,14.31015,1,0.8433,Negative,-0.25,Cluster 1,📌 Sports Issues
Athletics and sports, I've witnessed gender inequality within the sports program firsthand and feel it's time for change.,16,0.06,5,1,M,Soudan, ive witnessed gender inequality within the sports program firsthand and feel its time for change, I've witnessed gender inequality within the sports program firsthand and feel it's time for change.,5.034919,16.87294,1,0.1347,Neutral,0.0,Cluster 1,📌 Sports Issues
Athletics and sports, The university needs to do more to ensure Title IX compliance and provide equal opportunities for all sports programs.,27,3.41,1,1,M,Soudan, the university needs to do more to ensure title ix compliance and provide equal opportunities for all sports programs, The university needs to do more to ensure Title IX compliance and provide equal opportunities for all sports programs.,5.2146583,15.45903,1,0.3562,Positive,0.6682,Cluster 1,📌 Sports Issues
Athletics and sports, The athletic facilities are not well-maintained and are often dirty and overcrowded.,23,0.98,5,1,F,Soudan, the athletic facilities are not wellmaintained and are often dirty and overcrowded, The athletic facilities are not well-maintained and are often dirty and overcrowded.,5.4546776,13.674798,1,0.9482,Negative,-0.4404,Cluster 1,📌 Sports Issues
Athletics and sports, The athletic eligibility requirements are too strict and limit the number of students who can participate in sports programs.,25,2.13,1,1,F,Soudan, the athletic eligibility requirements are too strict and limit the number of students who can participate in sports programs, The athletic eligibility requirements are too strict and limit the number of students who can participate in sports programs.,5.6944995,13.71783,1,0.98,Positive,0.0772,Cluster 1,📌 Sports Issues
Athletics and sports, I'm frustrated with the lack of resources available to athletes who suffer from injuries or other medical concerns.,17,1.57,3,1,F,Soudan, im frustrated with the lack of resources available to athletes who suffer from injuries or other medical concerns, I'm frustrated with the lack of resources available to athletes who suffer from injuries or other medical concerns.,5.1819963,14.546047,1,0.98,Negative,-0.8481,Cluster 1,📌 Sports Issues
Athletics and sports, The sports team culture is not inclusive and often feels like a popularity contest.,18,2.03,3,1,F,Soudan, the sports team culture is not inclusive and often feels like a popularity contest, The sports team culture is not inclusive and often feels like a popularity contest.,6.5477138,14.33521,1,0.8433,Positive,0.6808,Cluster 1,📌 Sports Issues
Athletics and sports," I've noticed a clear gender inequality within the sports program, and it's time for the university to take action.",25,0.27,4,1,F,Soudan, ive noticed a clear gender inequality within the sports program and its time for the university to take action," I've noticed a clear gender inequality within the sports program, and it's time for the university to take action.",5.0332317,16.893496,1,0.1347,Positive,0.3818,Cluster 1,📌 Sports Issues
Athletics and sports," The university needs to ensure Title IX compliance and provide equal opportunities for all athletes, regardless of gender.",17,2.75,1,1,F,Soudan, the university needs to ensure title ix compliance and provide equal opportunities for all athletes regardless of gender," The university needs to ensure Title IX compliance and provide equal opportunities for all athletes, regardless of gender.",5.179248,15.526713,1,0.3485,Positive,0.6369,Cluster 1,📌 Sports Issues
Athletics and sports, The limited access to athletic facilities makes it challenging to train effectively and reach my goals.,18,1.03,1,1,M,Soudan, the limited access to athletic facilities makes it challenging to train effectively and reach my goals, The limited access to athletic facilities makes it challenging to train effectively and reach my goals.,5.370071,13.565668,1,0.8937,Positive,0.4019,Cluster 1,📌 Sports Issues
Athletics and sports, The athletic eligibility requirements don't take into account the unique circumstances of each athlete and can be unfair.,18,2.41,1,1,F,Soudan, the athletic eligibility requirements dont take into account the unique circumstances of each athlete and can be unfair, The athletic eligibility requirements don't take into account the unique circumstances of each athlete and can be unfair.,5.76488,13.731997,1,0.98,Negative,-0.4767,Cluster 1,📌 Sports Issues
Athletics and sports," The university needs to invest in better medical resources for athletes, as the current options are insufficient.",25,1.61,4,1,F,Soudan, the university needs to invest in better medical resources for athletes as the current options are insufficient," The university needs to invest in better medical resources for athletes, as the current options are insufficient.",5.284432,14.573322,1,0.98,Positive,0.4404,Cluster 1,📌 Sports Issues
Athletics and sports, The sports team culture needs to be more inclusive and welcoming to all members.,24,2.6,2,1,F,Soudan, the sports team culture needs to be more inclusive and welcoming to all members, The sports team culture needs to be more inclusive and welcoming to all members.,6.5084043,14.318668,1,0.8433,Positive,0.4877,Cluster 1,📌 Sports Issues
Athletics and sports, I've experienced gender inequality within the sports program and feel that it's a significant issue that needs to be addressed.,26,3.75,3,1,M,Soudan, ive experienced gender inequality within the sports program and feel that its a significant issue that needs to be addressed, I've experienced gender inequality within the sports program and feel that it's a significant issue that needs to be addressed.,5.0339956,16.890373,1,0.1347,Positive,0.2023,Cluster 1,📌 Sports Issues
Athletics and sports, The university needs to take steps to ensure Title IX compliance and create a level playing field for all athletes.,18,3.35,4,1,F,Soudan, the university needs to take steps to ensure title ix compliance and create a level playing field for all athletes, The university needs to take steps to ensure Title IX compliance and create a level playing field for all athletes.,5.230175,15.451919,1,0.3478,Positive,0.6705,Cluster 1,📌 Sports Issues
Athletics and sports,I feel frustrated with the limited access to the athletic facilities on campus. It's hard to stay active and healthy when you can't even use the gym when you want to.,22,2.0,2,1,F,Soudan,i feel frustrated with the limited access to the athletic facilities on campus its hard to stay active and healthy when you cant even use the gym when you want to,I feel frustrated with the limited access to the athletic facilities on campus. It's hard to stay active and healthy when you can't even use the gym when you want to.,5.462296,13.680338,1,0.7365,Neutral,-0.0,Cluster 1,📌 Sports Issues
Athletics and sports,The athletic eligibility requirements for sports teams are so strict. It's unfair that some students can't participate just because they don't meet certain criteria.,24,1.75,3,1,F,Soudan,the athletic eligibility requirements for sports teams are so strict its unfair that some students cant participate just because they dont meet certain criteria,The athletic eligibility requirements for sports teams are so strict. It's unfair that some students can't participate just because they don't meet certain criteria.,5.773682,13.750967,1,0.98,Negative,-0.6343,Cluster 1,📌 Sports Issues
Athletics and sports,I'm concerned about the injuries that happen during sports games and practices. The university needs to prioritize the health and safety of its athletes.,21,1.62,5,1,M,Soudan,im concerned about the injuries that happen during sports games and practices the university needs to prioritize the health and safety of its athletes,I'm concerned about the injuries that happen during sports games and practices. The university needs to prioritize the health and safety of its athletes.,5.262572,14.671273,1,0.98,Positive,0.4215,Cluster 1,📌 Sports Issues
Athletics and sports,I've noticed that the sports team culture on campus can be exclusive and elitist. It makes it hard for newcomers to feel welcome.,18,1.16,2,1,F,Soudan,ive noticed that the sports team culture on campus can be exclusive and elitist it makes it hard for newcomers to feel welcome,I've noticed that the sports team culture on campus can be exclusive and elitist. It makes it hard for newcomers to feel welcome.,6.494922,14.316548,1,0.8433,Positive,0.4767,Cluster 1,📌 Sports Issues
Athletics and sports,Gender inequality in sports is a serious issue that needs to be addressed. Women's sports teams should be given the same opportunities and resources as men's teams.,24,2.69,3,1,F,Soudan,gender inequality in sports is a serious issue that needs to be addressed womens sports teams should be given the same opportunities and resources as mens teams,Gender inequality in sports is a serious issue that needs to be addressed. Women's sports teams should be given the same opportunities and resources as men's teams.,5.0281024,16.897152,1,0.1347,Positive,0.3182,Cluster 1,📌 Sports Issues
Athletics and sports,"I'm disappointed with the lack of support for student athletes. It's hard to balance sports and academics, and more resources need to be provided to help athletes succeed.",17,3.36,4,1,M,Soudan,im disappointed with the lack of support for student athletes its hard to balance sports and academics and more resources need to be provided to help athletes succeed,"I'm disappointed with the lack of support for student athletes. It's hard to balance sports and academics, and more resources need to be provided to help athletes succeed.",5.589988,14.439326,1,0.9302,Positive,0.4215,Cluster 1,📌 Sports Issues
Athletics and sports,The Title IX compliance of the university's sports programs is concerning. It's important to make sure that all students are treated fairly and given equal opportunities.,22,3.77,5,1,M,Soudan,the title ix compliance of the universitys sports programs is concerning its important to make sure that all students are treated fairly and given equal opportunities,The Title IX compliance of the university's sports programs is concerning. It's important to make sure that all students are treated fairly and given equal opportunities.,5.2063594,15.439126,1,0.369,Positive,0.6908,Cluster 1,📌 Sports Issues
Athletics and sports,It's frustrating that there are limited options for sports and athletics programs on campus. More variety would be appreciated.,24,0.27,1,1,M,Soudan,its frustrating that there are limited options for sports and athletics programs on campus more variety would be appreciated,It's frustrating that there are limited options for sports and athletics programs on campus. More variety would be appreciated.,5.68461,14.128438,1,0.9201,Negative,-0.128,Cluster 1,📌 Sports Issues
Athletics and sports,I'm concerned about the lack of diversity on the sports teams. It's important for all students to feel represented and included.,27,1.2,5,1,M,Soudan,im concerned about the lack of diversity on the sports teams its important for all students to feel represented and included,I'm concerned about the lack of diversity on the sports teams. It's important for all students to feel represented and included.,6.189021,14.234856,1,0.8433,Negative,-0.128,Cluster 1,📌 Sports Issues
Athletics and sports, Athletic facilities are often overcrowded and difficult to access. This makes it hard to stay motivated to exercise and stay active.,18,1.16,3,1,M,Soudan, athletic facilities are often overcrowded and difficult to access this makes it hard to stay motivated to exercise and stay active, Athletic facilities are often overcrowded and difficult to access. This makes it hard to stay motivated to exercise and stay active.,5.383215,13.582812,1,0.8415,Positive,0.4215,Cluster 1,📌 Sports Issues
Athletics and sports, The athletic eligibility requirements can be confusing and hard to navigate. The university should provide clearer guidelines and resources to help students understand the process.,17,0.53,4,1,M,Soudan, the athletic eligibility requirements can be confusing and hard to navigate the university should provide clearer guidelines and resources to help students understand the process, The athletic eligibility requirements can be confusing and hard to navigate. The university should provide clearer guidelines and resources to help students understand the process.,5.807309,13.716923,1,0.98,Positive,0.1027,Cluster 1,📌 Sports Issues
Athletics and sports, The university needs to prioritize the health and wellbeing of its student athletes. This includes providing adequate medical resources and support.,22,0.47,1,1,F,Soudan, the university needs to prioritize the health and wellbeing of its student athletes this includes providing adequate medical resources and support, The university needs to prioritize the health and wellbeing of its student athletes. This includes providing adequate medical resources and support.,5.305579,14.604379,1,0.98,Positive,0.5574,Cluster 1,📌 Sports Issues
Athletics and sports, The sports team culture on campus can be toxic and harmful. It's important for the university to promote a positive and inclusive environment.,22,2.68,2,1,F,Soudan, the sports team culture on campus can be toxic and harmful its important for the university to promote a positive and inclusive environment, The sports team culture on campus can be toxic and harmful. It's important for the university to promote a positive and inclusive environment.,6.445601,14.290712,1,0.8433,Positive,0.7906,Cluster 1,📌 Sports Issues
Athletics and sports, Gender inequality in sports is unacceptable. The university needs to do more to support and empower women athletes.,26,1.05,2,1,F,Soudan, gender inequality in sports is unacceptable the university needs to do more to support and empower women athletes, Gender inequality in sports is unacceptable. The university needs to do more to support and empower women athletes.,5.0822005,16.837957,1,0.1347,Neutral,-0.0056,Cluster 1,📌 Sports Issues
Athletics and sports, It's disappointing that there are limited opportunities for students who aren't interested in traditional sports. More alternative options would be appreciated.,18,0.2,1,1,M,Soudan, its disappointing that there are limited opportunities for students who arent interested in traditional sports more alternative options would be appreciated, It's disappointing that there are limited opportunities for students who aren't interested in traditional sports. More alternative options would be appreciated.,5.719769,14.190851,1,0.98,Negative,-0.1174,Cluster 1,📌 Sports Issues
Athletics and sports, The lack of resources for student athletes is frustrating. It's hard to succeed in sports and academics without proper support.,22,0.7,2,1,F,Soudan, the lack of resources for student athletes is frustrating its hard to succeed in sports and academics without proper support, The lack of resources for student athletes is frustrating. It's hard to succeed in sports and academics without proper support.,5.5267253,14.402601,1,0.98,Negative,-0.5659,Cluster 1,📌 Sports Issues
Athletics and sports, The university needs to make sure that all sports programs are compliant with Title IX regulations. Discrimination should not be tolerated.,22,3.45,3,1,M,Soudan, the university needs to make sure that all sports programs are compliant with title ix regulations discrimination should not be tolerated, The university needs to make sure that all sports programs are compliant with Title IX regulations. Discrimination should not be tolerated.,5.222182,15.507681,1,0.3482,Positive,0.3182,Cluster 1,📌 Sports Issues
Athletics and sports," Athletic facilities should be accessible to all students, regardless of their major or athletic eligibility. Everyone should have the opportunity to stay active and healthy.",23,3.88,3,1,M,Soudan, athletic facilities should be accessible to all students regardless of their major or athletic eligibility everyone should have the opportunity to stay active and healthy," Athletic facilities should be accessible to all students, regardless of their major or athletic eligibility. Everyone should have the opportunity to stay active and healthy.",5.6304293,13.987435,1,0.9376,Positive,0.802,Cluster 1,📌 Sports Issues
Athletics and sports, I'm concerned about the lack of diversity among the coaches and staff of the sports teams. It's important for students to have role models and mentors who look like them.,16,1.58,1,1,M,Soudan, im concerned about the lack of diversity among the coaches and staff of the sports teams its important for students to have role models and mentors who look like them, I'm concerned about the lack of diversity among the coaches and staff of the sports teams. It's important for students to have role models and mentors who look like them.,6.0688276,14.298001,1,0.8433,Positive,0.25,Cluster 1,📌 Sports Issues
Athletics and sports, Sports-related injuries can have long-lasting effects on a student's health and wellbeing. It's important for the university to take preventative measures and prioritize safety.,26,0.33,5,1,F,Soudan, sportsrelated injuries can have longlasting effects on a students health and wellbeing its important for the university to take preventative measures and prioritize safety, Sports-related injuries can have long-lasting effects on a student's health and wellbeing. It's important for the university to take preventative measures and prioritize safety.,5.246147,14.685836,1,0.98,Positive,0.5574,Cluster 1,📌 Sports Issues
Athletics and sports, The athletic eligibility requirements can be unfair to students who don't have the same opportunities as others. The university should take socioeconomic factors into account when evaluating eligibility.,23,0.29,3,1,F,Soudan, the athletic eligibility requirements can be unfair to students who dont have the same opportunities as others the university should take socioeconomic factors into account when evaluating eligibility, The athletic eligibility requirements can be unfair to students who don't have the same opportunities as others. The university should take socioeconomic factors into account when evaluating eligibility.,5.768468,13.729185,1,0.98,Negative,-0.128,Cluster 1,📌 Sports Issues
Athletics and sports," The sports team culture can be exclusive and cliquey, making it hard for new students to feel included. It's important for the university to foster a welcoming and supportive environment.",19,2.99,5,1,M,Soudan, the sports team culture can be exclusive and cliquey making it hard for new students to feel included its important for the university to foster a welcoming and supportive environment," The sports team culture can be exclusive and cliquey, making it hard for new students to feel included. It's important for the university to foster a welcoming and supportive environment.",6.4734178,14.298487,1,0.8433,Positive,0.7184,Cluster 1,📌 Sports Issues
Athletics and sports," Gender inequality in sports is a pervasive issue that affects all students, not just athletes. The university should do more to promote gender equity and empowerment.",18,3.95,1,1,F,Soudan, gender inequality in sports is a pervasive issue that affects all students not just athletes the university should do more to promote gender equity and empowerment," Gender inequality in sports is a pervasive issue that affects all students, not just athletes. The university should do more to promote gender equity and empowerment.",5.0572805,16.85585,1,0.1347,Positive,0.4364,Cluster 1,📌 Sports Issues
Athletics and sports, The lack of options for sports and athletics programs on campus is disappointing. More variety would help students find activities that they enjoy and feel passionate about.,17,3.7,5,1,F,Soudan, the lack of options for sports and athletics programs on campus is disappointing more variety would help students find activities that they enjoy and feel passionate about, The lack of options for sports and athletics programs on campus is disappointing. More variety would help students find activities that they enjoy and feel passionate about.,5.726215,14.2191105,1,0.98,Positive,0.6204,Cluster 1,📌 Sports Issues
Athletics and sports, Student athletes often face unique challenges when it comes to balancing sports and academics. The university needs to provide more support and resources to help them succeed.,24,1.6,5,1,F,Soudan, student athletes often face unique challenges when it comes to balancing sports and academics the university needs to provide more support and resources to help them succeed, Student athletes often face unique challenges when it comes to balancing sports and academics. The university needs to provide more support and resources to help them succeed.,5.5762467,14.455081,1,0.9201,Positive,0.8479,Cluster 1,📌 Sports Issues
Athletics and sports,I am frustrated with the limited access to athletic facilities on campus. It's difficult to find a time when the gym or fields are not overcrowded.,19,3.57,5,1,M,Soudan,i am frustrated with the limited access to athletic facilities on campus its difficult to find a time when the gym or fields are not overcrowded,I am frustrated with the limited access to athletic facilities on campus. It's difficult to find a time when the gym or fields are not overcrowded.,5.424796,13.59872,1,0.7741,Negative,-0.7783,Cluster 1,📌 Sports Issues
Athletics and sports,The athletic eligibility requirements are too strict and exclusionary. It feels like only a select few students are able to participate in sports.,24,1.24,5,1,F,Soudan,the athletic eligibility requirements are too strict and exclusionary it feels like only a select few students are able to participate in sports,The athletic eligibility requirements are too strict and exclusionary. It feels like only a select few students are able to participate in sports.,5.723489,13.806009,1,0.98,Positive,0.3612,Cluster 1,📌 Sports Issues
Athletics and sports,I am concerned about the lack of attention given to injuries and sports-related medical concerns. It feels like student-athletes are not given adequate support.,25,1.12,5,1,M,Soudan,i am concerned about the lack of attention given to injuries and sportsrelated medical concerns it feels like studentathletes are not given adequate support,I am concerned about the lack of attention given to injuries and sports-related medical concerns. It feels like student-athletes are not given adequate support.,5.210712,14.629609,1,0.98,Negative,-0.4067,Cluster 1,📌 Sports Issues
Athletics and sports,The sports team culture on campus is toxic and exclusionary. It's discouraging to see such a lack of respect for fellow students.,18,2.47,5,1,F,Soudan,the sports team culture on campus is toxic and exclusionary its discouraging to see such a lack of respect for fellow students,The sports team culture on campus is toxic and exclusionary. It's discouraging to see such a lack of respect for fellow students.,6.392534,14.336798,1,0.8433,Negative,-0.2732,Cluster 1,📌 Sports Issues
Athletics and sports,I am disappointed with the gender inequality in sports. Women's teams are often underfunded and not given the same opportunities as men's teams.,25,1.53,5,1,F,Soudan,i am disappointed with the gender inequality in sports womens teams are often underfunded and not given the same opportunities as mens teams,I am disappointed with the gender inequality in sports. Women's teams are often underfunded and not given the same opportunities as men's teams.,5.00565,16.920095,1,0.1347,Negative,-0.128,Cluster 1,📌 Sports Issues
Athletics and sports,The university needs to do more to ensure Title IX compliance in all aspects of the athletics programs. It's unacceptable for any student to feel discriminated against or unsafe.,19,1.21,5,1,M,Soudan,the university needs to do more to ensure title ix compliance in all aspects of the athletics programs its unacceptable for any student to feel discriminated against or unsafe,The university needs to do more to ensure Title IX compliance in all aspects of the athletics programs. It's unacceptable for any student to feel discriminated against or unsafe.,5.1735044,15.478428,1,0.3477,Neutral,-0.0314,Cluster 1,📌 Sports Issues
Athletics and sports,It's frustrating that the university only invests in certain sports programs while neglecting others. It's important to support a variety of athletic interests.,19,2.24,2,1,F,Soudan,its frustrating that the university only invests in certain sports programs while neglecting others its important to support a variety of athletic interests,It's frustrating that the university only invests in certain sports programs while neglecting others. It's important to support a variety of athletic interests.,5.6827197,14.333493,1,0.98,Positive,0.25,Cluster 1,📌 Sports Issues
Athletics and sports,The athletic department should provide more resources and training for coaches to ensure a safe and inclusive environment for all athletes.,21,1.56,2,1,M,Soudan,the athletic department should provide more resources and training for coaches to ensure a safe and inclusive environment for all athletes,The athletic department should provide more resources and training for coaches to ensure a safe and inclusive environment for all athletes.,5.7960267,14.31328,1,0.98,Positive,0.6705,Cluster 1,📌 Sports Issues
Athletics and sports,I have concerns about the lack of diversity and representation within the athletic department staff. It's important for all students to feel seen and supported.,16,3.9,1,1,M,Soudan,i have concerns about the lack of diversity and representation within the athletic department staff its important for all students to feel seen and supported,I have concerns about the lack of diversity and representation within the athletic department staff. It's important for all students to feel seen and supported.,6.0636597,14.281346,1,0.8433,Positive,0.2023,Cluster 1,📌 Sports Issues
Athletics and sports, I am frustrated by the athletic facilities' inconsistent hours and limited availability during peak times.,25,0.59,5,1,M,Soudan, i am frustrated by the athletic facilities inconsistent hours and limited availability during peak times, I am frustrated by the athletic facilities' inconsistent hours and limited availability during peak times.,5.2986474,13.622334,1,0.789,Negative,-0.6486,Cluster 1,📌 Sports Issues
Athletics and sports, The athletic eligibility requirements should be revised to be more inclusive of students with different abilities and backgrounds.,24,2.98,2,1,F,Soudan, the athletic eligibility requirements should be revised to be more inclusive of students with different abilities and backgrounds, The athletic eligibility requirements should be revised to be more inclusive of students with different abilities and backgrounds.,5.7564044,13.733871,1,0.98,Positive,0.25,Cluster 1,📌 Sports Issues
Athletics and sports," The university needs to prioritize mental health support for student-athletes, especially during high-stress seasons.",25,2.18,2,1,M,Soudan, the university needs to prioritize mental health support for studentathletes especially during highstress seasons," The university needs to prioritize mental health support for student-athletes, especially during high-stress seasons.",10.252084,5.2814445,4,0.98,Positive,0.4019,Cluster 4,💰 Financial Aid & Administration
Athletics and sports," The sports team culture needs to be more welcoming and supportive, rather than exclusive and competitive.",27,2.18,2,1,F,Soudan, the sports team culture needs to be more welcoming and supportive rather than exclusive and competitive," The sports team culture needs to be more welcoming and supportive, rather than exclusive and competitive.",6.515823,14.3227005,1,0.8433,Positive,0.7818,Cluster 1,📌 Sports Issues
Athletics and sports, I am concerned about the lack of attention given to preventing and addressing sports-related injuries. It's important for athletes to receive adequate care.,19,0.41,5,1,F,Soudan, i am concerned about the lack of attention given to preventing and addressing sportsrelated injuries its important for athletes to receive adequate care, I am concerned about the lack of attention given to preventing and addressing sports-related injuries. It's important for athletes to receive adequate care.,5.222803,14.638981,1,0.98,Positive,0.5423,Cluster 1,📌 Sports Issues
Athletics and sports, It's disappointing to see the unequal distribution of resources and funding among different sports programs on campus.,17,1.68,1,1,M,Soudan, its disappointing to see the unequal distribution of resources and funding among different sports programs on campus, It's disappointing to see the unequal distribution of resources and funding among different sports programs on campus.,5.713703,14.325748,1,0.98,Negative,-0.6808,Cluster 1,📌 Sports Issues
Athletics and sports," I believe that the university should provide more scholarships and financial support for student-athletes, especially those from underprivileged backgrounds.",17,1.08,1,1,F,Soudan, i believe that the university should provide more scholarships and financial support for studentathletes especially those from underprivileged backgrounds," I believe that the university should provide more scholarships and financial support for student-athletes, especially those from underprivileged backgrounds.",8.52533,7.3356194,4,0.98,Positive,0.4019,Cluster 4,💰 Financial Aid & Administration
Athletics and sports," The university needs to do more to support the mental and emotional health of student-athletes, including providing access to therapy and counseling services.",25,1.73,3,1,F,Soudan, the university needs to do more to support the mental and emotional health of studentathletes including providing access to therapy and counseling services," The university needs to do more to support the mental and emotional health of student-athletes, including providing access to therapy and counseling services.",10.2751045,5.267089,4,0.98,Positive,0.5542,Cluster 4,💰 Financial Aid & Administration
Athletics and sports," The athletic department should prioritize the safety and well-being of all athletes, rather than just focusing on winning.",25,0.47,2,1,F,Soudan, the athletic department should prioritize the safety and wellbeing of all athletes rather than just focusing on winning," The athletic department should prioritize the safety and well-being of all athletes, rather than just focusing on winning.",5.317395,14.744161,1,0.98,Positive,0.7351,Cluster 1,📌 Sports Issues
Athletics and sports," It's frustrating to see the gender disparities in sports, especially when it comes to funding and support for women's teams.",25,3.28,4,1,F,Soudan, its frustrating to see the gender disparities in sports especially when it comes to funding and support for womens teams," It's frustrating to see the gender disparities in sports, especially when it comes to funding and support for women's teams.",5.004258,16.920008,1,0.1347,Negative,-0.0516,Cluster 1,📌 Sports Issues
Athletics and sports, The university should offer more sports programs that cater to students' diverse interests and abilities.,20,1.1,1,1,M,Soudan, the university should offer more sports programs that cater to students diverse interests and abilities, The university should offer more sports programs that cater to students' diverse interests and abilities.,5.7230306,14.236015,1,0.98,Positive,0.4588,Cluster 1,📌 Sports Issues
Athletics and sports, I have concerns about the athletic department's handling of Title IX complaints and the overall culture of accountability.,26,3.3,2,1,F,Soudan, i have concerns about the athletic departments handling of title ix complaints and the overall culture of accountability, I have concerns about the athletic department's handling of Title IX complaints and the overall culture of accountability.,5.189727,15.490271,1,0.3473,Negative,-0.4019,Cluster 1,📌 Sports Issues
Athletics and sports, The athletic facilities should be more accessible and accommodating for students with disabilities.,23,1.91,2,1,M,Soudan, the athletic facilities should be more accessible and accommodating for students with disabilities, The athletic facilities should be more accessible and accommodating for students with disabilities.,5.692345,13.924963,1,0.98,Neutral,0.0,Cluster 1,📌 Sports Issues
Athletics and sports, I am concerned about the lack of diversity and representation among the student-athletes themselves. It's important for all students to have equal opportunities.,25,3.15,2,1,F,Soudan, i am concerned about the lack of diversity and representation among the studentathletes themselves its important for all students to have equal opportunities, I am concerned about the lack of diversity and representation among the student-athletes themselves. It's important for all students to have equal opportunities.,9.876447,11.990798,5,0.9542,Positive,0.2732,Cluster 5,🌍 Diversity & Inclusion Support
Athletics and sports, It's disappointing to see the lack of support and attention given to non-varsity sports programs on campus.,24,2.61,2,1,M,Soudan, its disappointing to see the lack of support and attention given to nonvarsity sports programs on campus, It's disappointing to see the lack of support and attention given to non-varsity sports programs on campus.,5.7740817,14.363137,1,0.98,Negative,-0.4215,Cluster 1,📌 Sports Issues
Athletics and sports," The athletic department should prioritize the mental and physical health of all athletes, regardless of their level of competition.",22,2.98,4,1,M,Soudan, the athletic department should prioritize the mental and physical health of all athletes regardless of their level of competition," The athletic department should prioritize the mental and physical health of all athletes, regardless of their level of competition.",5.241825,14.6706085,1,0.98,Neutral,0.0,Cluster 1,📌 Sports Issues
Athletics and sports, I am frustrated with the inconsistent and often late communication from coaches and athletic staff.,24,3.97,1,1,M,Soudan, i am frustrated with the inconsistent and often late communication from coaches and athletic staff, I am frustrated with the inconsistent and often late communication from coaches and athletic staff.,5.2658877,13.709166,1,0.9229,Negative,-0.5267,Cluster 1,📌 Sports Issues
Athletics and sports," It's important for the university to prioritize the safety of all athletes, including implementing proper safety protocols and resources for injuries.",20,0.45,2,1,M,Soudan, its important for the university to prioritize the safety of all athletes including implementing proper safety protocols and resources for injuries," It's important for the university to prioritize the safety of all athletes, including implementing proper safety protocols and resources for injuries.",5.247179,14.688434,1,0.98,Positive,0.7506,Cluster 1,📌 Sports Issues
Athletics and sports, The university should invest in more preventative measures to avoid sports-related injuries and promote overall wellness.,22,1.26,4,1,F,Soudan, the university should invest in more preventative measures to avoid sportsrelated injuries and promote overall wellness, The university should invest in more preventative measures to avoid sports-related injuries and promote overall wellness.,5.2853994,14.622916,1,0.98,Positive,0.5106,Cluster 1,📌 Sports Issues
Athletics and sports, The gender disparities in sports must be addressed and rectified to ensure equal opportunities for all students.,22,2.21,3,1,F,Soudan, the gender disparities in sports must be addressed and rectified to ensure equal opportunities for all students, The gender disparities in sports must be addressed and rectified to ensure equal opportunities for all students.,5.099558,16.823698,1,0.1347,Positive,0.6369,Cluster 1,📌 Sports Issues
Career opportunities,There seems to be a scarcity of available internships and job openings in my field of study.,19,1.16,2,1,M,Soudan,there seems to be a scarcity of available internships and job openings in my field of study,There seems to be a scarcity of available internships and job openings in my field of study.,11.666094,8.659541,6,0.98,Neutral,0.0,Cluster 6,💼 Career & Internship Opportunities
Career opportunities,There seems to be a scarcity of available internships and job openings in my field of study.,16,0.61,5,1,M,Soudan,there seems to be a scarcity of available internships and job openings in my field of study,There seems to be a scarcity of available internships and job openings in my field of study.,11.651363,8.622295,6,0.98,Neutral,0.0,Cluster 6,💼 Career & Internship Opportunities
Career opportunities,I'm having a hard time finding suitable job opportunities that align with my career goals.,16,2.3,5,1,F,Egypt,im having a hard time finding suitable job opportunities that align with my career goals,I'm having a hard time finding suitable job opportunities that align with my career goals.,11.032641,7.8104973,6,0.98,Positive,0.296,Cluster 6,💼 Career & Internship Opportunities
Career opportunities,The lack of available networking opportunities makes it difficult to connect with professionals in my desired field.,17,1.89,4,1,F,Egypt,the lack of available networking opportunities makes it difficult to connect with professionals in my desired field,The lack of available networking opportunities makes it difficult to connect with professionals in my desired field.,10.33527,9.594284,6,0.98,Neutral,-0.0258,Cluster 6,💼 Career & Internship Opportunities
Career opportunities,The professional development opportunities offered by the university are limited and not sufficient to meet the demands of the job market.,18,0.56,4,1,M,Egypt,the professional development opportunities offered by the university are limited and not sufficient to meet the demands of the job market,The professional development opportunities offered by the university are limited and not sufficient to meet the demands of the job market.,11.038142,8.796045,6,0.98,Positive,0.1779,Cluster 6,💼 Career & Internship Opportunities
Career opportunities,I feel like I'm competing with too many students for the limited number of internship and job opportunities available.,25,0.21,4,1,M,Egypt,i feel like im competing with too many students for the limited number of internship and job opportunities available,I feel like I'm competing with too many students for the limited number of internship and job opportunities available.,11.602346,8.581907,6,0.98,Positive,0.5423,Cluster 6,💼 Career & Internship Opportunities
Career opportunities,"Despite my efforts, I'm struggling to find job openings that match my qualifications and experience.",23,2.82,4,1,F,Egypt,despite my efforts im struggling to find job openings that match my qualifications and experience,"Despite my efforts, I'm struggling to find job openings that match my qualifications and experience.",11.008041,8.07115,6,0.98,Negative,-0.4215,Cluster 6,💼 Career & Internship Opportunities
Career opportunities,The university needs to do more to provide networking opportunities for students to connect with alumni and other professionals.,16,3.65,5,1,M,Egypt,the university needs to do more to provide networking opportunities for students to connect with alumni and other professionals,The university needs to do more to provide networking opportunities for students to connect with alumni and other professionals.,10.344345,9.763388,6,0.98,Positive,0.3818,Cluster 6,💼 Career & Internship Opportunities
Career opportunities,The career services office should offer more resources to help students navigate the job market and find suitable employment.,24,3.95,4,1,M,Egypt,the career services office should offer more resources to help students navigate the job market and find suitable employment,The career services office should offer more resources to help students navigate the job market and find suitable employment.,10.914109,9.22441,6,0.98,Positive,0.4522,Cluster 6,💼 Career & Internship Opportunities
Career opportunities,The lack of internships and job opportunities is making it difficult for me to gain practical experience in my field.,16,0.09,4,1,F,Egypt,the lack of internships and job opportunities is making it difficult for me to gain practical experience in my field,The lack of internships and job opportunities is making it difficult for me to gain practical experience in my field.,11.556442,8.609825,6,0.98,Positive,0.296,Cluster 6,💼 Career & Internship Opportunities
Career opportunities,I feel like I'm at a disadvantage in the job market due to the limited professional development opportunities provided by the university.,18,3.8,4,1,M,Egypt,i feel like im at a disadvantage in the job market due to the limited professional development opportunities provided by the university,I feel like I'm at a disadvantage in the job market due to the limited professional development opportunities provided by the university.,11.085784,8.631557,6,0.98,Positive,0.1027,Cluster 6,💼 Career & Internship Opportunities
Career opportunities,The university should offer more career fairs and networking events to help students connect with potential employers.,20,1.28,5,1,F,Egypt,the university should offer more career fairs and networking events to help students connect with potential employers,The university should offer more career fairs and networking events to help students connect with potential employers.,10.5899725,9.61876,6,0.98,Positive,0.4019,Cluster 6,💼 Career & Internship Opportunities
Career opportunities,It's frustrating to constantly come across dead ends when searching for job opportunities in my field.,16,1.11,4,1,F,Egypt,its frustrating to constantly come across dead ends when searching for job opportunities in my field,It's frustrating to constantly come across dead ends when searching for job opportunities in my field.,11.097827,7.989987,6,0.98,Negative,-0.6808,Cluster 6,💼 Career & Internship Opportunities
Career opportunities,"The competition for available internships and job openings is extremely high, making it even more difficult to secure employment.",27,0.6,4,1,M,Egypt,the competition for available internships and job openings is extremely high making it even more difficult to secure employment,"The competition for available internships and job openings is extremely high, making it even more difficult to secure employment.",11.507853,8.385761,6,0.98,Neutral,-0.0334,Cluster 6,💼 Career & Internship Opportunities
Career opportunities,The university needs to offer more workshops and training programs to help students develop the necessary skills for the job market.,26,1.6,5,1,M,Egypt,the university needs to offer more workshops and training programs to help students develop the necessary skills for the job market,The university needs to offer more workshops and training programs to help students develop the necessary skills for the job market.,10.740607,9.377293,6,0.98,Positive,0.4019,Cluster 6,💼 Career & Internship Opportunities
Career opportunities,The job search process has been extremely challenging and time-consuming due to the lack of available job opportunities.,26,0.13,5,1,F,Egypt,the job search process has been extremely challenging and timeconsuming due to the lack of available job opportunities,The job search process has been extremely challenging and time-consuming due to the lack of available job opportunities.,11.163278,8.115218,6,0.98,Positive,0.2944,Cluster 6,💼 Career & Internship Opportunities
Career opportunities,The university should work to establish more partnerships with companies and organizations to increase the availability of internships and job openings.,24,2.89,4,1,F,Egypt,the university should work to establish more partnerships with companies and organizations to increase the availability of internships and job openings,The university should work to establish more partnerships with companies and organizations to increase the availability of internships and job openings.,11.035177,9.423771,6,0.98,Positive,0.3182,Cluster 6,💼 Career & Internship Opportunities
Career opportunities,I'm having trouble finding job opportunities that offer the pay and benefits I need to support myself financially.,21,1.62,4,1,M,Egypt,im having trouble finding job opportunities that offer the pay and benefits i need to support myself financially,I'm having trouble finding job opportunities that offer the pay and benefits I need to support myself financially.,8.155417,6.432757,4,0.98,Positive,0.5859,Cluster 4,💰 Financial Aid & Administration
Career opportunities,The limited availability of job opportunities is causing me a great deal of stress and anxiety about my future career prospects.,27,0.67,5,1,F,Egypt,the limited availability of job opportunities is causing me a great deal of stress and anxiety about my future career prospects,The limited availability of job opportunities is causing me a great deal of stress and anxiety about my future career prospects.,11.494573,8.058412,6,0.98,Positive,0.5423,Cluster 6,💼 Career & Internship Opportunities
Career opportunities,The university should provide more resources for students to learn about job opportunities outside of their immediate area.,25,0.33,4,1,M,Egypt,the university should provide more resources for students to learn about job opportunities outside of their immediate area,The university should provide more resources for students to learn about job opportunities outside of their immediate area.,10.790039,9.273034,6,0.98,Positive,0.3818,Cluster 6,💼 Career & Internship Opportunities
Career opportunities,The lack of job opportunities is discouraging and makes me feel like I wasted my time and money on my education.,23,1.24,4,1,M,Egypt,the lack of job opportunities is discouraging and makes me feel like i wasted my time and money on my education,The lack of job opportunities is discouraging and makes me feel like I wasted my time and money on my education.,11.327556,7.9217377,6,0.98,Negative,-0.5106,Cluster 6,💼 Career & Internship Opportunities
Career opportunities,It's frustrating to have limited options when it comes to finding a job in my desired field of work.,19,1.16,5,1,M,Egypt,its frustrating to have limited options when it comes to finding a job in my desired field of work,It's frustrating to have limited options when it comes to finding a job in my desired field of work.,11.138779,7.954858,6,0.98,Negative,-0.4019,Cluster 6,💼 Career & Internship Opportunities
Career opportunities,The university should provide more resources to help students develop the necessary networking skills to succeed in the job market.,16,2.25,4,1,M,Egypt,the university should provide more resources to help students develop the necessary networking skills to succeed in the job market,The university should provide more resources to help students develop the necessary networking skills to succeed in the job market.,10.571457,9.517372,6,0.98,Positive,0.7322,Cluster 6,💼 Career & Internship Opportunities
Career opportunities,The scarcity of job opportunities is a major barrier to achieving my career goals and aspirations.,19,0.51,4,1,F,Egypt,the scarcity of job opportunities is a major barrier to achieving my career goals and aspirations,The scarcity of job opportunities is a major barrier to achieving my career goals and aspirations.,11.294564,7.8921037,6,0.98,Positive,0.204,Cluster 6,💼 Career & Internship Opportunities
Career opportunities,I'm finding it difficult to secure a job due to the limited number of available opportunities in my field of study.,18,2.56,5,1,F,Egypt,im finding it difficult to secure a job due to the limited number of available opportunities in my field of study,I'm finding it difficult to secure a job due to the limited number of available opportunities in my field of study.,11.3422785,8.208378,6,0.98,Positive,0.2263,Cluster 6,💼 Career & Internship Opportunities
Career opportunities,The university should provide more resources to help students create and maintain professional connections in their desired field of work.,18,0.31,4,1,F,Egypt,the university should provide more resources to help students create and maintain professional connections in their desired field of work,The university should provide more resources to help students create and maintain professional connections in their desired field of work.,10.689539,9.435887,6,0.98,Positive,0.7322,Cluster 6,💼 Career & Internship Opportunities
Career opportunities,The lack of available internships and job opportunities is causing me to reconsider my career path.,25,3.98,5,1,F,Egypt,the lack of available internships and job opportunities is causing me to reconsider my career path,The lack of available internships and job opportunities is causing me to reconsider my career path.,11.611943,8.465307,6,0.98,Positive,0.0772,Cluster 6,💼 Career & Internship Opportunities
Career opportunities,It's challenging to stay motivated and optimistic when there are so few job opportunities available.,17,0.87,4,1,M,Egypt,its challenging to stay motivated and optimistic when there are so few job opportunities available,It's challenging to stay motivated and optimistic when there are so few job opportunities available.,11.392126,7.957903,6,0.98,Positive,0.83,Cluster 6,💼 Career & Internship Opportunities
Career opportunities,The university should provide more guidance and support to students as they navigate the job search process.,18,2.26,5,1,F,Egypt,the university should provide more guidance and support to students as they navigate the job search process,The university should provide more guidance and support to students as they navigate the job search process.,10.836346,9.218982,6,0.98,Positive,0.4522,Cluster 6,💼 Career & Internship Opportunities
Career opportunities,The limited number of job opportunities is making it difficult for me to build a successful career after graduation.,25,1.16,4,1,M,Egypt,the limited number of job opportunities is making it difficult for me to build a successful career after graduation,The limited number of job opportunities is making it difficult for me to build a successful career after graduation.,11.240565,7.9881063,6,0.98,Positive,0.5106,Cluster 6,💼 Career & Internship Opportunities
Career opportunities,The university needs to work on expanding its network of potential employers and job opportunities for students.,18,3.15,5,1,F,Egypt,the university needs to work on expanding its network of potential employers and job opportunities for students,The university needs to work on expanding its network of potential employers and job opportunities for students.,10.884701,9.398464,6,0.98,Positive,0.3818,Cluster 6,💼 Career & Internship Opportunities
Career opportunities,"The university does not provide enough opportunities for internships or jobs in my field of study, making it difficult to gain practical experience.",22,2.85,4,1,M,Egypt,the university does not provide enough opportunities for internships or jobs in my field of study making it difficult to gain practical experience,"The university does not provide enough opportunities for internships or jobs in my field of study, making it difficult to gain practical experience.",11.336535,8.696976,6,0.98,Negative,-0.0731,Cluster 6,💼 Career & Internship Opportunities
Career opportunities,"As a recent graduate, I am struggling to find job opportunities that align with my career goals.",17,1.68,4,1,M,Egypt,as a recent graduate i am struggling to find job opportunities that align with my career goals,"As a recent graduate, I am struggling to find job opportunities that align with my career goals.",11.058999,7.857443,6,0.98,Negative,-0.0516,Cluster 6,💼 Career & Internship Opportunities
Career opportunities,"Despite my efforts to network, I have not been able to find any meaningful connections that could lead to job or internship opportunities.",23,3.6,4,1,M,Egypt,despite my efforts to network i have not been able to find any meaningful connections that could lead to job or internship opportunities,"Despite my efforts to network, I have not been able to find any meaningful connections that could lead to job or internship opportunities.",11.424777,8.50238,6,0.98,Positive,0.5994,Cluster 6,💼 Career & Internship Opportunities
Career opportunities,The lack of available internships and job opportunities in my area of study is concerning and makes me worried about my future prospects.,17,0.67,4,1,F,Egypt,the lack of available internships and job opportunities in my area of study is concerning and makes me worried about my future prospects,The lack of available internships and job opportunities in my area of study is concerning and makes me worried about my future prospects.,11.659617,8.5732765,6,0.98,Positive,0.0772,Cluster 6,💼 Career & Internship Opportunities
Career opportunities,I have found it challenging to secure an internship or job due to the competitive nature of the job market.,21,3.1,5,1,M,Egypt,i have found it challenging to secure an internship or job due to the competitive nature of the job market,I have found it challenging to secure an internship or job due to the competitive nature of the job market.,11.464877,8.283309,6,0.98,Positive,0.5719,Cluster 6,💼 Career & Internship Opportunities
Career opportunities,"It is frustrating to see job postings that require years of experience, making it difficult for recent graduates to break into their desired field.",25,0.02,4,1,M,Egypt,it is frustrating to see job postings that require years of experience making it difficult for recent graduates to break into their desired field,"It is frustrating to see job postings that require years of experience, making it difficult for recent graduates to break into their desired field.",11.2259,8.404023,6,0.98,Negative,-0.5106,Cluster 6,💼 Career & Internship Opportunities
Career opportunities,I am having trouble finding job opportunities that match my qualifications and skillset.,21,0.94,4,1,M,Egypt,i am having trouble finding job opportunities that match my qualifications and skillset,I am having trouble finding job opportunities that match my qualifications and skillset.,11.023262,7.875022,6,0.98,Neutral,-0.0258,Cluster 6,💼 Career & Internship Opportunities
Career opportunities,"Despite attending career fairs and networking events, I have not been able to secure any internships or job offers.",18,2.17,5,1,M,Egypt,despite attending career fairs and networking events i have not been able to secure any internships or job offers,"Despite attending career fairs and networking events, I have not been able to secure any internships or job offers.",11.483203,8.360676,6,0.98,Positive,0.34,Cluster 6,💼 Career & Internship Opportunities
Career opportunities,The university should offer more career development programs to help students find job and internship opportunities.,17,3.4,4,1,F,Egypt,the university should offer more career development programs to help students find job and internship opportunities,The university should offer more career development programs to help students find job and internship opportunities.,11.028166,9.315468,6,0.98,Positive,0.6486,Cluster 6,💼 Career & Internship Opportunities
Career opportunities,The lack of job and internship opportunities available to students in my program is disappointing and concerning.,19,1.83,5,1,M,Egypt,the lack of job and internship opportunities available to students in my program is disappointing and concerning,The lack of job and internship opportunities available to students in my program is disappointing and concerning.,11.539098,8.798897,6,0.98,Negative,-0.4404,Cluster 6,💼 Career & Internship Opportunities
Career opportunities,The process of finding job opportunities has been overwhelming and confusing for me.,22,1.99,5,1,M,Egypt,the process of finding job opportunities has been overwhelming and confusing for me,The process of finding job opportunities has been overwhelming and confusing for me.,11.015928,8.074888,6,0.98,Positive,0.1779,Cluster 6,💼 Career & Internship Opportunities
Career opportunities,I feel as though I am competing with too many other candidates for the few job opportunities available in my field.,26,1.98,5,1,M,Egypt,i feel as though i am competing with too many other candidates for the few job opportunities available in my field,I feel as though I am competing with too many other candidates for the few job opportunities available in my field.,11.36242,8.232009,6,0.98,Positive,0.3818,Cluster 6,💼 Career & Internship Opportunities
Career opportunities,The university should do more to connect students with potential employers to increase internship and job opportunities.,26,3.01,5,1,M,Egypt,the university should do more to connect students with potential employers to increase internship and job opportunities,The university should do more to connect students with potential employers to increase internship and job opportunities.,11.048459,9.385429,6,0.98,Positive,0.5994,Cluster 6,💼 Career & Internship Opportunities
Career opportunities,"I have been struggling to find job opportunities that pay a fair wage, making it difficult to support myself financially.",19,0.82,5,1,F,Egypt,i have been struggling to find job opportunities that pay a fair wage making it difficult to support myself financially,"I have been struggling to find job opportunities that pay a fair wage, making it difficult to support myself financially.",8.082017,6.5332637,4,0.98,Positive,0.2263,Cluster 4,💰 Financial Aid & Administration
Career opportunities,The current job market is so competitive that it feels impossible to find meaningful employment opportunities.,23,1.05,5,1,F,Egypt,the current job market is so competitive that it feels impossible to find meaningful employment opportunities,The current job market is so competitive that it feels impossible to find meaningful employment opportunities.,11.248159,8.18886,6,0.98,Positive,0.7304,Cluster 6,💼 Career & Internship Opportunities
Career opportunities,I have found it challenging to find job opportunities that match my specific interests and career goals.,26,0.41,4,1,M,Egypt,i have found it challenging to find job opportunities that match my specific interests and career goals,I have found it challenging to find job opportunities that match my specific interests and career goals.,11.0831785,7.892378,6,0.98,Positive,0.6369,Cluster 6,💼 Career & Internship Opportunities
Career opportunities,The university's career services department does not provide enough resources or support for students seeking internships or jobs.,20,3.33,5,1,M,Egypt,the universitys career services department does not provide enough resources or support for students seeking internships or jobs,The university's career services department does not provide enough resources or support for students seeking internships or jobs.,11.360265,8.980943,6,0.98,Positive,0.4019,Cluster 6,💼 Career & Internship Opportunities
Career opportunities,"I have been applying to job opportunities for months with no luck, which is demoralizing and frustrating.",21,0.45,5,1,M,Egypt,i have been applying to job opportunities for months with no luck which is demoralizing and frustrating,"I have been applying to job opportunities for months with no luck, which is demoralizing and frustrating.",11.040839,8.144092,6,0.98,Negative,-0.4176,Cluster 6,💼 Career & Internship Opportunities
Career opportunities,The limited number of internship and job opportunities available in my area makes me concerned about my future career prospects.,22,2.33,4,1,F,Egypt,the limited number of internship and job opportunities available in my area makes me concerned about my future career prospects,The limited number of internship and job opportunities available in my area makes me concerned about my future career prospects.,11.681442,8.4545555,6,0.98,Positive,0.4939,Cluster 6,💼 Career & Internship Opportunities
Career opportunities,I am struggling to find job opportunities that offer the type of work-life balance that I desire.,24,3.24,5,1,F,Egypt,i am struggling to find job opportunities that offer the type of worklife balance that i desire,I am struggling to find job opportunities that offer the type of work-life balance that I desire.,11.040009,7.7504478,6,0.98,Positive,0.3612,Cluster 6,💼 Career & Internship Opportunities
Career opportunities,The university should do more to create partnerships with employers to increase internship and job opportunities for students.,16,1.37,4,1,M,Egypt,the university should do more to create partnerships with employers to increase internship and job opportunities for students,The university should do more to create partnerships with employers to increase internship and job opportunities for students.,11.020522,9.454141,6,0.98,Positive,0.7414,Cluster 6,💼 Career & Internship Opportunities
Career opportunities,"Despite having a strong resume and relevant experience, I have not been able to find any job opportunities in my field.",23,2.36,4,1,F,Egypt,despite having a strong resume and relevant experience i have not been able to find any job opportunities in my field,"Despite having a strong resume and relevant experience, I have not been able to find any job opportunities in my field.",11.122669,8.029429,6,0.98,Neutral,-0.0263,Cluster 6,💼 Career & Internship Opportunities
Career opportunities,The lack of job and internship opportunities available to students in my program is a major issue that needs to be addressed by the university.,16,1.95,4,1,F,Egypt,the lack of job and internship opportunities available to students in my program is a major issue that needs to be addressed by the university,The lack of job and internship opportunities available to students in my program is a major issue that needs to be addressed by the university.,11.416388,8.925139,6,0.98,Positive,0.0772,Cluster 6,💼 Career & Internship Opportunities
Career opportunities,The current job market is so competitive that it is difficult to stand out and secure job opportunities.,26,2.37,4,1,F,Egypt,the current job market is so competitive that it is difficult to stand out and secure job opportunities,The current job market is so competitive that it is difficult to stand out and secure job opportunities.,11.265775,8.232873,6,0.98,Positive,0.5777,Cluster 6,💼 Career & Internship Opportunities
Career opportunities,I have been struggling to find job opportunities that align with my values and ethics.,21,3.09,5,1,F,Egypt,i have been struggling to find job opportunities that align with my values and ethics,I have been struggling to find job opportunities that align with my values and ethics.,10.974206,7.763062,6,0.98,Positive,0.3612,Cluster 6,💼 Career & Internship Opportunities
Career opportunities,"Despite attending job fairs and applying to numerous opportunities, I have not received any job offers or even interviews.",19,1.7,4,1,M,Egypt,despite attending job fairs and applying to numerous opportunities i have not received any job offers or even interviews,"Despite attending job fairs and applying to numerous opportunities, I have not received any job offers or even interviews.",11.189536,8.042716,6,0.98,Positive,0.3818,Cluster 6,💼 Career & Internship Opportunities
Career opportunities,The university should offer more support to non-traditional students seeking internships or jobs.,18,1.21,5,1,M,Egypt,the university should offer more support to nontraditional students seeking internships or jobs,The university should offer more support to non-traditional students seeking internships or jobs.,11.131787,9.239073,6,0.98,Positive,0.4576,Cluster 6,💼 Career & Internship Opportunities
Career opportunities,"I have been applying to job opportunities outside of my field of study in hopes of finding something, but it has been difficult to make any progress.",19,0.53,4,1,M,Egypt,i have been applying to job opportunities outside of my field of study in hopes of finding something but it has been difficult to make any progress,"I have been applying to job opportunities outside of my field of study in hopes of finding something, but it has been difficult to make any progress.",11.037567,8.126777,6,0.98,Positive,0.4854,Cluster 6,💼 Career & Internship Opportunities
Career opportunities,I feel as though I am competing with students from more prestigious universities for the same job opportunities.,24,0.37,4,1,M,Egypt,i feel as though i am competing with students from more prestigious universities for the same job opportunities,I feel as though I am competing with students from more prestigious universities for the same job opportunities.,11.21851,8.516974,6,0.98,Positive,0.3818,Cluster 6,💼 Career & Internship Opportunities
Career opportunities,The lack of job and internship opportunities available to students is a major concern for those who want to gain practical experience and start their careers.,21,1.36,4,1,M,Egypt,the lack of job and internship opportunities available to students is a major concern for those who want to gain practical experience and start their careers,The lack of job and internship opportunities available to students is a major concern for those who want to gain practical experience and start their careers.,11.586796,8.650332,6,0.98,Positive,0.6124,Cluster 6,💼 Career & Internship Opportunities
Career opportunities,"I have been struggling to find any job opportunities in my field, despite constantly checking job boards and reaching out to alumni for networking.",23,2.68,5,1,F,Egypt,i have been struggling to find any job opportunities in my field despite constantly checking job boards and reaching out to alumni for networking,"I have been struggling to find any job opportunities in my field, despite constantly checking job boards and reaching out to alumni for networking.",11.085812,8.102654,6,0.98,Positive,0.1531,Cluster 6,💼 Career & Internship Opportunities
Career opportunities,The university needs to provide more support for students looking for internships. The current resources are limited and not very helpful.,23,0.03,5,1,F,Egypt,the university needs to provide more support for students looking for internships the current resources are limited and not very helpful,The university needs to provide more support for students looking for internships. The current resources are limited and not very helpful.,11.375474,9.047607,6,0.98,Negative,-0.1169,Cluster 6,💼 Career & Internship Opportunities
Career opportunities,I feel like I'm missing out on important networking opportunities because the university doesn't offer many events or programs for students to connect with professionals.,18,3.93,4,1,F,Egypt,i feel like im missing out on important networking opportunities because the university doesnt offer many events or programs for students to connect with professionals,I feel like I'm missing out on important networking opportunities because the university doesn't offer many events or programs for students to connect with professionals.,10.268202,9.8016815,6,0.98,Positive,0.5719,Cluster 6,💼 Career & Internship Opportunities
Career opportunities,The job market is highly competitive and it's frustrating to have limited opportunities for professional development.,18,3.79,5,1,F,Egypt,the job market is highly competitive and its frustrating to have limited opportunities for professional development,The job market is highly competitive and it's frustrating to have limited opportunities for professional development.,11.140228,8.419439,6,0.98,Negative,-0.0534,Cluster 6,💼 Career & Internship Opportunities
Career opportunities,I wish there were more job fairs or career events at the university. It's hard to find opportunities on my own.,19,1.66,4,1,F,Egypt,i wish there were more job fairs or career events at the university its hard to find opportunities on my own,I wish there were more job fairs or career events at the university. It's hard to find opportunities on my own.,10.5891695,9.582522,6,0.98,Positive,0.5994,Cluster 6,💼 Career & Internship Opportunities
Career opportunities,The university needs to do more to connect students with alumni who work in their fields of interest. It's difficult to find those connections on our own.,18,1.8,4,1,M,Egypt,the university needs to do more to connect students with alumni who work in their fields of interest its difficult to find those connections on our own,The university needs to do more to connect students with alumni who work in their fields of interest. It's difficult to find those connections on our own.,10.377617,9.770738,6,0.98,Positive,0.128,Cluster 6,💼 Career & Internship Opportunities
Career opportunities,"Finding job opportunities has been a challenge, especially since many require years of experience that I don't have as a student.",17,1.13,5,1,M,Egypt,finding job opportunities has been a challenge especially since many require years of experience that i dont have as a student,"Finding job opportunities has been a challenge, especially since many require years of experience that I don't have as a student.",11.16589,8.1686325,6,0.98,Positive,0.4404,Cluster 6,💼 Career & Internship Opportunities
Career opportunities,The university needs to offer more workshops and training sessions to help students improve their networking and job-seeking skills.,19,0.75,5,1,M,Egypt,the university needs to offer more workshops and training sessions to help students improve their networking and jobseeking skills,The university needs to offer more workshops and training sessions to help students improve their networking and job-seeking skills.,10.532677,9.575773,6,0.98,Positive,0.6808,Cluster 6,💼 Career & Internship Opportunities
Career opportunities,Limited internship opportunities have made it hard for me to gain practical experience in my field before graduation.,19,3.6,4,1,F,Egypt,limited internship opportunities have made it hard for me to gain practical experience in my field before graduation,Limited internship opportunities have made it hard for me to gain practical experience in my field before graduation.,11.61754,8.616068,6,0.98,Positive,0.5719,Cluster 6,💼 Career & Internship Opportunities
Career opportunities,I feel like I'm on my own when it comes to finding job opportunities. The university should offer more support and guidance in this area.,25,0.21,4,1,M,Egypt,i feel like im on my own when it comes to finding job opportunities the university should offer more support and guidance in this area,I feel like I'm on my own when it comes to finding job opportunities. The university should offer more support and guidance in this area.,10.891337,8.970383,6,0.98,Positive,0.796,Cluster 6,💼 Career & Internship Opportunities
Career opportunities,"Networking is a crucial part of career development, but I feel like I'm not getting enough exposure to professionals in my field.",24,1.53,4,1,M,Egypt,networking is a crucial part of career development but i feel like im not getting enough exposure to professionals in my field,"Networking is a crucial part of career development, but I feel like I'm not getting enough exposure to professionals in my field.",10.410144,9.351854,6,0.98,Positive,0.5023,Cluster 6,💼 Career & Internship Opportunities
Career opportunities,The university should partner with more companies to offer internships and job opportunities to students.,27,0.9,4,1,F,Egypt,the university should partner with more companies to offer internships and job opportunities to students,The university should partner with more companies to offer internships and job opportunities to students.,11.034434,9.437365,6,0.98,Positive,0.3818,Cluster 6,💼 Career & Internship Opportunities
Career opportunities,"I've applied to numerous internships and jobs, but haven't had any luck. It's discouraging and I wish the university could do more to help.",20,0.79,4,1,F,Egypt,ive applied to numerous internships and jobs but havent had any luck its discouraging and i wish the university could do more to help,"I've applied to numerous internships and jobs, but haven't had any luck. It's discouraging and I wish the university could do more to help.",11.175875,8.82091,6,0.98,Positive,0.1148,Cluster 6,💼 Career & Internship Opportunities
Career opportunities,It's frustrating to see job postings for entry-level positions that require years of experience. How are students supposed to gain that experience?,23,0.72,4,1,F,Egypt,its frustrating to see job postings for entrylevel positions that require years of experience how are students supposed to gain that experience,It's frustrating to see job postings for entry-level positions that require years of experience. How are students supposed to gain that experience?,11.217916,8.63608,6,0.98,Positive,0.128,Cluster 6,💼 Career & Internship Opportunities
Career opportunities,The university should offer more courses or programs that focus on job searching and professional development.,22,2.0,5,1,F,Egypt,the university should offer more courses or programs that focus on job searching and professional development,The university should offer more courses or programs that focus on job searching and professional development.,10.845841,9.150395,6,0.98,Neutral,0.0,Cluster 6,💼 Career & Internship Opportunities
Career opportunities,"Limited job opportunities have forced me to consider alternative career paths, which is disappointing.",22,2.77,4,1,F,Egypt,limited job opportunities have forced me to consider alternative career paths which is disappointing,"Limited job opportunities have forced me to consider alternative career paths, which is disappointing.",11.339115,7.8673387,6,0.98,Negative,-0.6705,Cluster 6,💼 Career & Internship Opportunities
Career opportunities,"I wish there were more opportunities to connect with professionals outside of the university, like networking events or mentorship programs.",26,2.03,4,1,F,Egypt,i wish there were more opportunities to connect with professionals outside of the university like networking events or mentorship programs,"I wish there were more opportunities to connect with professionals outside of the university, like networking events or mentorship programs.",10.22933,9.95726,6,0.98,Positive,0.796,Cluster 6,💼 Career & Internship Opportunities
Career opportunities,Finding job opportunities feels like a full-time job in itself. The university should do more to make this process easier for students.,16,2.58,5,1,M,Egypt,finding job opportunities feels like a fulltime job in itself the university should do more to make this process easier for students,Finding job opportunities feels like a full-time job in itself. The university should do more to make this process easier for students.,10.910683,9.177659,6,0.98,Positive,0.7845,Cluster 6,💼 Career & Internship Opportunities
Career opportunities,"Internships are essential for building experience and connections in my field, but there aren't many available through the university.",23,1.01,5,1,M,Egypt,internships are essential for building experience and connections in my field but there arent many available through the university,"Internships are essential for building experience and connections in my field, but there aren't many available through the university.",11.682715,8.765394,6,0.98,Neutral,0.0,Cluster 6,💼 Career & Internship Opportunities
Career opportunities,"Networking can be intimidating, especially for introverted students. The university should offer more support and resources to help all students succeed.",18,2.33,5,1,M,Egypt,networking can be intimidating especially for introverted students the university should offer more support and resources to help all students succeed,"Networking can be intimidating, especially for introverted students. The university should offer more support and resources to help all students succeed.",10.301156,9.787134,6,0.98,Positive,0.7178,Cluster 6,💼 Career & Internship Opportunities
Career opportunities,"I've applied to several jobs that I was qualified for, but never heard back. It's frustrating and I wish the university could offer more guidance in this area.",17,2.44,5,1,F,Egypt,ive applied to several jobs that i was qualified for but never heard back its frustrating and i wish the university could offer more guidance in this area,"I've applied to several jobs that I was qualified for, but never heard back. It's frustrating and I wish the university could offer more guidance in this area.",11.01917,8.745544,6,0.98,Negative,-0.0772,Cluster 6,💼 Career & Internship Opportunities
Career opportunities,The university should work with local businesses and organizations to offer more job opportunities to students.,20,2.06,5,1,F,Egypt,the university should work with local businesses and organizations to offer more job opportunities to students,The university should work with local businesses and organizations to offer more job opportunities to students.,10.989165,9.4437,6,0.98,Positive,0.4364,Cluster 6,💼 Career & Internship Opportunities
Career opportunities,It's difficult to find job opportunities that are relevant to my interests and skills. The university should do more to tailor resources to different majors and fields.,25,0.18,4,1,M,Egypt,its difficult to find job opportunities that are relevant to my interests and skills the university should do more to tailor resources to different majors and fields,It's difficult to find job opportunities that are relevant to my interests and skills. The university should do more to tailor resources to different majors and fields.,11.033593,8.689547,6,0.98,Positive,0.2732,Cluster 6,💼 Career & Internship Opportunities
Career opportunities,Limited job opportunities have made me question whether I should continue pursuing my chosen career path.,16,1.71,5,1,F,Egypt,limited job opportunities have made me question whether i should continue pursuing my chosen career path,Limited job opportunities have made me question whether I should continue pursuing my chosen career path.,11.354169,7.894454,6,0.98,Positive,0.1779,Cluster 6,💼 Career & Internship Opportunities
Career opportunities,I wish the university offered more opportunities for students to shadow professionals or gain hands-on experience in their fields.,18,2.11,4,1,F,Egypt,i wish the university offered more opportunities for students to shadow professionals or gain handson experience in their fields,I wish the university offered more opportunities for students to shadow professionals or gain hands-on experience in their fields.,10.376479,10.212833,6,0.911,Positive,0.8399,Cluster 6,💼 Career & Internship Opportunities
Career opportunities,"Networking events hosted by the university are often poorly attended, which makes it hard to connect with professionals.",25,2.96,5,1,M,Egypt,networking events hosted by the university are often poorly attended which makes it hard to connect with professionals,"Networking events hosted by the university are often poorly attended, which makes it hard to connect with professionals.",10.224487,9.773057,6,0.98,Negative,-0.1027,Cluster 6,💼 Career & Internship Opportunities
Career opportunities,"I've tried to reach out to alumni for networking opportunities, but haven't had much luck. The university should offer more support in connecting students with alumni.",27,1.77,5,1,M,Egypt,ive tried to reach out to alumni for networking opportunities but havent had much luck the university should offer more support in connecting students with alumni,"I've tried to reach out to alumni for networking opportunities, but haven't had much luck. The university should offer more support in connecting students with alumni.",10.335071,9.798933,6,0.98,Positive,0.3858,Cluster 6,💼 Career & Internship Opportunities
Career opportunities,The university should partner with more companies to offer job opportunities specifically for recent graduates.,25,2.6,5,1,F,Egypt,the university should partner with more companies to offer job opportunities specifically for recent graduates,The university should partner with more companies to offer job opportunities specifically for recent graduates.,11.052885,9.409436,6,0.98,Positive,0.3818,Cluster 6,💼 Career & Internship Opportunities
Financial Support, I'm not sure I'll be able to afford to finish my degree because of how much debt I've already accumulated.,17,0.87,5,1,F,Egypt, im not sure ill be able to afford to finish my degree because of how much debt ive already accumulated, I'm not sure I'll be able to afford to finish my degree because of how much debt I've already accumulated.,7.67117,5.950391,4,0.98,Negative,-0.5365,Cluster 4,💰 Financial Aid & Administration
Financial Support,It's frustrating that there are so few scholarships available to help with the cost of tuition.,16,2.52,5,1,F,Egypt,its frustrating that there are so few scholarships available to help with the cost of tuition,It's frustrating that there are so few scholarships available to help with the cost of tuition.,7.414437,6.5591974,4,0.98,Negative,-0.0516,Cluster 4,💰 Financial Aid & Administration
Financial Support,"I'm having a hard time filling out all of the financial aid applications, and it's causing me a lot of stress.",23,2.7,4,1,F,Egypt,im having a hard time filling out all of the financial aid applications and its causing me a lot of stress,"I'm having a hard time filling out all of the financial aid applications, and it's causing me a lot of stress.",6.804945,5.714904,4,0.98,Negative,-0.4939,Cluster 4,💰 Financial Aid & Administration
Financial Support,I'm worried about how much student loan debt I'm going to have when I graduate.,26,0.18,1,1,M,Egypt,im worried about how much student loan debt im going to have when i graduate,I'm worried about how much student loan debt I'm going to have when I graduate.,7.5090256,5.9052563,4,0.98,Negative,-0.5719,Cluster 4,💰 Financial Aid & Administration
Financial Support,It's hard to balance my budget when the cost of living keeps going up.,21,3.73,3,1,F,Egypt,its hard to balance my budget when the cost of living keeps going up,It's hard to balance my budget when the cost of living keeps going up.,8.1801815,6.2434735,4,0.98,Negative,-0.1027,Cluster 4,💰 Financial Aid & Administration
Financial Support,"I'm constantly worrying about money, and it's making it hard to focus on my studies.",20,0.39,3,1,F,Egypt,im constantly worrying about money and its making it hard to focus on my studies,"I'm constantly worrying about money, and it's making it hard to focus on my studies.",8.317161,6.0167084,4,0.98,Negative,-0.4215,Cluster 4,💰 Financial Aid & Administration
Financial Support,I wish there were more resources available to help students manage their finances.,19,0.63,2,1,F,Egypt,i wish there were more resources available to help students manage their finances,I wish there were more resources available to help students manage their finances.,8.2671175,7.0147257,4,0.98,Positive,0.6597,Cluster 4,💰 Financial Aid & Administration
Financial Support,"The financial aid office is always so busy, it's hard to get an appointment to speak with someone.",16,3.07,2,1,M,Egypt,the financial aid office is always so busy its hard to get an appointment to speak with someone,"The financial aid office is always so busy, it's hard to get an appointment to speak with someone.",6.698318,5.6524262,4,0.98,Negative,-0.1689,Cluster 4,💰 Financial Aid & Administration
Financial Support,The application process for student loans is so confusing and overwhelming.,27,1.47,2,1,F,Egypt,the application process for student loans is so confusing and overwhelming,The application process for student loans is so confusing and overwhelming.,6.8264937,5.8019156,4,0.98,Negative,-0.3593,Cluster 4,💰 Financial Aid & Administration
Financial Support,"I'm struggling to make ends meet, even with financial aid and scholarships.",19,1.42,4,1,F,Egypt,im struggling to make ends meet even with financial aid and scholarships,"I'm struggling to make ends meet, even with financial aid and scholarships.",7.8096247,6.472688,4,0.98,Negative,-0.4215,Cluster 4,💰 Financial Aid & Administration
Financial Support," The cost of textbooks and other course materials is outrageous, and it's making it difficult to afford my education.",20,0.17,3,1,F,Egypt, the cost of textbooks and other course materials is outrageous and its making it difficult to afford my education," The cost of textbooks and other course materials is outrageous, and it's making it difficult to afford my education.",7.812567,7.365364,4,0.6352,Negative,-0.6705,Cluster 4,💰 Financial Aid & Administration
Financial Support," I'm worried about how I'm going to pay for everything, especially since I lost my job due to the pandemic.",19,0.2,2,1,F,Egypt, im worried about how im going to pay for everything especially since i lost my job due to the pandemic," I'm worried about how I'm going to pay for everything, especially since I lost my job due to the pandemic.",8.566585,5.386684,4,0.98,Negative,-0.6326,Cluster 4,💰 Financial Aid & Administration
Financial Support," The financial aid website is constantly down, which is making it hard to submit my application on time.",22,3.26,2,1,F,Egypt, the financial aid website is constantly down which is making it hard to submit my application on time," The financial aid website is constantly down, which is making it hard to submit my application on time.",6.6607585,5.6339946,4,0.98,Negative,-0.1027,Cluster 4,💰 Financial Aid & Administration
Financial Support, I'm not sure I'll be able to afford to finish my degree because of how much debt I've already accumulated.,20,1.69,5,1,F,Egypt, im not sure ill be able to afford to finish my degree because of how much debt ive already accumulated, I'm not sure I'll be able to afford to finish my degree because of how much debt I've already accumulated.,7.649062,5.9644156,4,0.98,Negative,-0.5365,Cluster 4,💰 Financial Aid & Administration
Financial Support, I wish there were more programs available to help students with their finances.,23,2.17,3,1,F,Egypt, i wish there were more programs available to help students with their finances, I wish there were more programs available to help students with their finances.,8.234011,7.0205584,4,0.98,Positive,0.6597,Cluster 4,💰 Financial Aid & Administration
Financial Support," The financial aid process is so slow, and I need the money now to pay my tuition.",25,3.34,2,1,F,Egypt, the financial aid process is so slow and i need the money now to pay my tuition," The financial aid process is so slow, and I need the money now to pay my tuition.",7.075987,5.8785057,4,0.98,Negative,-0.1027,Cluster 4,💰 Financial Aid & Administration
Financial Support, It's frustrating that I have to work multiple jobs just to afford my education.,22,2.17,2,1,M,Egypt, its frustrating that i have to work multiple jobs just to afford my education, It's frustrating that I have to work multiple jobs just to afford my education.,8.093354,6.3495393,4,0.98,Negative,-0.4404,Cluster 4,💰 Financial Aid & Administration
Financial Support," I'm struggling to make my student loan payments, even though I have a full-time job.",24,3.14,1,1,M,Egypt, im struggling to make my student loan payments even though i have a fulltime job," I'm struggling to make my student loan payments, even though I have a full-time job.",7.4428496,5.870405,4,0.98,Negative,-0.4215,Cluster 4,💰 Financial Aid & Administration
Financial Support," The financial aid package I received was much less than I anticipated, and now I'm not sure how I'm going to pay for school.",21,2.87,1,1,F,Egypt, the financial aid package i received was much less than i anticipated and now im not sure how im going to pay for school," The financial aid package I received was much less than I anticipated, and now I'm not sure how I'm going to pay for school.",7.1286645,5.8486686,4,0.98,Negative,-0.3318,Cluster 4,💰 Financial Aid & Administration
Financial Support," I received a financial warning because I couldn't pay my tuition on time, even though I've been doing everything I can to make ends meet.",16,3.19,5,1,F,Egypt, i received a financial warning because i couldnt pay my tuition on time even though ive been doing everything i can to make ends meet," I received a financial warning because I couldn't pay my tuition on time, even though I've been doing everything I can to make ends meet.",7.6636405,5.7331524,4,0.98,Negative,-0.2741,Cluster 4,💰 Financial Aid & Administration
Financial Support, I wish there were more scholarships available specifically for students in my major.,20,2.48,5,1,F,Egypt, i wish there were more scholarships available specifically for students in my major, I wish there were more scholarships available specifically for students in my major.,7.624425,6.6783524,4,0.98,Positive,0.4019,Cluster 4,💰 Financial Aid & Administration
Financial Support," The cost of living on campus is way too high, and it's making it hard to afford my education.",26,3.55,4,1,F,Egypt, the cost of living on campus is way too high and its making it hard to afford my education," The cost of living on campus is way too high, and it's making it hard to afford my education.",7.4366236,7.4982834,4,0.958,Negative,-0.1027,Cluster 4,💰 Financial Aid & Administration
Financial Support," I'm constantly worried about my financial situation, and it's affecting my mental health.",17,3.57,2,1,F,Egypt, im constantly worried about my financial situation and its affecting my mental health," I'm constantly worried about my financial situation, and it's affecting my mental health.",8.832634,5.535929,4,0.98,Negative,-0.296,Cluster 4,💰 Financial Aid & Administration
Financial Support," It's frustrating that some students seem to have unlimited financial resources, while the rest of us struggle to make ends meet.",21,2.17,2,1,F,Egypt, its frustrating that some students seem to have unlimited financial resources while the rest of us struggle to make ends meet," It's frustrating that some students seem to have unlimited financial resources, while the rest of us struggle to make ends meet.",8.026219,6.9177613,4,0.98,Negative,-0.6369,Cluster 4,💰 Financial Aid & Administration
Financial Support," I feel like I'm drowning in student loan debt, and I'm not sure how to get out of it.",23,2.95,1,1,F,Egypt, i feel like im drowning in student loan debt and im not sure how to get out of it," I feel like I'm drowning in student loan debt, and I'm not sure how to get out of it.",7.483161,5.808653,4,0.98,Negative,-0.2411,Cluster 4,💰 Financial Aid & Administration
Financial Support," The financial aid office is so disorganized, and it's making it hard to get the help I need.",20,2.69,3,1,F,Egypt, the financial aid office is so disorganized and its making it hard to get the help i need," The financial aid office is so disorganized, and it's making it hard to get the help I need.",6.74246,5.6931987,4,0.98,Negative,-0.1447,Cluster 4,💰 Financial Aid & Administration
Financial Support, I wish there were more resources available to help students with their budgeting and financial planning.,22,0.29,4,1,M,Egypt, i wish there were more resources available to help students with their budgeting and financial planning, I wish there were more resources available to help students with their budgeting and financial planning.,8.29624,7.009918,4,0.98,Positive,0.6597,Cluster 4,💰 Financial Aid & Administration
Financial Support," The interest on my student loans is so high, it's going to take me decades to pay them off.",21,0.07,2,1,M,Egypt, the interest on my student loans is so high its going to take me decades to pay them off," The interest on my student loans is so high, it's going to take me decades to pay them off.",7.4377766,5.8632207,4,0.98,Positive,0.3818,Cluster 4,💰 Financial Aid & Administration
Financial Support, I'm constantly worried about having enough money to pay my bills and afford my education at the same time.,27,3.26,4,1,F,Egypt, im constantly worried about having enough money to pay my bills and afford my education at the same time, I'm constantly worried about having enough money to pay my bills and afford my education at the same time.,8.035616,6.082241,4,0.98,Negative,-0.3818,Cluster 4,💰 Financial Aid & Administration
Financial Support," I received a letter threatening to drop me from my classes because I couldn't make a payment on time, even though I've been doing everything I can to keep up with my expenses.",26,2.82,3,1,F,Egypt, i received a letter threatening to drop me from my classes because i couldnt make a payment on time even though ive been doing everything i can to keep up with my expenses," I received a letter threatening to drop me from my classes because I couldn't make a payment on time, even though I've been doing everything I can to keep up with my expenses.",7.7037,5.596034,4,0.98,Negative,-0.6705,Cluster 4,💰 Financial Aid & Administration
Financial Support," It's frustrating that I have to work so many hours just to make ends meet, and it's taking away from my study time.",16,0.5,5,1,F,Egypt, its frustrating that i have to work so many hours just to make ends meet and its taking away from my study time," It's frustrating that I have to work so many hours just to make ends meet, and it's taking away from my study time.",8.087104,6.556564,4,0.98,Negative,-0.4404,Cluster 4,💰 Financial Aid & Administration
Financial Support,I'm struggling to pay for college because there aren't enough scholarships available for students in my program.,25,2.18,3,1,M,Egypt,im struggling to pay for college because there arent enough scholarships available for students in my program,I'm struggling to pay for college because there aren't enough scholarships available for students in my program.,7.315581,6.2255807,4,0.98,Negative,-0.4939,Cluster 4,💰 Financial Aid & Administration
Financial Support,The financial aid application process is so confusing and time-consuming.,26,2.44,2,1,F,Egypt,the financial aid application process is so confusing and timeconsuming,The financial aid application process is so confusing and time-consuming.,6.7335935,5.7232924,4,0.98,Negative,-0.3593,Cluster 4,💰 Financial Aid & Administration
Financial Support,I've been hit hard by student loan debt and it's affecting my ability to focus on my studies.,19,1.2,2,1,F,Egypt,ive been hit hard by student loan debt and its affecting my ability to focus on my studies,I've been hit hard by student loan debt and it's affecting my ability to focus on my studies.,7.5534854,5.820889,4,0.98,Negative,-0.1531,Cluster 4,💰 Financial Aid & Administration
Financial Support,I've been living on a tight budget since starting college and it's really stressful.,16,2.25,1,1,F,Egypt,ive been living on a tight budget since starting college and its really stressful,I've been living on a tight budget since starting college and it's really stressful.,8.196401,6.412538,4,0.98,Negative,-0.5563,Cluster 4,💰 Financial Aid & Administration
Financial Support,I keep receiving financial warnings even though I'm making regular payments on my tuition and fees.,16,0.75,4,1,M,Egypt,i keep receiving financial warnings even though im making regular payments on my tuition and fees,I keep receiving financial warnings even though I'm making regular payments on my tuition and fees.,7.8286314,5.706176,4,0.98,Negative,-0.296,Cluster 4,💰 Financial Aid & Administration
Financial Support,The cost of textbooks and other materials is so high that it's hard to afford them all.,20,0.3,5,1,F,Egypt,the cost of textbooks and other materials is so high that its hard to afford them all,The cost of textbooks and other materials is so high that it's hard to afford them all.,7.8696437,7.332534,4,0.6345,Negative,-0.1027,Cluster 4,💰 Financial Aid & Administration
Financial Support,It's hard to find part-time work that pays enough to cover my expenses while in school.,24,3.16,2,1,M,Egypt,its hard to find parttime work that pays enough to cover my expenses while in school,It's hard to find part-time work that pays enough to cover my expenses while in school.,7.8653603,6.643673,4,0.98,Negative,-0.1027,Cluster 4,💰 Financial Aid & Administration
Financial Support,I'm worried about how I'm going to afford rent and utilities once I graduate and have to start paying back my loans.,18,2.55,3,1,M,Egypt,im worried about how im going to afford rent and utilities once i graduate and have to start paying back my loans,I'm worried about how I'm going to afford rent and utilities once I graduate and have to start paying back my loans.,7.599779,6.061393,4,0.98,Negative,-0.296,Cluster 4,💰 Financial Aid & Administration
Financial Support,"I don't qualify for many scholarships because of my major, which is frustrating.",21,0.17,3,1,M,Egypt,i dont qualify for many scholarships because of my major which is frustrating,"I don't qualify for many scholarships because of my major, which is frustrating.",7.239258,6.245813,4,0.98,Negative,-0.4877,Cluster 4,💰 Financial Aid & Administration
Financial Support," The financial aid office is always so crowded and understaffed, making it difficult to get the help I need.",27,3.37,2,1,F,Egypt, the financial aid office is always so crowded and understaffed making it difficult to get the help i need," The financial aid office is always so crowded and understaffed, making it difficult to get the help I need.",6.6928287,5.660249,4,0.98,Positive,0.0516,Cluster 4,💰 Financial Aid & Administration
Financial Support, I feel like I'm drowning in debt and there's no way out.,25,0.48,4,1,F,Egypt, i feel like im drowning in debt and theres no way out, I feel like I'm drowning in debt and there's no way out.,7.7247314,5.656607,4,0.98,Negative,-0.296,Cluster 4,💰 Financial Aid & Administration
Financial Support," Even with financial aid, I'm struggling to make ends meet while in college.",16,1.04,2,1,M,Egypt, even with financial aid im struggling to make ends meet while in college," Even with financial aid, I'm struggling to make ends meet while in college.",7.7355056,6.3816843,4,0.98,Negative,-0.4215,Cluster 4,💰 Financial Aid & Administration
Financial Support, I'm constantly worried about money and it's affecting my mental health.,17,1.75,4,1,F,Egypt, im constantly worried about money and its affecting my mental health, I'm constantly worried about money and it's affecting my mental health.,8.877945,5.5051684,4,0.98,Negative,-0.296,Cluster 4,💰 Financial Aid & Administration
Financial Support, The college's policies around financial aid and scholarships are confusing and unfair.,23,3.28,1,1,F,Egypt, the colleges policies around financial aid and scholarships are confusing and unfair, The college's policies around financial aid and scholarships are confusing and unfair.,6.897237,6.045854,4,0.98,Negative,-0.6124,Cluster 4,💰 Financial Aid & Administration
Financial Support," I've had to take on multiple jobs just to make ends meet, which leaves little time for studying and extracurricular activities.",20,3.88,2,1,M,Egypt, ive had to take on multiple jobs just to make ends meet which leaves little time for studying and extracurricular activities," I've had to take on multiple jobs just to make ends meet, which leaves little time for studying and extracurricular activities.",8.162121,6.6789336,4,0.98,Neutral,0.0,Cluster 4,💰 Financial Aid & Administration
Financial Support, I'm worried about how I'm going to pay off my student loans once I graduate.,20,1.49,5,1,F,Egypt, im worried about how im going to pay off my student loans once i graduate, I'm worried about how I'm going to pay off my student loans once I graduate.,7.4502664,5.8345885,4,0.98,Negative,-0.3818,Cluster 4,💰 Financial Aid & Administration
Financial Support," The cost of living in the area surrounding the college is too high, making it hard to afford basic necessities.",26,1.38,1,1,F,Egypt, the cost of living in the area surrounding the college is too high making it hard to afford basic necessities," The cost of living in the area surrounding the college is too high, making it hard to afford basic necessities.",7.496474,7.643865,4,0.958,Negative,-0.1027,Cluster 4,💰 Financial Aid & Administration
Financial Support, I wish there were more opportunities for students to earn money through on-campus jobs.,25,2.57,2,1,M,Egypt, i wish there were more opportunities for students to earn money through oncampus jobs, I wish there were more opportunities for students to earn money through on-campus jobs.,10.746342,9.686603,6,0.98,Positive,0.6801,Cluster 6,💼 Career & Internship Opportunities
Financial Support, I'm constantly stressed about money and it's taking a toll on my academic performance.,20,1.13,3,1,F,Egypt, im constantly stressed about money and its taking a toll on my academic performance, I'm constantly stressed about money and it's taking a toll on my academic performance.,8.421463,6.0591826,4,0.98,Negative,-0.34,Cluster 4,💰 Financial Aid & Administration
Financial Support, The financial aid process is so overwhelming that I don't even know where to start.,21,2.85,1,1,F,Egypt, the financial aid process is so overwhelming that i dont even know where to start, The financial aid process is so overwhelming that I don't even know where to start.,6.927747,5.783061,4,0.98,Neutral,0.0,Cluster 4,💰 Financial Aid & Administration
Financial Support, I'm barely able to afford food and other basic necessities on top of tuition and fees.,25,1.13,3,1,F,Egypt, im barely able to afford food and other basic necessities on top of tuition and fees, I'm barely able to afford food and other basic necessities on top of tuition and fees.,7.603251,6.5945582,4,0.98,Positive,0.2023,Cluster 4,💰 Financial Aid & Administration
Financial Support, I wish there were more financial literacy courses offered to students.,27,0.65,5,1,F,Egypt, i wish there were more financial literacy courses offered to students, I wish there were more financial literacy courses offered to students.,8.180417,7.041627,4,0.98,Positive,0.4019,Cluster 4,💰 Financial Aid & Administration
Financial Support, It's frustrating that the college charges so much for things like parking permits and meal plans.,16,0.15,1,1,M,Egypt, its frustrating that the college charges so much for things like parking permits and meal plans, It's frustrating that the college charges so much for things like parking permits and meal plans.,6.96343,9.434293,7,0.8663,Negative,-0.3612,Cluster 7,🏛️ Campus Infrastructure
Financial Support, I'm worried that I won't be able to graduate on time because I can't afford the classes I need.,16,0.82,3,1,F,Egypt, im worried that i wont be able to graduate on time because i cant afford the classes i need, I'm worried that I won't be able to graduate on time because I can't afford the classes I need.,7.809733,6.018446,4,0.98,Negative,-0.296,Cluster 4,💰 Financial Aid & Administration
Financial Support, The college's scholarship application process is so competitive that it feels like there's no point in even trying.,26,2.25,4,1,M,Egypt, the colleges scholarship application process is so competitive that it feels like theres no point in even trying, The college's scholarship application process is so competitive that it feels like there's no point in even trying.,6.812302,5.8983765,4,0.98,Positive,0.3697,Cluster 4,💰 Financial Aid & Administration
Financial Support, It's unfair that some students are able to afford all the materials they need while others can't.,19,1.69,2,1,M,Egypt, its unfair that some students are able to afford all the materials they need while others cant, It's unfair that some students are able to afford all the materials they need while others can't.,7.919854,7.2063484,4,0.687,Negative,-0.4767,Cluster 4,💰 Financial Aid & Administration
Financial Support, I'm struggling to balance my part-time job with my coursework and it's affecting my grades.,23,0.73,1,1,F,Egypt, im struggling to balance my parttime job with my coursework and its affecting my grades, I'm struggling to balance my part-time job with my coursework and it's affecting my grades.,14.163878,6.8510165,2,0.98,Negative,-0.4215,Cluster 2,📚 Academic Support & Wellbeing
Financial Support," The financial aid office is always changing its policies, making it hard to keep up.",24,3.29,3,1,M,Egypt, the financial aid office is always changing its policies making it hard to keep up," The financial aid office is always changing its policies, making it hard to keep up.",6.693224,5.6801023,4,0.98,Negative,-0.1027,Cluster 4,💰 Financial Aid & Administration
Financial Support, I wish the college offered more opportunities for students to earn money through paid internships and co-ops.,23,1.21,5,1,F,Egypt, i wish the college offered more opportunities for students to earn money through paid internships and coops, I wish the college offered more opportunities for students to earn money through paid internships and co-ops.,10.891097,9.557835,6,0.98,Positive,0.6801,Cluster 6,💼 Career & Internship Opportunities
Financial Support," I'm constantly worried about how I'm going to pay for unexpected expenses, like medical bills or car repairs.",26,0.46,1,1,M,Egypt, im constantly worried about how im going to pay for unexpected expenses like medical bills or car repairs," I'm constantly worried about how I'm going to pay for unexpected expenses, like medical bills or car repairs.",8.507155,5.411462,4,0.98,Neutral,-0.0258,Cluster 4,💰 Financial Aid & Administration
Financial Support,"I'm really struggling to pay for my tuition without any financial aid or scholarships, and it's causing me a lot of stress and anxiety.",22,2.3,5,1,M,Egypt,im really struggling to pay for my tuition without any financial aid or scholarships and its causing me a lot of stress and anxiety,"I'm really struggling to pay for my tuition without any financial aid or scholarships, and it's causing me a lot of stress and anxiety.",7.531663,6.1397486,4,0.98,Negative,-0.8051,Cluster 4,💰 Financial Aid & Administration
Financial Support,"The financial aid application process is so complicated and time-consuming, it's almost not worth it.",23,0.12,4,1,M,Egypt,the financial aid application process is so complicated and timeconsuming its almost not worth it,"The financial aid application process is so complicated and time-consuming, it's almost not worth it.",6.748836,5.7144856,4,0.98,Negative,-0.0996,Cluster 4,💰 Financial Aid & Administration
Financial Support,I feel like I'm drowning in student loan debt and it's going to take me years to pay it all off.,21,2.96,4,1,F,Egypt,i feel like im drowning in student loan debt and its going to take me years to pay it all off,I feel like I'm drowning in student loan debt and it's going to take me years to pay it all off.,7.4596815,5.841449,4,0.98,Negative,-0.1027,Cluster 4,💰 Financial Aid & Administration
Financial Support,"Managing my finances as a college student is a constant struggle, especially with the rising cost of living.",16,0.32,4,1,F,Egypt,managing my finances as a college student is a constant struggle especially with the rising cost of living,"Managing my finances as a college student is a constant struggle, especially with the rising cost of living.",8.200742,6.5461164,4,0.98,Negative,-0.3182,Cluster 4,💰 Financial Aid & Administration
Financial Support,"Despite my best efforts to budget and save money, unexpected expenses keep popping up and throwing me off track.",21,1.49,3,1,M,Egypt,despite my best efforts to budget and save money unexpected expenses keep popping up and throwing me off track,"Despite my best efforts to budget and save money, unexpected expenses keep popping up and throwing me off track.",8.230971,6.0049543,4,0.98,Neutral,-0.0433,Cluster 4,💰 Financial Aid & Administration
Financial Support,"I received a financial warning for a late payment even though I had already paid my bill, and it's causing me a lot of frustration and confusion.",27,3.46,3,1,F,Egypt,i received a financial warning for a late payment even though i had already paid my bill and its causing me a lot of frustration and confusion,"I received a financial warning for a late payment even though I had already paid my bill, and it's causing me a lot of frustration and confusion.",7.843264,5.5636306,4,0.98,Negative,-0.7717,Cluster 4,💰 Financial Aid & Administration
Financial Support,"I had to take out a private loan to pay for my tuition because I didn't qualify for enough financial aid, and now I'm worried about how I'm going to pay it back.",19,2.49,4,1,M,Egypt,i had to take out a private loan to pay for my tuition because i didnt qualify for enough financial aid and now im worried about how im going to pay it back,"I had to take out a private loan to pay for my tuition because I didn't qualify for enough financial aid, and now I'm worried about how I'm going to pay it back.",7.2183423,5.9073873,4,0.98,Negative,-0.4588,Cluster 4,💰 Financial Aid & Administration
Financial Support,"The cost of textbooks and other course materials is so high, it's hard to afford everything I need for class.",24,3.25,5,1,F,Egypt,the cost of textbooks and other course materials is so high its hard to afford everything i need for class,"The cost of textbooks and other course materials is so high, it's hard to afford everything I need for class.",7.865228,7.3359227,4,0.6261,Negative,-0.1689,Cluster 4,💰 Financial Aid & Administration
Financial Support,I wish there were more scholarship opportunities available for students like me who don't come from wealthy backgrounds.,22,3.51,1,1,F,Egypt,i wish there were more scholarship opportunities available for students like me who dont come from wealthy backgrounds,I wish there were more scholarship opportunities available for students like me who don't come from wealthy backgrounds.,7.6390934,6.7326818,4,0.98,Positive,0.7157,Cluster 4,💰 Financial Aid & Administration
Financial Support, I'm hesitant to apply for financial aid because I don't want to take on more student loan debt than I can handle.,19,3.63,4,1,M,Egypt, im hesitant to apply for financial aid because i dont want to take on more student loan debt than i can handle, I'm hesitant to apply for financial aid because I don't want to take on more student loan debt than I can handle.,7.2051663,5.859327,4,0.98,Negative,-0.6105,Cluster 4,💰 Financial Aid & Administration
Financial Support," Even though I received some financial aid, it's still not enough to cover all of my expenses, and I'm struggling to make ends meet.",25,1.99,5,1,F,Egypt, even though i received some financial aid its still not enough to cover all of my expenses and im struggling to make ends meet," Even though I received some financial aid, it's still not enough to cover all of my expenses, and I'm struggling to make ends meet.",7.4309616,6.122807,4,0.98,Negative,-0.4215,Cluster 4,💰 Financial Aid & Administration
Financial Support, I'm frustrated with the lack of transparency when it comes to how my tuition and fees are being spent by the university.,27,1.74,4,1,F,Egypt, im frustrated with the lack of transparency when it comes to how my tuition and fees are being spent by the university, I'm frustrated with the lack of transparency when it comes to how my tuition and fees are being spent by the university.,7.189464,6.590913,4,0.98,Negative,-0.6908,Cluster 4,💰 Financial Aid & Administration
Financial Support," The financial aid office is always so busy and understaffed, it's hard to get the help and support I need.",17,3.03,5,1,F,Egypt, the financial aid office is always so busy and understaffed its hard to get the help and support i need," The financial aid office is always so busy and understaffed, it's hard to get the help and support I need.",6.788837,5.71566,4,0.98,Positive,0.6124,Cluster 4,💰 Financial Aid & Administration
Financial Support, I'm worried that I won't be able to afford to attend this university next semester if tuition rates continue to increase.,25,2.98,3,1,F,Egypt, im worried that i wont be able to afford to attend this university next semester if tuition rates continue to increase, I'm worried that I won't be able to afford to attend this university next semester if tuition rates continue to increase.,7.443293,7.119653,4,0.958,Neutral,0.0258,Cluster 4,💰 Financial Aid & Administration
Financial Support, I wish there were more resources available to help me learn how to manage my finances as a college student.,21,2.58,5,1,F,Egypt, i wish there were more resources available to help me learn how to manage my finances as a college student, I wish there were more resources available to help me learn how to manage my finances as a college student.,8.300456,6.9024196,4,0.98,Positive,0.6597,Cluster 4,💰 Financial Aid & Administration
Financial Support, The stress of paying for college is causing me to lose sleep and focus on my studies.,22,3.85,3,1,F,Egypt, the stress of paying for college is causing me to lose sleep and focus on my studies, The stress of paying for college is causing me to lose sleep and focus on my studies.,8.271134,6.220589,4,0.98,Negative,-0.6705,Cluster 4,💰 Financial Aid & Administration
Financial Support, I'm frustrated that I have to work multiple jobs just to pay for my tuition and basic living expenses.,26,3.64,2,1,F,France, im frustrated that i have to work multiple jobs just to pay for my tuition and basic living expenses, I'm frustrated that I have to work multiple jobs just to pay for my tuition and basic living expenses.,8.012656,6.384516,4,0.98,Negative,-0.5859,Cluster 4,💰 Financial Aid & Administration
Financial Support, It's hard to focus on my studies when I'm constantly worried about how I'm going to pay for everything.,18,1.48,3,1,F,France, its hard to focus on my studies when im constantly worried about how im going to pay for everything, It's hard to focus on my studies when I'm constantly worried about how I'm going to pay for everything.,8.222644,6.008209,4,0.98,Negative,-0.4588,Cluster 4,💰 Financial Aid & Administration
Financial Support," I received a letter stating that I owe more money than I thought I did, and it's causing me a lot of financial stress.",26,1.93,1,1,M,France, i received a letter stating that i owe more money than i thought i did and its causing me a lot of financial stress," I received a letter stating that I owe more money than I thought I did, and it's causing me a lot of financial stress.",7.7672067,5.590168,4,0.98,Negative,-0.4215,Cluster 4,💰 Financial Aid & Administration
Financial Support, The lack of financial resources and support for low-income students is really disheartening.,19,1.45,5,1,M,France, the lack of financial resources and support for lowincome students is really disheartening, The lack of financial resources and support for low-income students is really disheartening.,7.906045,6.9674115,4,0.98,Negative,-0.4005,Cluster 4,💰 Financial Aid & Administration
Financial Support, I feel like I'm constantly in a cycle of debt and it's hard to see a way out.,23,1.64,1,1,F,France, i feel like im constantly in a cycle of debt and its hard to see a way out, I feel like I'm constantly in a cycle of debt and it's hard to see a way out.,7.8847275,5.6685896,4,0.98,Negative,-0.1027,Cluster 4,💰 Financial Aid & Administration
Financial Support, I'm worried that I won't be able to pursue my dream career because I can't afford to attend graduate school.,24,1.22,1,1,M,France, im worried that i wont be able to pursue my dream career because i cant afford to attend graduate school, I'm worried that I won't be able to pursue my dream career because I can't afford to attend graduate school.,7.7663336,6.031683,4,0.98,Negative,-0.0516,Cluster 4,💰 Financial Aid & Administration
Financial Support," Even though I have a job, it's still not enough to cover all of my expenses, and I'm struggling to make ends meet.",20,3.35,2,1,M,France, even though i have a job its still not enough to cover all of my expenses and im struggling to make ends meet," Even though I have a job, it's still not enough to cover all of my expenses, and I'm struggling to make ends meet.",7.83279,6.515458,4,0.98,Negative,-0.4215,Cluster 4,💰 Financial Aid & Administration
Financial Support, I'm frustrated that I have to choose between working to pay for my tuition and having enough time to study and succeed in my classes.,25,1.28,2,1,M,France, im frustrated that i have to choose between working to pay for my tuition and having enough time to study and succeed in my classes, I'm frustrated that I have to choose between working to pay for my tuition and having enough time to study and succeed in my classes.,8.082837,6.3798304,4,0.98,Negative,-0.1531,Cluster 4,💰 Financial Aid & Administration
Financial Support, The financial burden of college is causing a lot of students to drop out or take longer to complete their degree.,21,0.16,2,1,M,France, the financial burden of college is causing a lot of students to drop out or take longer to complete their degree, The financial burden of college is causing a lot of students to drop out or take longer to complete their degree.,7.975688,6.8368154,4,0.98,Negative,-0.6124,Cluster 4,💰 Financial Aid & Administration
Financial Support, I wish there were more financial workshops and resources available on campus to help students learn about managing their money.,23,1.82,2,1,M,France, i wish there were more financial workshops and resources available on campus to help students learn about managing their money, I wish there were more financial workshops and resources available on campus to help students learn about managing their money.,8.248518,6.999182,4,0.98,Positive,0.6597,Cluster 4,💰 Financial Aid & Administration
Financial Support, The constant worry and stress about finances is taking a toll on my mental health.,17,0.14,5,1,F,France, the constant worry and stress about finances is taking a toll on my mental health, The constant worry and stress about finances is taking a toll on my mental health.,8.97508,5.5314994,4,0.98,Negative,-0.6908,Cluster 4,💰 Financial Aid & Administration
Financial Support," I received a financial aid award that was much lower than I expected, and it's causing me a lot of financial strain.",22,2.7,3,1,M,France, i received a financial aid award that was much lower than i expected and its causing me a lot of financial strain," I received a financial aid award that was much lower than I expected, and it's causing me a lot of financial strain.",7.0680885,5.799034,4,0.98,Positive,0.2732,Cluster 4,💰 Financial Aid & Administration
Financial Support, The thought of graduating with thousands of dollars in student loan debt is really scary and overwhelming.,27,3.06,4,1,M,France, the thought of graduating with thousands of dollars in student loan debt is really scary and overwhelming, The thought of graduating with thousands of dollars in student loan debt is really scary and overwhelming.,7.4769754,5.827584,4,0.98,Negative,-0.7178,Cluster 4,💰 Financial Aid & Administration
Financial Support, I'm frustrated that students who come from wealthy families have an easier time affording college and accessing,27,3.02,1,1,M,France, im frustrated that students who come from wealthy families have an easier time affording college and accessing, I'm frustrated that students who come from wealthy families have an easier time affording college and accessing,7.961162,6.864382,4,0.98,Positive,0.2263,Cluster 4,💰 Financial Aid & Administration
Health and Well-being Support, It's frustrating that my health insurance doesn't cover all of my medical expenses.,27,3.71,1,1,F,France, its frustrating that my health insurance doesnt cover all of my medical expenses, It's frustrating that my health insurance doesn't cover all of my medical expenses.,8.781079,5.076607,4,0.98,Negative,-0.4404,Cluster 4,💰 Financial Aid & Administration
Health and Well-being Support,It's frustrating that my health insurance doesn't cover all of my medical expenses.,27,3.09,5,1,F,France,its frustrating that my health insurance doesnt cover all of my medical expenses,It's frustrating that my health insurance doesn't cover all of my medical expenses.,8.745278,5.037672,4,0.98,Negative,-0.4404,Cluster 4,💰 Financial Aid & Administration
Health and Well-being Support,I'm struggling to pay for my medical expenses on top of my tuition and other bills.,24,3.18,4,1,M,France,im struggling to pay for my medical expenses on top of my tuition and other bills,I'm struggling to pay for my medical expenses on top of my tuition and other bills.,8.272953,5.587586,4,0.98,Negative,-0.34,Cluster 4,💰 Financial Aid & Administration
Health and Well-being Support,I wish the university offered better mental health care access for students.,21,2.61,5,1,F,France,i wish the university offered better mental health care access for students,I wish the university offered better mental health care access for students.,10.164588,5.313087,4,0.98,Positive,0.8316,Cluster 4,💰 Financial Aid & Administration
Health and Well-being Support,It's difficult to find affordable mental health care services.,22,3.88,4,1,F,France,its difficult to find affordable mental health care services,It's difficult to find affordable mental health care services.,9.721075,5.168259,4,0.98,Positive,0.1779,Cluster 4,💰 Financial Aid & Administration
Health and Well-being Support,I'm concerned about the quality of mental health care I can afford.,17,2.95,1,1,F,France,im concerned about the quality of mental health care i can afford,I'm concerned about the quality of mental health care I can afford.,9.469362,5.232893,4,0.98,Positive,0.4939,Cluster 4,💰 Financial Aid & Administration
Health and Well-being Support,I can't afford the medical treatments I need without financial assistance.,20,3.26,5,1,M,France,i cant afford the medical treatments i need without financial assistance,I can't afford the medical treatments I need without financial assistance.,8.763778,5.263046,4,0.98,Neutral,0.0,Cluster 4,💰 Financial Aid & Administration
Health and Well-being Support,It's frustrating that mental health care isn't covered under my insurance plan.,27,3.45,3,1,M,France,its frustrating that mental health care isnt covered under my insurance plan,It's frustrating that mental health care isn't covered under my insurance plan.,9.314914,5.168819,4,0.98,Positive,0.0772,Cluster 4,💰 Financial Aid & Administration
Health and Well-being Support,I've been denied coverage for my medical expenses and it's causing me a lot of stress.,23,2.11,3,1,F,France,ive been denied coverage for my medical expenses and its causing me a lot of stress,I've been denied coverage for my medical expenses and it's causing me a lot of stress.,8.8203,5.1357946,4,0.98,Negative,-0.6908,Cluster 4,💰 Financial Aid & Administration
Health and Well-being Support,I feel like the university should do more to help students with their medical expenses.,24,0.17,2,1,M,France,i feel like the university should do more to help students with their medical expenses,I feel like the university should do more to help students with their medical expenses.,8.515032,6.9939713,4,0.98,Positive,0.6682,Cluster 4,💰 Financial Aid & Administration
Health and Well-being Support, I'm worried about my mental health but can't afford to get the care I need.,26,2.33,2,1,M,France, im worried about my mental health but cant afford to get the care i need, I'm worried about my mental health but can't afford to get the care I need.,9.3272915,5.2777767,4,0.98,Positive,0.5719,Cluster 4,💰 Financial Aid & Administration
Health and Well-being Support, The cost of medical treatment is preventing me from getting the care I need.,24,2.13,4,1,F,France, the cost of medical treatment is preventing me from getting the care i need, The cost of medical treatment is preventing me from getting the care I need.,8.739928,5.1232486,4,0.98,Positive,0.4767,Cluster 4,💰 Financial Aid & Administration
Health and Well-being Support, I'm struggling to find a mental health care provider that accepts my insurance.,17,3.1,5,1,F,France, im struggling to find a mental health care provider that accepts my insurance, I'm struggling to find a mental health care provider that accepts my insurance.,9.462504,5.178335,4,0.98,Positive,0.4019,Cluster 4,💰 Financial Aid & Administration
Health and Well-being Support, It's frustrating that mental health care is still stigmatized and not readily available.,22,3.09,4,1,F,France, its frustrating that mental health care is still stigmatized and not readily available, It's frustrating that mental health care is still stigmatized and not readily available.,9.843212,5.184811,4,0.98,Positive,0.0772,Cluster 4,💰 Financial Aid & Administration
Health and Well-being Support, I wish the university had more resources for students who need mental health care.,18,0.57,3,1,F,France, i wish the university had more resources for students who need mental health care, I wish the university had more resources for students who need mental health care.,10.204449,5.3083563,4,0.98,Positive,0.7096,Cluster 4,💰 Financial Aid & Administration
Health and Well-being Support, The cost of medication and therapy is causing me a lot of financial stress.,16,0.84,4,1,F,France, the cost of medication and therapy is causing me a lot of financial stress, The cost of medication and therapy is causing me a lot of financial stress.,8.916555,5.282455,4,0.98,Negative,-0.4215,Cluster 4,💰 Financial Aid & Administration
Health and Well-being Support, I'm worried about my ability to pay for my medical expenses and stay in school.,19,0.9,2,1,M,France, im worried about my ability to pay for my medical expenses and stay in school, I'm worried about my ability to pay for my medical expenses and stay in school.,8.056204,5.773879,4,0.98,Negative,-0.0772,Cluster 4,💰 Financial Aid & Administration
Health and Well-being Support, It's unfair that some students have to choose between their health and their education.,21,0.52,4,1,F,France, its unfair that some students have to choose between their health and their education, It's unfair that some students have to choose between their health and their education.,9.564738,5.6619005,4,0.98,Negative,-0.4767,Cluster 4,💰 Financial Aid & Administration
Health and Well-being Support, I'm having a hard time finding a mental health care provider who is accepting new patients.,19,0.76,5,1,M,France, im having a hard time finding a mental health care provider who is accepting new patients, I'm having a hard time finding a mental health care provider who is accepting new patients.,9.563486,5.1520824,4,0.98,Positive,0.6597,Cluster 4,💰 Financial Aid & Administration
Health and Well-being Support, The university's mental health care services are understaffed and overbooked.,18,0.85,4,1,F,France, the universitys mental health care services are understaffed and overbooked, The university's mental health care services are understaffed and overbooked.,10.188277,5.3784184,4,0.98,Positive,0.4939,Cluster 4,💰 Financial Aid & Administration
Health and Well-being Support, I wish there were more affordable options for mental health care in the area.,26,1.45,4,1,F,France, i wish there were more affordable options for mental health care in the area, I wish there were more affordable options for mental health care in the area.,9.838685,5.2084327,4,0.98,Positive,0.7096,Cluster 4,💰 Financial Aid & Administration
Health and Well-being Support, It's frustrating that I have to pay for my medical expenses out of pocket and then wait for reimbursement.,26,0.44,4,1,F,France, its frustrating that i have to pay for my medical expenses out of pocket and then wait for reimbursement, It's frustrating that I have to pay for my medical expenses out of pocket and then wait for reimbursement.,8.573515,5.074379,4,0.98,Negative,-0.5106,Cluster 4,💰 Financial Aid & Administration
Health and Well-being Support, I'm worried about the long-term financial impact of my medical expenses and student loans.,25,1.53,4,1,M,France, im worried about the longterm financial impact of my medical expenses and student loans, I'm worried about the long-term financial impact of my medical expenses and student loans.,7.6763477,5.8835955,4,0.98,Negative,-0.296,Cluster 4,💰 Financial Aid & Administration
Health and Well-being Support, I feel like I'm drowning in medical debt and can't see a way out.,16,0.53,3,1,M,France, i feel like im drowning in medical debt and cant see a way out, I feel like I'm drowning in medical debt and can't see a way out.,7.995451,5.478223,4,0.98,Neutral,0.0,Cluster 4,💰 Financial Aid & Administration
Health and Well-being Support, The lack of affordable health insurance options for students is unacceptable.,21,2.08,1,1,M,France, the lack of affordable health insurance options for students is unacceptable, The lack of affordable health insurance options for students is unacceptable.,9.637902,5.5601807,4,0.98,Negative,-0.6486,Cluster 4,💰 Financial Aid & Administration
Health and Well-being Support, I'm concerned about the quality of care I can receive with the limited insurance options available to me.,16,3.06,3,1,F,France, im concerned about the quality of care i can receive with the limited insurance options available to me, I'm concerned about the quality of care I can receive with the limited insurance options available to me.,8.882461,5.0175385,4,0.98,Positive,0.3182,Cluster 4,💰 Financial Aid & Administration
Health and Well-being Support, I feel like my mental health care needs aren't being taken seriously by my insurance provider.,25,2.9,1,1,F,France, i feel like my mental health care needs arent being taken seriously by my insurance provider, I feel like my mental health care needs aren't being taken seriously by my insurance provider.,9.343764,5.19102,4,0.98,Positive,0.7366,Cluster 4,💰 Financial Aid & Administration
Health and Well-being Support, I'm struggling to find a medication that works for me and doesn't break the bank.,27,3.37,1,1,M,France, im struggling to find a medication that works for me and doesnt break the bank, I'm struggling to find a medication that works for me and doesn't break the bank.,8.996015,5.213117,4,0.98,Negative,-0.4215,Cluster 4,💰 Financial Aid & Administration
Health and Well-being Support," It's frustrating that the cost of medical treatment is so high, even with insurance.",25,2.31,1,1,M,France, its frustrating that the cost of medical treatment is so high even with insurance," It's frustrating that the cost of medical treatment is so high, even with insurance.",8.707789,5.0596313,4,0.98,Negative,-0.4404,Cluster 4,💰 Financial Aid & Administration
Health and Well-being Support, I wish there were more options for affordable mental health care outside of the university.,16,2.43,4,1,F,France, i wish there were more options for affordable mental health care outside of the university, I wish there were more options for affordable mental health care outside of the university.,10.05155,5.3306847,4,0.98,Positive,0.7096,Cluster 4,💰 Financial Aid & Administration
Health and Well-being Support, I'm worried that I won't be able to afford the medical treatments I need if my insurance doesn't cover them.,22,1.89,1,1,M,France, im worried that i wont be able to afford the medical treatments i need if my insurance doesnt cover them, I'm worried that I won't be able to afford the medical treatments I need if my insurance doesn't cover them.,8.807042,5.0022597,4,0.98,Negative,-0.296,Cluster 4,💰 Financial Aid & Administration
Health and Well-being Support,I'm really frustrated with the lack of coverage in my health insurance plan. I've had to pay out of pocket for so many medical expenses that should have been covered.,24,3.2,1,1,F,France,im really frustrated with the lack of coverage in my health insurance plan ive had to pay out of pocket for so many medical expenses that should have been covered,I'm really frustrated with the lack of coverage in my health insurance plan. I've had to pay out of pocket for so many medical expenses that should have been covered.,8.760068,5.0309916,4,0.98,Negative,-0.7501,Cluster 4,💰 Financial Aid & Administration
Health and Well-being Support,"The cost of my medical expenses is really overwhelming. Even with my insurance, I still have to pay so much for doctor visits, medications, and treatments.",24,3.93,2,1,M,France,the cost of my medical expenses is really overwhelming even with my insurance i still have to pay so much for doctor visits medications and treatments,"The cost of my medical expenses is really overwhelming. Even with my insurance, I still have to pay so much for doctor visits, medications, and treatments.",8.702489,5.125392,4,0.98,Negative,-0.1027,Cluster 4,💰 Financial Aid & Administration
Health and Well-being Support,"I've been struggling with mental health issues for a while now, but I don't have access to affordable mental health care. It's really discouraging and makes me feel like I'm not being taken seriously.",24,2.45,1,1,F,France,ive been struggling with mental health issues for a while now but i dont have access to affordable mental health care its really discouraging and makes me feel like im not being taken seriously,"I've been struggling with mental health issues for a while now, but I don't have access to affordable mental health care. It's really discouraging and makes me feel like I'm not being taken seriously.",9.455909,5.2363443,4,0.98,Positive,0.4832,Cluster 4,💰 Financial Aid & Administration
Health and Well-being Support,"Dealing with a chronic illness is already difficult enough, but the added stress of medical expenses is almost unbearable. I'm constantly worried about how I'm going to pay for my treatment.",25,2.41,4,1,M,France,dealing with a chronic illness is already difficult enough but the added stress of medical expenses is almost unbearable im constantly worried about how im going to pay for my treatment,"Dealing with a chronic illness is already difficult enough, but the added stress of medical expenses is almost unbearable. I'm constantly worried about how I'm going to pay for my treatment.",8.837373,5.1591067,4,0.98,Negative,-0.8658,Cluster 4,💰 Financial Aid & Administration
Health and Well-being Support,"I wish there were more options for mental health care on campus. It's hard to find affordable therapy or counseling, and the wait times for appointments are way too long.",19,2.93,1,1,M,France,i wish there were more options for mental health care on campus its hard to find affordable therapy or counseling and the wait times for appointments are way too long,"I wish there were more options for mental health care on campus. It's hard to find affordable therapy or counseling, and the wait times for appointments are way too long.",10.085262,5.266178,4,0.98,Positive,0.6705,Cluster 4,💰 Financial Aid & Administration
Health and Well-being Support,"I had to go to the emergency room for a medical emergency, and now I'm facing a huge bill that I don't know how to pay. It's really scary and overwhelming.",19,0.38,4,1,F,France,i had to go to the emergency room for a medical emergency and now im facing a huge bill that i dont know how to pay its really scary and overwhelming,"I had to go to the emergency room for a medical emergency, and now I'm facing a huge bill that I don't know how to pay. It's really scary and overwhelming.",8.521083,5.2243404,4,0.98,Negative,-0.7778,Cluster 4,💰 Financial Aid & Administration
Health and Well-being Support,"I've been trying to find a specialist for a specific medical condition, but it's been really difficult. There are limited options in my area and the ones that are available are really expensive.",18,0.62,3,1,F,France,ive been trying to find a specialist for a specific medical condition but its been really difficult there are limited options in my area and the ones that are available are really expensive,"I've been trying to find a specialist for a specific medical condition, but it's been really difficult. There are limited options in my area and the ones that are available are really expensive.",8.919091,5.075569,4,0.98,Negative,-0.7218,Cluster 4,💰 Financial Aid & Administration
Health and Well-being Support,"Mental health care should be a priority for universities, but it often feels like an afterthought. I wish there was more funding and resources dedicated to this important issue.",22,3.19,3,1,F,France,mental health care should be a priority for universities but it often feels like an afterthought i wish there was more funding and resources dedicated to this important issue,"Mental health care should be a priority for universities, but it often feels like an afterthought. I wish there was more funding and resources dedicated to this important issue.",10.168256,5.2855096,4,0.98,Positive,0.9337,Cluster 4,💰 Financial Aid & Administration
Health and Well-being Support,"I've been experiencing some medical symptoms that I'm really worried about, but I can't afford to see a doctor. It's frustrating and scary to feel like my health is out of my control.",27,0.09,3,1,M,France,ive been experiencing some medical symptoms that im really worried about but i cant afford to see a doctor its frustrating and scary to feel like my health is out of my control,"I've been experiencing some medical symptoms that I'm really worried about, but I can't afford to see a doctor. It's frustrating and scary to feel like my health is out of my control.",8.9093685,5.1889205,4,0.98,Negative,-0.7681,Cluster 4,💰 Financial Aid & Administration
Health and Well-being Support," Even with health insurance, I'm constantly getting hit with unexpected medical bills. It's hard to budget for something when you don't even know what the cost will be.",27,2.25,3,1,F,France, even with health insurance im constantly getting hit with unexpected medical bills its hard to budget for something when you dont even know what the cost will be," Even with health insurance, I'm constantly getting hit with unexpected medical bills. It's hard to budget for something when you don't even know what the cost will be.",8.683326,5.1523504,4,0.98,Negative,-0.1027,Cluster 4,💰 Financial Aid & Administration
Health and Well-being Support, It's really frustrating that mental health care is often seen as a luxury rather than a necessity. We should be investing more in mental health resources and support for students.,26,2.88,4,1,F,France, its really frustrating that mental health care is often seen as a luxury rather than a necessity we should be investing more in mental health resources and support for students, It's really frustrating that mental health care is often seen as a luxury rather than a necessity. We should be investing more in mental health resources and support for students.,10.096324,5.201229,4,0.98,Positive,0.4033,Cluster 4,💰 Financial Aid & Administration
Health and Well-being Support," I'm really grateful for the health insurance coverage I have, but it doesn't cover everything. The cost of medications and specialist appointments is still really high.",23,0.06,1,1,F,France, im really grateful for the health insurance coverage i have but it doesnt cover everything the cost of medications and specialist appointments is still really high," I'm really grateful for the health insurance coverage I have, but it doesn't cover everything. The cost of medications and specialist appointments is still really high.",8.803387,5.0255866,4,0.98,Positive,0.2838,Cluster 4,💰 Financial Aid & Administration
Health and Well-being Support," I've been putting off going to the doctor for a while now because I'm worried about the cost. It's a tough decision to make, but I can't afford to pay for medical expenses right now.",22,0.96,3,1,F,France, ive been putting off going to the doctor for a while now because im worried about the cost its a tough decision to make but i cant afford to pay for medical expenses right now," I've been putting off going to the doctor for a while now because I'm worried about the cost. It's a tough decision to make, but I can't afford to pay for medical expenses right now.",8.651537,5.0780644,4,0.98,Negative,-0.1043,Cluster 4,💰 Financial Aid & Administration
Health and Well-being Support, I wish there were more options for affordable health care on campus. It's hard to prioritize my health when the cost is so high.,16,1.23,2,1,M,France, i wish there were more options for affordable health care on campus its hard to prioritize my health when the cost is so high, I wish there were more options for affordable health care on campus. It's hard to prioritize my health when the cost is so high.,9.7732725,5.4411397,4,0.98,Positive,0.6705,Cluster 4,💰 Financial Aid & Administration
Health and Well-being Support, Dealing with medical expenses is really stressful and overwhelming. I wish there were more resources available to help students navigate this complicated system.,22,1.32,2,1,F,France, dealing with medical expenses is really stressful and overwhelming i wish there were more resources available to help students navigate this complicated system, Dealing with medical expenses is really stressful and overwhelming. I wish there were more resources available to help students navigate this complicated system.,8.371968,6.9912643,4,0.98,Positive,0.204,Cluster 4,💰 Financial Aid & Administration
Health and Well-being Support," Mental health care should be easily accessible to everyone, but it's not. It's frustrating that those who need it most often can't afford it.",16,2.26,5,1,M,France, mental health care should be easily accessible to everyone but its not its frustrating that those who need it most often cant afford it," Mental health care should be easily accessible to everyone, but it's not. It's frustrating that those who need it most often can't afford it.",9.8339405,5.167523,4,0.98,Positive,0.7104,Cluster 4,💰 Financial Aid & Administration
Health and Well-being Support," Even with insurance, I've had to pay thousands of dollars out of pocket for medical expenses. It's not fair that something like health care can be so financially crippling.",23,0.61,4,1,M,France, even with insurance ive had to pay thousands of dollars out of pocket for medical expenses its not fair that something like health care can be so financially crippling," Even with insurance, I've had to pay thousands of dollars out of pocket for medical expenses. It's not fair that something like health care can be so financially crippling.",8.707265,5.059479,4,0.98,Positive,0.5168,Cluster 4,💰 Financial Aid & Administration
Health and Well-being Support," I've been struggling with a chronic illness for years, and the cost of treatment is really starting to add up. It's hard to prioritize my health when I'm constantly worried about money.",22,3.85,2,1,M,France, ive been struggling with a chronic illness for years and the cost of treatment is really starting to add up its hard to prioritize my health when im constantly worried about money," I've been struggling with a chronic illness for years, and the cost of treatment is really starting to add up. It's hard to prioritize my health when I'm constantly worried about money.",8.869287,5.250172,4,0.98,Negative,-0.7964,Cluster 4,💰 Financial Aid & Administration
Health and Well-being Support, The lack of mental health resources on campus is really disappointing. It's hard to feel supported when there are so few options for care.,16,3.09,4,1,M,France, the lack of mental health resources on campus is really disappointing its hard to feel supported when there are so few options for care, The lack of mental health resources on campus is really disappointing. It's hard to feel supported when there are so few options for care.,10.08908,5.2460575,4,0.98,Negative,-0.2398,Cluster 4,💰 Financial Aid & Administration
Health and Well-being Support, I've had to choose between paying for necessary medical treatment and paying for other expenses like rent and groceries. It's not a decision anyone should have to make.,21,3.32,2,1,F,France, ive had to choose between paying for necessary medical treatment and paying for other expenses like rent and groceries its not a decision anyone should have to make, I've had to choose between paying for necessary medical treatment and paying for other expenses like rent and groceries. It's not a decision anyone should have to make.,8.71411,5.024374,4,0.98,Positive,0.3612,Cluster 4,💰 Financial Aid & Administration
Health and Well-being Support, I wish there were more options for free or low-cost mental health care. It's hard to afford something that's so essential to our well-being.,20,1.24,2,1,F,France, i wish there were more options for free or lowcost mental health care its hard to afford something thats so essential to our wellbeing, I wish there were more options for free or low-cost mental health care. It's hard to afford something that's so essential to our well-being.,9.880278,5.2157693,4,0.98,Positive,0.8428,Cluster 4,💰 Financial Aid & Administration
Health and Well-being Support, Dealing with medical bills and insurance claims is a full-time job,18,0.19,2,1,F,France, dealing with medical bills and insurance claims is a fulltime job, Dealing with medical bills and insurance claims is a full-time job,8.683777,5.0800653,4,0.98,Neutral,0.0,Cluster 4,💰 Financial Aid & Administration
International student experiences,"1. As an international student, I find it difficult to communicate with my peers because of the language barrier. It's frustrating because I want to be involved in group projects and extracurricular activities, but I struggle to express myself properly.""",23,4.0,1,1,M,France, as an international student i find it difficult to communicate with my peers because of the language barrier its frustrating because i want to be involved in group projects and extracurricular activities but i struggle to express myself properly,"1. As an international student, I find it difficult to communicate with my peers because of the language barrier. It's frustrating because I want to be involved in group projects and extracurricular activities, but I struggle to express myself properly.""",10.600122,12.698449,5,0.98,Negative,-0.6956,Cluster 5,🌍 Diversity & Inclusion Support
International student experiences,"2. ""I feel like there is a cultural gap between me and my classmates. Sometimes I don't understand the references they make or the way they approach certain topics. It makes it hard to feel like I'm truly part of the community.""",21,1.38,2,1,M,France, i feel like there is a cultural gap between me and my classmates sometimes i dont understand the references they make or the way they approach certain topics it makes it hard to feel like im truly part of the community,"2. ""I feel like there is a cultural gap between me and my classmates. Sometimes I don't understand the references they make or the way they approach certain topics. It makes it hard to feel like I'm truly part of the community.""",10.246815,12.791556,5,0.98,Positive,0.8225,Cluster 5,🌍 Diversity & Inclusion Support
International student experiences,"3. ""I wish there were more opportunities for international students to connect with each other. It can be comforting to talk to someone who understands the unique challenges we face, and it would help us feel less isolated.""",21,1.48,5,1,F,France, i wish there were more opportunities for international students to connect with each other it can be comforting to talk to someone who understands the unique challenges we face and it would help us feel less isolated,"3. ""I wish there were more opportunities for international students to connect with each other. It can be comforting to talk to someone who understands the unique challenges we face, and it would help us feel less isolated.""",10.396601,11.7035885,5,0.98,Positive,0.8514,Cluster 5,🌍 Diversity & Inclusion Support
International student experiences,"4. ""I appreciate the efforts the university makes to provide resources for international students, but sometimes they don't go far enough. I wish there were more language support services and cultural events to help us feel more at home.""",24,1.74,3,1,F,France, i appreciate the efforts the university makes to provide resources for international students but sometimes they dont go far enough i wish there were more language support services and cultural events to help us feel more at home,"4. ""I appreciate the efforts the university makes to provide resources for international students, but sometimes they don't go far enough. I wish there were more language support services and cultural events to help us feel more at home.""",10.859839,11.882108,5,0.98,Positive,0.9172,Cluster 5,🌍 Diversity & Inclusion Support
International student experiences,"5. ""I struggle to participate in class discussions because I'm not confident in my language skills. It's frustrating because I feel like I have a lot to contribute, but I'm held back by my lack of fluency.""",21,2.82,2,1,F,France, i struggle to participate in class discussions because im not confident in my language skills its frustrating because i feel like i have a lot to contribute but im held back by my lack of fluency,"5. ""I struggle to participate in class discussions because I'm not confident in my language skills. It's frustrating because I feel like I have a lot to contribute, but I'm held back by my lack of fluency.""",10.792864,12.948631,5,0.98,Negative,-0.6822,Cluster 5,🌍 Diversity & Inclusion Support
International student experiences,"6. ""I wish there were more opportunities for cultural exchange on campus. It would be great to learn more about the backgrounds and experiences of my fellow students, and to share my own culture with them.""",18,0.74,4,1,F,France, i wish there were more opportunities for cultural exchange on campus it would be great to learn more about the backgrounds and experiences of my fellow students and to share my own culture with them,"6. ""I wish there were more opportunities for cultural exchange on campus. It would be great to learn more about the backgrounds and experiences of my fellow students, and to share my own culture with them.""",10.125476,11.82173,5,0.98,Positive,0.8977,Cluster 5,🌍 Diversity & Inclusion Support
International student experiences,"7. ""It's hard to make friends as an international student because of the language and cultural barriers. I feel like I'm missing out on a lot of the social aspects of university life.""",19,1.91,4,1,M,France, its hard to make friends as an international student because of the language and cultural barriers i feel like im missing out on a lot of the social aspects of university life,"7. ""It's hard to make friends as an international student because of the language and cultural barriers. I feel like I'm missing out on a lot of the social aspects of university life.""",10.496835,12.664863,5,0.98,Positive,0.4588,Cluster 5,🌍 Diversity & Inclusion Support
International student experiences,"8. ""I appreciate the efforts of my professors to make the material accessible to international students, but sometimes it still feels like there's a divide between us and the domestic students.""",20,0.19,5,1,M,France, i appreciate the efforts of my professors to make the material accessible to international students but sometimes it still feels like theres a divide between us and the domestic students,"8. ""I appreciate the efforts of my professors to make the material accessible to international students, but sometimes it still feels like there's a divide between us and the domestic students.""",10.478479,11.743104,5,0.98,Positive,0.6249,Cluster 5,🌍 Diversity & Inclusion Support
International student experiences,"9. ""I wish there were more support systems in place for international students who are struggling to adjust. It can be overwhelming to navigate a new country and culture on your own.""",18,3.58,1,1,F,France, i wish there were more support systems in place for international students who are struggling to adjust it can be overwhelming to navigate a new country and culture on your own,"9. ""I wish there were more support systems in place for international students who are struggling to adjust. It can be overwhelming to navigate a new country and culture on your own.""",10.616261,11.834645,5,0.98,Positive,0.4391,Cluster 5,🌍 Diversity & Inclusion Support
International student experiences,"10. ""I've had some negative experiences with other students who seem impatient or dismissive of my language difficulties. It's disheartening and makes me feel like an outsider.""",18,2.95,2,1,M,France, ive had some negative experiences with other students who seem impatient or dismissive of my language difficulties its disheartening and makes me feel like an outsider,"10. ""I've had some negative experiences with other students who seem impatient or dismissive of my language difficulties. It's disheartening and makes me feel like an outsider.""",10.749783,12.920407,5,0.98,Negative,-0.8126,Cluster 5,🌍 Diversity & Inclusion Support
International student experiences,"11. ""I feel like I have to work twice as hard as other students just to keep up. It's exhausting and stressful, and sometimes I wonder if it's even worth it.""",20,1.01,3,1,F,France, i feel like i have to work twice as hard as other students just to keep up its exhausting and stressful and sometimes i wonder if its even worth it,"11. ""I feel like I have to work twice as hard as other students just to keep up. It's exhausting and stressful, and sometimes I wonder if it's even worth it.""",13.861191,6.08555,2,0.98,Negative,-0.4215,Cluster 2,📚 Academic Support & Wellbeing
International student experiences,"12. ""I wish there were more opportunities for language practice outside of the classroom. It's hard to improve my skills when I don't have many chances to speak with native speakers.""",27,3.55,4,1,M,France, i wish there were more opportunities for language practice outside of the classroom its hard to improve my skills when i dont have many chances to speak with native speakers,"12. ""I wish there were more opportunities for language practice outside of the classroom. It's hard to improve my skills when I don't have many chances to speak with native speakers.""",10.872082,12.592134,5,0.98,Positive,0.758,Cluster 5,🌍 Diversity & Inclusion Support
International student experiences,"13. ""Sometimes I feel like my professors don't fully understand the challenges I face as an international student. I wish there were more opportunities for them to hear our perspectives and concerns.""",23,1.2,4,1,F,France, sometimes i feel like my professors dont fully understand the challenges i face as an international student i wish there were more opportunities for them to hear our perspectives and concerns,"13. ""Sometimes I feel like my professors don't fully understand the challenges I face as an international student. I wish there were more opportunities for them to hear our perspectives and concerns.""",10.487147,11.830954,5,0.98,Positive,0.8251,Cluster 5,🌍 Diversity & Inclusion Support
International student experiences,"14. ""I worry that my language difficulties will hold me back in my future career. It's frustrating to think that I might be judged more harshly than native speakers, even if I'm just as qualified.""",19,2.04,1,1,F,France, i worry that my language difficulties will hold me back in my future career its frustrating to think that i might be judged more harshly than native speakers even if im just as qualified,"14. ""I worry that my language difficulties will hold me back in my future career. It's frustrating to think that I might be judged more harshly than native speakers, even if I'm just as qualified.""",10.652641,12.937426,5,0.98,Negative,-0.7906,Cluster 5,🌍 Diversity & Inclusion Support
International student experiences,"15. ""I appreciate the diversity on campus, but sometimes it feels like there's a lack of understanding between different cultural groups. I wish there were more opportunities for us to come together and learn from each other.""",16,2.14,1,1,M,France, i appreciate the diversity on campus but sometimes it feels like theres a lack of understanding between different cultural groups i wish there were more opportunities for us to come together and learn from each other,"15. ""I appreciate the diversity on campus, but sometimes it feels like there's a lack of understanding between different cultural groups. I wish there were more opportunities for us to come together and learn from each other.""",10.140946,11.971222,5,0.98,Positive,0.8604,Cluster 5,🌍 Diversity & Inclusion Support
International student experiences,"16. ""I feel like my language difficulties sometimes make me seem less intelligent or capable than I really am. It's frustrating to feel like I'm not being judged fairly.""",20,3.47,5,1,F,France, i feel like my language difficulties sometimes make me seem less intelligent or capable than i really am its frustrating to feel like im not being judged fairly,"16. ""I feel like my language difficulties sometimes make me seem less intelligent or capable than I really am. It's frustrating to feel like I'm not being judged fairly.""",10.666882,13.015132,5,0.98,Positive,0.569,Cluster 5,🌍 Diversity & Inclusion Support
International student experiences,"17. ""I wish there were more opportunities for international students to get involved in leadership positions on campus. It would be a great way to develop our skills and contribute to the university community.""",17,1.59,5,1,M,France, i wish there were more opportunities for international students to get involved in leadership positions on campus it would be a great way to develop our skills and contribute to the university community,"17. ""I wish there were more opportunities for international students to get involved in leadership positions on campus. It would be a great way to develop our skills and contribute to the university community.""",10.485854,11.450271,5,0.98,Positive,0.8655,Cluster 5,🌍 Diversity & Inclusion Support
International student experiences,"18. ""It can be hard to navigate the social norms of a new culture. I've had some embarrassing moments where I didn't realize I was being rude or disrespectful.""",20,1.82,3,1,M,France, it can be hard to navigate the social norms of a new culture ive had some embarrassing moments where i didnt realize i was being rude or disrespectful,"18. ""It can be hard to navigate the social norms of a new culture. I've had some embarrassing moments where I didn't realize I was being rude or disrespectful.""",10.147959,12.813859,5,0.98,Negative,-0.7184,Cluster 5,🌍 Diversity & Inclusion Support
International student experiences,"19. ""I worry that my language difficulties will make it hard for me to network and make professional connections. It's frustrating to feel like I'm at a disadvantage compared to native speakers.""",16,1.73,2,1,F,France, i worry that my language difficulties will make it hard for me to network and make professional connections its frustrating to feel like im at a disadvantage compared to native speakers,"19. ""I worry that my language difficulties will make it hard for me to network and make professional connections. It's frustrating to feel like I'm at a disadvantage compared to native speakers.""",10.729158,12.989006,5,0.98,Negative,-0.8271,Cluster 5,🌍 Diversity & Inclusion Support
International student experiences,"1. ""As an international student, I find it difficult to connect with my peers who speak a different language and have different cultural backgrounds than me. It's challenging to navigate social situations and form meaningful relationships.""",19,0.44,2,1,M,France, as an international student i find it difficult to connect with my peers who speak a different language and have different cultural backgrounds than me its challenging to navigate social situations and form meaningful relationships,"1. ""As an international student, I find it difficult to connect with my peers who speak a different language and have different cultural backgrounds than me. It's challenging to navigate social situations and form meaningful relationships.""",10.442753,12.694767,5,0.98,Positive,0.1027,Cluster 5,🌍 Diversity & Inclusion Support
International student experiences,"2. ""I wish the university offered more resources and support for international students who are struggling to communicate and connect with others. It can be isolating and overwhelming to be in a foreign country without a strong support system.""",18,3.33,3,1,M,France, i wish the university offered more resources and support for international students who are struggling to communicate and connect with others it can be isolating and overwhelming to be in a foreign country without a strong support system,"2. ""I wish the university offered more resources and support for international students who are struggling to communicate and connect with others. It can be isolating and overwhelming to be in a foreign country without a strong support system.""",10.7238245,11.735099,5,0.98,Negative,-0.2724,Cluster 5,🌍 Diversity & Inclusion Support
International student experiences,"3. ""I feel like I'm missing out on a lot of social opportunities because I struggle to communicate with other students who don't speak my language. It's frustrating and discouraging.""",26,1.7,2,1,F,France, i feel like im missing out on a lot of social opportunities because i struggle to communicate with other students who dont speak my language its frustrating and discouraging,"3. ""I feel like I'm missing out on a lot of social opportunities because I struggle to communicate with other students who don't speak my language. It's frustrating and discouraging.""",10.766091,12.826665,5,0.98,Negative,-0.6369,Cluster 5,🌍 Diversity & Inclusion Support
International student experiences,"4. ""I appreciate the efforts the university has made to create a diverse and inclusive environment, but as an international student, I still feel like an outsider. It's hard to find common ground with people who have such different experiences and perspectives.""",24,0.47,5,1,F,France, i appreciate the efforts the university has made to create a diverse and inclusive environment but as an international student i still feel like an outsider its hard to find common ground with people who have such different experiences and perspectives,"4. ""I appreciate the efforts the university has made to create a diverse and inclusive environment, but as an international student, I still feel like an outsider. It's hard to find common ground with people who have such different experiences and perspectives.""",10.434636,11.654686,5,0.98,Positive,0.6187,Cluster 5,🌍 Diversity & Inclusion Support
International student experiences,"5. ""I've been trying to improve my language skills and learn more about the culture of the country I'm studying in, but it's a slow process. Sometimes it feels like there's a language barrier that's impossible to overcome.""",26,3.16,1,1,M,France, ive been trying to improve my language skills and learn more about the culture of the country im studying in but its a slow process sometimes it feels like theres a language barrier thats impossible to overcome,"5. ""I've been trying to improve my language skills and learn more about the culture of the country I'm studying in, but it's a slow process. Sometimes it feels like there's a language barrier that's impossible to overcome.""",10.687705,12.923616,5,0.98,Positive,0.5346,Cluster 5,🌍 Diversity & Inclusion Support
International student experiences,"6. ""I think it would be helpful if the university organized more events and activities that are specifically designed to bring international and domestic students together. That way, we could learn from each other and build stronger relationships.""",23,2.94,4,1,M,France, i think it would be helpful if the university organized more events and activities that are specifically designed to bring international and domestic students together that way we could learn from each other and build stronger relationships,"6. ""I think it would be helpful if the university organized more events and activities that are specifically designed to bring international and domestic students together. That way, we could learn from each other and build stronger relationships.""",10.469733,11.562743,5,0.98,Positive,0.6597,Cluster 5,🌍 Diversity & Inclusion Support
International student experiences,"7. ""I appreciate the efforts of my fellow students to include me in their social circles, but sometimes I feel like they're just being polite and don't really want to get to know me. It's hard to know how to approach these situations.""",20,0.69,5,1,M,France, i appreciate the efforts of my fellow students to include me in their social circles but sometimes i feel like theyre just being polite and dont really want to get to know me its hard to know how to approach these situations,"7. ""I appreciate the efforts of my fellow students to include me in their social circles, but sometimes I feel like they're just being polite and don't really want to get to know me. It's hard to know how to approach these situations.""",10.407441,12.634493,5,0.98,Positive,0.4295,Cluster 5,🌍 Diversity & Inclusion Support
International student experiences,"8. ""I wish the university offered more language classes and tutoring services for international students. It can be difficult to keep up with coursework when you're struggling to understand the language.""",27,0.46,2,1,M,France, i wish the university offered more language classes and tutoring services for international students it can be difficult to keep up with coursework when youre struggling to understand the language,"8. ""I wish the university offered more language classes and tutoring services for international students. It can be difficult to keep up with coursework when you're struggling to understand the language.""",10.873514,11.997694,5,0.98,Negative,-0.3818,Cluster 5,🌍 Diversity & Inclusion Support
International student experiences,"9. ""I think it's important for the university to recognize the challenges that international students face and provide more support and resources to help us succeed academically and socially.""",26,2.06,4,1,M,France, i think its important for the university to recognize the challenges that international students face and provide more support and resources to help us succeed academically and socially,"9. ""I think it's important for the university to recognize the challenges that international students face and provide more support and resources to help us succeed academically and socially.""",10.568362,11.508273,5,0.98,Positive,0.8748,Cluster 5,🌍 Diversity & Inclusion Support
International student experiences,"10. ""Sometimes I feel like my cultural background is a barrier to making friends and fitting in with the rest of the student body. It's hard to know how to bridge that gap and find common ground with people who have such different experiences than me.""",20,1.95,3,1,M,France, sometimes i feel like my cultural background is a barrier to making friends and fitting in with the rest of the student body its hard to know how to bridge that gap and find common ground with people who have such different experiences than me,"10. ""Sometimes I feel like my cultural background is a barrier to making friends and fitting in with the rest of the student body. It's hard to know how to bridge that gap and find common ground with people who have such different experiences than me.""",10.310688,12.717008,5,0.98,Positive,0.5719,Cluster 5,🌍 Diversity & Inclusion Support
International student experiences,"11. ""I appreciate the efforts of my professors and classmates to help me feel included and supported, but there are still times when I feel like I'm on the outside looking in. It's a tough position to be in.""",20,0.36,2,1,F,France, i appreciate the efforts of my professors and classmates to help me feel included and supported but there are still times when i feel like im on the outside looking in its a tough position to be in,"11. ""I appreciate the efforts of my professors and classmates to help me feel included and supported, but there are still times when I feel like I'm on the outside looking in. It's a tough position to be in.""",12.314816,2.506713,10,0.8642,Positive,0.705,Cluster 10,💻 Online Learning & Platform Issues
International student experiences,"12. ""I think it would be helpful if the university provided more opportunities for international students to get involved in campus organizations and clubs. That way, we could meet more people and feel more connected to the campus community.""",27,2.58,3,1,M,France, i think it would be helpful if the university provided more opportunities for international students to get involved in campus organizations and clubs that way we could meet more people and feel more connected to the campus community,"12. ""I think it would be helpful if the university provided more opportunities for international students to get involved in campus organizations and clubs. That way, we could meet more people and feel more connected to the campus community.""",10.550395,11.516525,5,0.98,Positive,0.6901,Cluster 5,🌍 Diversity & Inclusion Support
International student experiences,"13. ""I sometimes feel like I'm not taken seriously or my ideas aren't valued because of my accent or the way I express myself. It's discouraging and makes me feel like I don't belong.""",18,1.49,4,1,F,France, i sometimes feel like im not taken seriously or my ideas arent valued because of my accent or the way i express myself its discouraging and makes me feel like i dont belong,"13. ""I sometimes feel like I'm not taken seriously or my ideas aren't valued because of my accent or the way I express myself. It's discouraging and makes me feel like I don't belong.""",10.461384,13.061808,5,0.98,Positive,0.0547,Cluster 5,🌍 Diversity & Inclusion Support
International student experiences,"14. ""I appreciate the efforts of the university to create a welcoming environment for international students, but sometimes it feels like a lot of the burden is placed on us to adapt and assimilate. It would be nice to have more support and understanding from the rest of the campus community.""",18,2.37,2,1,F,France, i appreciate the efforts of the university to create a welcoming environment for international students but sometimes it feels like a lot of the burden is placed on us to adapt and assimilate it would be nice to have more support and understanding from the rest of the campus community,"14. ""I appreciate the efforts of the university to create a welcoming environment for international students, but sometimes it feels like a lot of the burden is placed on us to adapt and assimilate. It would be nice to have more support and understanding from the rest of the campus community.""",10.564695,11.573231,5,0.98,Positive,0.887,Cluster 5,🌍 Diversity & Inclusion Support
International student experiences,"15. ""I've been trying to connect with other international students who speak the same language as me, but it's been difficult to find people who share my interests and hobbies. It can be isolating.""",25,3.63,3,1,F,France, ive been trying to connect with other international students who speak the same language as me but its been difficult to find people who share my interests and hobbies it can be isolating,"15. ""I've been trying to connect with other international students who speak the same language as me, but it's been difficult to find people who share my interests and hobbies. It can be isolating.""",10.562788,12.549379,5,0.98,Positive,0.2617,Cluster 5,🌍 Diversity & Inclusion Support
International student experiences,"16. ""I think it's important for the university to provide more cultural competency training for all students and faculty. That way, we can all learn how to better communicate and interact with people from different backgrounds.""",25,0.09,3,1,F,France, i think its important for the university to provide more cultural competency training for all students and faculty that way we can all learn how to better communicate and interact with people from different backgrounds,"16. ""I think it's important for the university to provide more cultural competency training for all students and faculty. That way, we can all learn how to better communicate and interact with people from different backgrounds.""",10.506369,11.508991,5,0.98,Positive,0.5719,Cluster 5,🌍 Diversity & Inclusion Support
International student experiences,"17. ""Sometimes I feel like my language and cultural differences are all people see when they look at me. I want to be recognized for my talents and abilities, not just my background.""",27,0.95,4,1,F,France, sometimes i feel like my language and cultural differences are all people see when they look at me i want to be recognized for my talents and abilities not just my background,"17. ""Sometimes I feel like my language and cultural differences are all people see when they look at me. I want to be recognized for my talents and abilities, not just my background.""",10.288415,12.970831,5,0.98,Positive,0.7783,Cluster 5,🌍 Diversity & Inclusion Support
International student experiences,"18. ""I think it's important for the university to create more opportunities for international students",17,0.11,2,1,M,France, i think its important for the university to create more opportunities for international students,"18. ""I think it's important for the university to create more opportunities for international students",10.5625515,11.491388,5,0.98,Positive,0.6997,Cluster 5,🌍 Diversity & Inclusion Support
International student experiences,"1. ""I feel isolated and lonely sometimes because I can't connect with other students due to the language barrier. It's hard to join conversations and make friends when you don't speak the same language.""",24,3.24,1,1,F,France, i feel isolated and lonely sometimes because i cant connect with other students due to the language barrier its hard to join conversations and make friends when you dont speak the same language,"1. ""I feel isolated and lonely sometimes because I can't connect with other students due to the language barrier. It's hard to join conversations and make friends when you don't speak the same language.""",10.632386,12.727417,5,0.98,Negative,-0.1027,Cluster 5,🌍 Diversity & Inclusion Support
International student experiences,"2. ""I love the diversity on campus, but sometimes it's hard to communicate with international students because of the cultural differences. It can be frustrating trying to understand their perspectives and vice versa.""",25,3.46,4,1,F,France, i love the diversity on campus but sometimes its hard to communicate with international students because of the cultural differences it can be frustrating trying to understand their perspectives and vice versa,"2. ""I love the diversity on campus, but sometimes it's hard to communicate with international students because of the cultural differences. It can be frustrating trying to understand their perspectives and vice versa.""",10.315132,12.066753,5,0.98,Negative,-0.431,Cluster 5,🌍 Diversity & Inclusion Support
International student experiences,"3. ""I think it would be helpful if the university provided more opportunities for international and domestic students to interact and learn from each other. Maybe language classes or cultural events.""",17,2.68,3,1,F,France, i think it would be helpful if the university provided more opportunities for international and domestic students to interact and learn from each other maybe language classes or cultural events,"3. ""I think it would be helpful if the university provided more opportunities for international and domestic students to interact and learn from each other. Maybe language classes or cultural events.""",10.743084,11.687148,5,0.98,Positive,0.6901,Cluster 5,🌍 Diversity & Inclusion Support
International student experiences,"4. ""I feel like I'm missing out on a lot because I can't fully participate in class discussions and group projects. It's hard to contribute when you don't have a full understanding of the language.""",16,1.8,3,1,M,France, i feel like im missing out on a lot because i cant fully participate in class discussions and group projects its hard to contribute when you dont have a full understanding of the language,"4. ""I feel like I'm missing out on a lot because I can't fully participate in class discussions and group projects. It's hard to contribute when you don't have a full understanding of the language.""",10.878399,12.87689,5,0.98,Neutral,-0.0258,Cluster 5,🌍 Diversity & Inclusion Support
International student experiences,"5. ""I appreciate the efforts that some professors make to accommodate international students, but I think there could be more support and resources available. Maybe a tutoring program or language exchange program.""",24,2.48,3,1,M,France, i appreciate the efforts that some professors make to accommodate international students but i think there could be more support and resources available maybe a tutoring program or language exchange program,"5. ""I appreciate the efforts that some professors make to accommodate international students, but I think there could be more support and resources available. Maybe a tutoring program or language exchange program.""",10.864364,11.981664,5,0.98,Positive,0.704,Cluster 5,🌍 Diversity & Inclusion Support
International student experiences,"6. ""It's frustrating when professors and classmates assume that all students are familiar with certain cultural references or idioms. It would be nice if there was more education and awareness around cultural differences.""",23,1.02,4,1,F,France, its frustrating when professors and classmates assume that all students are familiar with certain cultural references or idioms it would be nice if there was more education and awareness around cultural differences,"6. ""It's frustrating when professors and classmates assume that all students are familiar with certain cultural references or idioms. It would be nice if there was more education and awareness around cultural differences.""",10.247016,12.3315525,5,0.8964,Positive,0.25,Cluster 5,🌍 Diversity & Inclusion Support
International student experiences,"7. ""I've noticed that some international students are hesitant to speak up in class or ask questions because they're afraid of being misunderstood or judged. It would be great if the university provided more opportunities for them to practice their language skills in a safe and supportive environment.""",22,1.3,2,1,F,France, ive noticed that some international students are hesitant to speak up in class or ask questions because theyre afraid of being misunderstood or judged it would be great if the university provided more opportunities for them to practice their language skills in a safe and supportive environment,"7. ""I've noticed that some international students are hesitant to speak up in class or ask questions because they're afraid of being misunderstood or judged. It would be great if the university provided more opportunities for them to practice their language skills in a safe and supportive environment.""",10.833742,12.1593485,5,0.98,Positive,0.8268,Cluster 5,🌍 Diversity & Inclusion Support
International student experiences,"8. ""I think it would be helpful if the university provided more resources for international students who are struggling with language or cultural barriers. Maybe a mentorship program or support group.""",17,0.3,3,1,M,France, i think it would be helpful if the university provided more resources for international students who are struggling with language or cultural barriers maybe a mentorship program or support group,"8. ""I think it would be helpful if the university provided more resources for international students who are struggling with language or cultural barriers. Maybe a mentorship program or support group.""",10.932867,12.012207,5,0.98,Positive,0.4019,Cluster 5,🌍 Diversity & Inclusion Support
International student experiences,"9. ""As a domestic student, I sometimes feel guilty that I don't know more about other cultures and languages. I wish there were more opportunities for me to learn and engage with international students.""",25,3.94,5,1,M,France, as a domestic student i sometimes feel guilty that i dont know more about other cultures and languages i wish there were more opportunities for me to learn and engage with international students,"9. ""As a domestic student, I sometimes feel guilty that I don't know more about other cultures and languages. I wish there were more opportunities for me to learn and engage with international students.""",10.64484,12.136313,5,0.98,Positive,0.6361,Cluster 5,🌍 Diversity & Inclusion Support
International student experiences,"10. ""I've had some great conversations and learned a lot from international students, but it can still be frustrating when we can't fully communicate. I think the university should invest more in language and culture education for all students.""",26,2.56,3,1,M,France, ive had some great conversations and learned a lot from international students but it can still be frustrating when we cant fully communicate i think the university should invest more in language and culture education for all students,"10. ""I've had some great conversations and learned a lot from international students, but it can still be frustrating when we can't fully communicate. I think the university should invest more in language and culture education for all students.""",10.885963,12.127477,5,0.98,Negative,-0.3182,Cluster 5,🌍 Diversity & Inclusion Support
International student experiences,"11. ""I feel like I'm missing out on some of the benefits of a diverse student body because I can't fully connect with international students. It would be great if there were more opportunities for us to interact and learn from each other.""",18,3.39,2,1,M,France, i feel like im missing out on some of the benefits of a diverse student body because i cant fully connect with international students it would be great if there were more opportunities for us to interact and learn from each other,"11. ""I feel like I'm missing out on some of the benefits of a diverse student body because I can't fully connect with international students. It would be great if there were more opportunities for us to interact and learn from each other.""",10.286857,11.696932,5,0.98,Positive,0.8718,Cluster 5,🌍 Diversity & Inclusion Support
International student experiences,"12. ""I think it's important for the university to prioritize language and cultural diversity in its recruitment efforts. We need more international students and domestic students from diverse backgrounds to create a truly inclusive community.""",19,0.85,5,1,F,France, i think its important for the university to prioritize language and cultural diversity in its recruitment efforts we need more international students and domestic students from diverse backgrounds to create a truly inclusive community,"12. ""I think it's important for the university to prioritize language and cultural diversity in its recruitment efforts. We need more international students and domestic students from diverse backgrounds to create a truly inclusive community.""",10.478449,11.551299,5,0.98,Positive,0.7003,Cluster 5,🌍 Diversity & Inclusion Support
International student experiences,"13. ""It can be difficult to navigate social situations with international students because there are often cultural norms and expectations that I'm not familiar with. I wish there were more resources available to help bridge these gaps.""",19,3.19,4,1,F,France, it can be difficult to navigate social situations with international students because there are often cultural norms and expectations that im not familiar with i wish there were more resources available to help bridge these gaps,"13. ""It can be difficult to navigate social situations with international students because there are often cultural norms and expectations that I'm not familiar with. I wish there were more resources available to help bridge these gaps.""",10.648652,12.185187,5,0.98,Positive,0.4404,Cluster 5,🌍 Diversity & Inclusion Support
International student experiences,"14. ""I think it's important for the university to create a welcoming and inclusive environment for all students, regardless of their language or cultural background. We should celebrate our differences and learn from each other.""",22,3.14,3,1,M,France, i think its important for the university to create a welcoming and inclusive environment for all students regardless of their language or cultural background we should celebrate our differences and learn from each other,"14. ""I think it's important for the university to create a welcoming and inclusive environment for all students, regardless of their language or cultural background. We should celebrate our differences and learn from each other.""",10.41271,11.536923,5,0.98,Positive,0.8591,Cluster 5,🌍 Diversity & Inclusion Support
International student experiences,"15. ""Sometimes I feel like there's a divide between international and domestic students, and it's hard to bridge that gap. I think the university should do more to encourage and facilitate cross-cultural interactions.""",16,1.58,1,1,F,France, sometimes i feel like theres a divide between international and domestic students and its hard to bridge that gap i think the university should do more to encourage and facilitate crosscultural interactions,"15. ""Sometimes I feel like there's a divide between international and domestic students, and it's hard to bridge that gap. I think the university should do more to encourage and facilitate cross-cultural interactions.""",10.4417095,11.578966,5,0.98,Positive,0.6887,Cluster 5,🌍 Diversity & Inclusion Support
International student experiences,"16. ""I've noticed that some international students struggle with homesickness and feeling isolated. It would be great if the university provided more resources and support for these students.""",26,1.23,2,1,F,France, ive noticed that some international students struggle with homesickness and feeling isolated it would be great if the university provided more resources and support for these students,"16. ""I've noticed that some international students struggle with homesickness and feeling isolated. It would be great if the university provided more resources and support for these students.""",10.633726,11.687337,5,0.98,Positive,0.2878,Cluster 5,🌍 Diversity & Inclusion Support
International student experiences,"17. ""I think it would be helpful if the university offered more language courses for students who want to learn a new language. This would not only help international students, but also domestic students who are interested in language and culture.""",25,2.15,4,1,F,France, i think it would be helpful if the university offered more language courses for students who want to learn a new language this would not only help international students but also domestic students who are interested in language and culture,"17. ""I think it would be helpful if the university offered more language courses for students who want to learn a new language. This would not only help international students, but also domestic students who are interested in language and culture.""",10.92356,11.962238,5,0.98,Positive,0.6087,Cluster 5,🌍 Diversity & Inclusion Support
International student experiences,"18. ""I appreciate the diversity on campus, but sometimes it can be hard to navigate the different cultural norms and expectations. It would be great if the university provided more education and awareness around these issues.""",18,1.57,1,1,M,France, i appreciate the diversity on campus but sometimes it can be hard to navigate the different cultural norms and expectations it would be great if the university provided more education and awareness around these issues,"18. ""I appreciate the diversity on campus, but sometimes it can be hard to navigate the different cultural norms and expectations. It would be great if the university provided more education and awareness around these issues.""",10.158405,11.902131,5,0.98,Positive,0.7845,Cluster 5,🌍 Diversity & Inclusion Support
International student experiences,"19. ""I think it's important for the university to provide opportunities for international students to share their cultures and traditions",22,1.01,1,1,M,France, i think its important for the university to provide opportunities for international students to share their cultures and traditions,"19. ""I think it's important for the university to provide opportunities for international students to share their cultures and traditions",10.571365,11.442845,5,0.98,Positive,0.6808,Cluster 5,🌍 Diversity & Inclusion Support
International student experiences,"1. ""I find it difficult to communicate with my peers who are from different countries. Sometimes, I struggle to understand their accents or the way they express themselves.""",17,3.61,4,1,F,France, i find it difficult to communicate with my peers who are from different countries sometimes i struggle to understand their accents or the way they express themselves,"1. ""I find it difficult to communicate with my peers who are from different countries. Sometimes, I struggle to understand their accents or the way they express themselves.""",10.53898,13.019365,5,0.98,Negative,-0.5859,Cluster 5,🌍 Diversity & Inclusion Support
International student experiences,"2. ""As an international student, I often feel left out in group activities as most students prefer to converse in their native language.""",22,0.55,4,1,F,France, as an international student i often feel left out in group activities as most students prefer to converse in their native language,"2. ""As an international student, I often feel left out in group activities as most students prefer to converse in their native language.""",10.724347,12.589668,5,0.9648,Neutral,0.0,Cluster 5,🌍 Diversity & Inclusion Support
International student experiences,"3. ""It can be frustrating to constantly have to explain my cultural background to others, especially when they don't seem interested in understanding.""",17,0.62,2,1,F,France, it can be frustrating to constantly have to explain my cultural background to others especially when they dont seem interested in understanding,"3. ""It can be frustrating to constantly have to explain my cultural background to others, especially when they don't seem interested in understanding.""",10.279771,12.956433,5,0.98,Negative,-0.6319,Cluster 5,🌍 Diversity & Inclusion Support
International student experiences,"4. ""I wish there were more opportunities to learn about different cultures and interact with students from diverse backgrounds.""",21,1.78,3,1,F,France, i wish there were more opportunities to learn about different cultures and interact with students from diverse backgrounds,"4. ""I wish there were more opportunities to learn about different cultures and interact with students from diverse backgrounds.""",10.204641,11.851465,5,0.98,Positive,0.6801,Cluster 5,🌍 Diversity & Inclusion Support
International student experiences,"5. ""The language barrier can make it hard to participate in class discussions, which can be isolating.""",21,2.28,4,1,F,France, the language barrier can make it hard to participate in class discussions which can be isolating,"5. ""The language barrier can make it hard to participate in class discussions, which can be isolating.""",10.870436,12.960301,5,0.973,Negative,-0.2263,Cluster 5,🌍 Diversity & Inclusion Support
International student experiences,"6. ""I often feel like an outsider in social situations, as I struggle to connect with others due to cultural differences.""",20,2.16,1,1,F,France, i often feel like an outsider in social situations as i struggle to connect with others due to cultural differences,"6. ""I often feel like an outsider in social situations, as I struggle to connect with others due to cultural differences.""",10.196684,12.85156,5,0.98,Positive,0.0516,Cluster 5,🌍 Diversity & Inclusion Support
International student experiences,"7. ""It would be great if the university could organize more events that celebrate cultural diversity and promote inclusivity.""",16,2.49,2,1,F,France, it would be great if the university could organize more events that celebrate cultural diversity and promote inclusivity,"7. ""It would be great if the university could organize more events that celebrate cultural diversity and promote inclusivity.""",10.306866,11.682324,5,0.98,Positive,0.8925,Cluster 5,🌍 Diversity & Inclusion Support
International student experiences,"8. ""As an international student, I sometimes feel like I'm being judged based on stereotypes and misconceptions about my home country.""",23,1.8,3,1,M,France, as an international student i sometimes feel like im being judged based on stereotypes and misconceptions about my home country,"8. ""As an international student, I sometimes feel like I'm being judged based on stereotypes and misconceptions about my home country.""",10.388623,12.591332,5,0.98,Positive,0.3612,Cluster 5,🌍 Diversity & Inclusion Support
International student experiences,"9. ""I find it challenging to make friends with local students, as we often have different interests and experiences.""",26,0.01,2,1,F,France, i find it challenging to make friends with local students as we often have different interests and experiences,"9. ""I find it challenging to make friends with local students, as we often have different interests and experiences.""",10.379478,12.57939,5,0.98,Positive,0.6908,Cluster 5,🌍 Diversity & Inclusion Support
International student experiences,"10. ""There's a lack of awareness and understanding about the challenges faced by international students, which can make it hard to feel supported.""",18,3.62,4,1,F,France, theres a lack of awareness and understanding about the challenges faced by international students which can make it hard to feel supported,"10. ""There's a lack of awareness and understanding about the challenges faced by international students, which can make it hard to feel supported.""",10.587297,11.861853,5,0.98,Neutral,-0.0258,Cluster 5,🌍 Diversity & Inclusion Support
International student experiences,"11. ""I wish there were more language support programs available to help me improve my English skills.""",25,1.77,2,1,M,Mexico, i wish there were more language support programs available to help me improve my english skills,"11. ""I wish there were more language support programs available to help me improve my English skills.""",11.006561,12.208703,5,0.98,Positive,0.8828,Cluster 5,🌍 Diversity & Inclusion Support
International student experiences,"12. ""It can be tough to adapt to a new culture and environment, especially when there are cultural differences that I'm not used to.""",21,1.68,1,1,F,Mexico, it can be tough to adapt to a new culture and environment especially when there are cultural differences that im not used to,"12. ""It can be tough to adapt to a new culture and environment, especially when there are cultural differences that I'm not used to.""",10.195465,12.668404,5,0.98,Negative,-0.128,Cluster 5,🌍 Diversity & Inclusion Support
International student experiences,"13. ""I feel like I have to constantly explain myself and my culture to others, which can be exhausting.""",20,0.65,2,1,F,Mexico, i feel like i have to constantly explain myself and my culture to others which can be exhausting,"13. ""I feel like I have to constantly explain myself and my culture to others, which can be exhausting.""",10.231463,12.940156,5,0.98,Neutral,0.0,Cluster 5,🌍 Diversity & Inclusion Support
International student experiences,"14. ""It's hard to make connections with people when you don't share the same cultural references and experiences.""",27,0.03,5,1,F,Mexico, its hard to make connections with people when you dont share the same cultural references and experiences,"14. ""It's hard to make connections with people when you don't share the same cultural references and experiences.""",10.217426,12.873756,5,0.98,Negative,-0.3156,Cluster 5,🌍 Diversity & Inclusion Support
International student experiences,"15. ""Sometimes, I feel like my accent is a barrier to effective communication with my peers and professors.""",26,3.33,3,1,F,Mexico, sometimes i feel like my accent is a barrier to effective communication with my peers and professors,"15. ""Sometimes, I feel like my accent is a barrier to effective communication with my peers and professors.""",10.530835,12.9738035,5,0.98,Positive,0.6249,Cluster 5,🌍 Diversity & Inclusion Support
International student experiences,"16. ""I wish there were more opportunities for international and local students to collaborate and work together on projects.""",19,2.57,5,1,F,Mexico, i wish there were more opportunities for international and local students to collaborate and work together on projects,"16. ""I wish there were more opportunities for international and local students to collaborate and work together on projects.""",10.376409,11.138268,5,0.9629,Positive,0.6801,Cluster 5,🌍 Diversity & Inclusion Support
International student experiences,"17. ""There's a lack of cultural sensitivity and awareness on campus, which can lead to misunderstandings and conflicts.""",16,2.99,1,1,F,Mexico, theres a lack of cultural sensitivity and awareness on campus which can lead to misunderstandings and conflicts,"17. ""There's a lack of cultural sensitivity and awareness on campus, which can lead to misunderstandings and conflicts.""",10.2306795,12.090235,5,0.98,Negative,-0.5994,Cluster 5,🌍 Diversity & Inclusion Support
International student experiences,"18. ""It's frustrating when people make assumptions about me based on my race or ethnicity, without taking the time to get to know me as an individual.""",18,3.38,2,1,F,Mexico, its frustrating when people make assumptions about me based on my race or ethnicity without taking the time to get to know me as an individual,"18. ""It's frustrating when people make assumptions about me based on my race or ethnicity, without taking the time to get to know me as an individual.""",10.222106,12.93782,5,0.98,Negative,-0.4404,Cluster 5,🌍 Diversity & Inclusion Support
International student experiences,"19. ""As an international student, I sometimes feel like I'm not taken seriously in academic settings because of my accent or cultural background.""",24,3.47,1,1,M,Mexico, as an international student i sometimes feel like im not taken seriously in academic settings because of my accent or cultural background,"19. ""As an international student, I sometimes feel like I'm not taken seriously in academic settings because of my accent or cultural background.""",10.446258,12.90857,5,0.98,Positive,0.4621,Cluster 5,🌍 Diversity & Inclusion Support
International student experiences,"20. ""I would love to see more cultural exchange programs offered by the university to help students learn from each other.""",22,1.13,2,1,M,Mexico, i would love to see more cultural exchange programs offered by the university to help students learn from each other,"20. ""I would love to see more cultural exchange programs offered by the university to help students learn from each other.""",10.415695,11.667426,5,0.98,Positive,0.7845,Cluster 5,🌍 Diversity & Inclusion Support
International student experiences,"21. ""It can be difficult to find common ground with people from vastly different cultures and backgrounds.""",27,0.67,1,1,M,Mexico, it can be difficult to find common ground with people from vastly different cultures and backgrounds,"21. ""It can be difficult to find common ground with people from vastly different cultures and backgrounds.""",10.196174,12.76548,5,0.98,Negative,-0.3612,Cluster 5,🌍 Diversity & Inclusion Support
International student experiences,"22. ""I wish there were more resources available to help international students navigate the challenges of studying abroad.""",20,3.12,4,1,M,Mexico, i wish there were more resources available to help international students navigate the challenges of studying abroad,"22. ""I wish there were more resources available to help international students navigate the challenges of studying abroad.""",10.9503765,11.896999,5,0.98,Positive,0.6908,Cluster 5,🌍 Diversity & Inclusion Support
International student experiences,"23. ""I sometimes feel like I have to compromise my cultural identity in order to fit in with my peers.""",22,2.78,4,1,M,Mexico, i sometimes feel like i have to compromise my cultural identity in order to fit in with my peers,"23. ""I sometimes feel like I have to compromise my cultural identity in order to fit in with my peers.""",10.119473,12.898125,5,0.98,Positive,0.6124,Cluster 5,🌍 Diversity & Inclusion Support
International student experiences,"24. ""It can be tough to balance the demands of academic work with the challenges of adapting to a new culture.""",21,0.8,3,1,F,Mexico, it can be tough to balance the demands of academic work with the challenges of adapting to a new culture,"24. ""It can be tough to balance the demands of academic work with the challenges of adapting to a new culture.""",10.145285,12.376515,5,0.8254,Negative,-0.0516,Cluster 5,🌍 Diversity & Inclusion Support
International student experiences,"25. ""I wish there were more opportunities to learn about the local culture and customs, as well as share my own cultural traditions with others.""",19,1.8,2,1,F,Mexico, i wish there were more opportunities to learn about the local culture and customs as well as share my own cultural traditions with others,"25. ""I wish there were more opportunities to learn about the local culture and customs, as well as share my own cultural traditions with others.""",10.187627,11.9212,5,0.98,Positive,0.8357,Cluster 5,🌍 Diversity & Inclusion Support
International student experiences,"26. ""Sometimes, I feel like I'm not able to fully express myself or my opinions in discussions because of language barriers.""",25,2.92,5,1,M,Mexico, sometimes i feel like im not able to fully express myself or my opinions in discussions because of language barriers,"26. ""Sometimes, I feel like I'm not able to fully express myself or my opinions in discussions because of language barriers.""",10.722786,13.039585,5,0.98,Positive,0.3612,Cluster 5,🌍 Diversity & Inclusion Support
International student experiences,"27. ""I would appreciate it if the university could offer more language support services to help me improve my communication skills.""",23,1.25,1,1,M,Mexico, i would appreciate it if the university could offer more language support services to help me improve my communication skills,"27. ""I would appreciate it if the university could offer more language support services to help me improve my communication skills.""",11.052286,12.052461,5,0.98,Positive,0.8828,Cluster 5,🌍 Diversity & Inclusion Support
International student experiences,"28. ""It can be hard to navigate the social scene on campus when you don't share the same interests or cultural background as most students.""",26,1.88,1,1,M,Mexico, it can be hard to navigate the social scene on campus when you dont share the same interests or cultural background as most students,"28. ""It can be hard to navigate the social scene on campus when you don't share the same interests or cultural background as most students.""",10.218446,12.445574,5,0.9052,Negative,-0.0742,Cluster 5,🌍 Diversity & Inclusion Support
International student experiences,"29. ""I find it difficult to build relationships with professors and academic advisors because of the language and cultural barriers.""",18,1.44,1,1,M,Mexico, i find it difficult to build relationships with professors and academic advisors because of the language and cultural barriers,"29. ""I find it difficult to build relationships with professors and academic advisors because of the language and cultural barriers.""",10.385589,12.766165,5,0.98,Negative,-0.3612,Cluster 5,🌍 Diversity & Inclusion Support
International student experiences,"30. ""I wish there were more opportunities for international students to share their perspectives and experiences with the wider campus community.""",18,2.34,3,1,M,Mexico, i wish there were more opportunities for international students to share their perspectives and experiences with the wider campus community,"30. ""I wish there were more opportunities for international students to share their perspectives and experiences with the wider campus community.""",10.336255,11.543115,5,0.98,Positive,0.7778,Cluster 5,🌍 Diversity & Inclusion Support
Online learning,The online learning experience has been difficult due to poor internet connectivity and frequent technical difficulties.,27,2.25,3,1,F,Mexico,the online learning experience has been difficult due to poor internet connectivity and frequent technical difficulties,The online learning experience has been difficult due to poor internet connectivity and frequent technical difficulties.,12.846861,1.6782858,10,0.98,Negative,-0.7783,Cluster 10,💻 Online Learning & Platform Issues
Online learning,Limited access to online resources has made it difficult to complete assignments and stay on track with coursework.,17,3.28,4,1,M,Mexico,limited access to online resources has made it difficult to complete assignments and stay on track with coursework,Limited access to online resources has made it difficult to complete assignments and stay on track with coursework.,12.781437,1.0831642,10,0.6283,Negative,-0.5267,Cluster 10,💻 Online Learning & Platform Issues
Online learning,Time zone differences for online classes have been a challenge for international students who have to adjust their schedules to accommodate the class times.,26,3.17,4,1,F,Mexico,time zone differences for online classes have been a challenge for international students who have to adjust their schedules to accommodate the class times,Time zone differences for online classes have been a challenge for international students who have to adjust their schedules to accommodate the class times.,13.481553,2.6226997,10,0.4087,Positive,0.0772,Cluster 10,💻 Online Learning & Platform Issues
Online learning,"Professors have limited availability during online classes, which has made it difficult to get the support needed to succeed in the course.",19,2.73,2,1,F,Mexico,professors have limited availability during online classes which has made it difficult to get the support needed to succeed in the course,"Professors have limited availability during online classes, which has made it difficult to get the support needed to succeed in the course.",12.166012,2.2865415,10,0.8642,Positive,0.3612,Cluster 10,💻 Online Learning & Platform Issues
Online learning,"Online students have limited access to internships and job opportunities, which puts them at a disadvantage compared to on-campus students.",17,2.23,1,1,M,Mexico,online students have limited access to internships and job opportunities which puts them at a disadvantage compared to oncampus students,"Online students have limited access to internships and job opportunities, which puts them at a disadvantage compared to on-campus students.",12.172003,1.7088133,10,0.9057,Negative,-0.2732,Cluster 10,💻 Online Learning & Platform Issues
Online learning,The lack of face-to-face interaction in online classes has made it difficult to engage with peers and build relationships with professors.,26,1.27,3,1,F,Mexico,the lack of facetoface interaction in online classes has made it difficult to engage with peers and build relationships with professors,The lack of face-to-face interaction in online classes has made it difficult to engage with peers and build relationships with professors.,12.338071,2.272681,10,0.8642,Negative,-0.34,Cluster 10,💻 Online Learning & Platform Issues
Online learning,Technical difficulties with online classes have caused some students to fall behind on coursework and struggle to catch up.,22,0.88,2,1,M,Mexico,technical difficulties with online classes have caused some students to fall behind on coursework and struggle to catch up,Technical difficulties with online classes have caused some students to fall behind on coursework and struggle to catch up.,12.808733,1.8718848,10,0.98,Negative,-0.5423,Cluster 10,💻 Online Learning & Platform Issues
Online learning,Limited access to online resources has made it difficult to find and access the materials needed to complete assignments and study for exams.,25,2.96,5,1,M,Mexico,limited access to online resources has made it difficult to find and access the materials needed to complete assignments and study for exams,Limited access to online resources has made it difficult to find and access the materials needed to complete assignments and study for exams.,12.743292,0.9098635,10,0.5588,Negative,-0.5267,Cluster 10,💻 Online Learning & Platform Issues
Online learning,Time zone differences for online classes have made it challenging to balance coursework with other commitments and responsibilities.,19,1.65,4,1,F,Mexico,time zone differences for online classes have made it challenging to balance coursework with other commitments and responsibilities,Time zone differences for online classes have made it challenging to balance coursework with other commitments and responsibilities.,13.431112,2.6187751,10,0.414,Positive,0.2732,Cluster 10,💻 Online Learning & Platform Issues
Online learning, Limited availability of professors during online classes has made it difficult to get timely feedback and support on coursework.,24,2.69,1,1,M,Mexico, limited availability of professors during online classes has made it difficult to get timely feedback and support on coursework, Limited availability of professors during online classes has made it difficult to get timely feedback and support on coursework.,12.182371,2.3145895,10,0.8642,Negative,-0.1779,Cluster 10,💻 Online Learning & Platform Issues
Online learning, Online students often miss out on networking opportunities and face-to-face interactions with professors and peers.,23,0.51,5,1,M,Mexico, online students often miss out on networking opportunities and facetoface interactions with professors and peers, Online students often miss out on networking opportunities and face-to-face interactions with professors and peers.,12.345824,2.3289409,10,0.8642,Positive,0.25,Cluster 10,💻 Online Learning & Platform Issues
Online learning," The lack of access to on-campus resources, such as the library and student support services, has put online students at a disadvantage.",27,2.34,2,1,F,Mexico, the lack of access to oncampus resources such as the library and student support services has put online students at a disadvantage," The lack of access to on-campus resources, such as the library and student support services, has put online students at a disadvantage.",12.313213,1.575687,10,0.7951,Negative,-0.34,Cluster 10,💻 Online Learning & Platform Issues
Online learning, Technical difficulties with online classes have caused some students to become frustrated and lose motivation.,19,3.04,5,1,F,Mexico, technical difficulties with online classes have caused some students to become frustrated and lose motivation, Technical difficulties with online classes have caused some students to become frustrated and lose motivation.,12.81117,1.8146861,10,0.98,Negative,-0.7096,Cluster 10,💻 Online Learning & Platform Issues
Online learning, Limited access to online resources has made it difficult to fully engage with course material and succeed in the class.,16,1.0,1,1,F,Mexico, limited access to online resources has made it difficult to fully engage with course material and succeed in the class, Limited access to online resources has made it difficult to fully engage with course material and succeed in the class.,12.717437,1.3889738,10,0.98,Positive,0.3597,Cluster 10,💻 Online Learning & Platform Issues
Online learning, Time zone differences for online classes have made it difficult to attend live lectures and participate in group activities.,25,2.16,5,1,M,Mexico, time zone differences for online classes have made it difficult to attend live lectures and participate in group activities, Time zone differences for online classes have made it difficult to attend live lectures and participate in group activities.,13.4713745,2.699455,10,0.408,Negative,-0.3612,Cluster 10,💻 Online Learning & Platform Issues
Online learning, Limited availability of professors during online classes has made it difficult to get personalized attention and support.,26,0.9,1,1,F,Mexico, limited availability of professors during online classes has made it difficult to get personalized attention and support, Limited availability of professors during online classes has made it difficult to get personalized attention and support.,12.193489,2.3376641,10,0.8642,Negative,-0.1779,Cluster 10,💻 Online Learning & Platform Issues
Online learning, Online students often feel isolated and disconnected from the campus community.,22,3.32,5,1,F,Mexico, online students often feel isolated and disconnected from the campus community, Online students often feel isolated and disconnected from the campus community.,12.170491,1.8708069,10,0.7675,Negative,-0.3182,Cluster 10,💻 Online Learning & Platform Issues
Online learning, Technical difficulties with online classes have caused some students to question the effectiveness of online learning.,17,0.95,1,1,M,Mexico, technical difficulties with online classes have caused some students to question the effectiveness of online learning, Technical difficulties with online classes have caused some students to question the effectiveness of online learning.,12.669739,1.7509307,10,0.98,Negative,-0.296,Cluster 10,💻 Online Learning & Platform Issues
Online learning, Limited access to online resources has made it difficult to stay organized and keep track of assignments and deadlines.,22,1.42,3,1,M,Mexico, limited access to online resources has made it difficult to stay organized and keep track of assignments and deadlines, Limited access to online resources has made it difficult to stay organized and keep track of assignments and deadlines.,12.792336,1.0894756,10,0.6139,Negative,-0.5267,Cluster 10,💻 Online Learning & Platform Issues
Online learning, Time zone differences for online classes have made it difficult to balance coursework with work and other responsibilities.,19,0.39,4,1,M,Mexico, time zone differences for online classes have made it difficult to balance coursework with work and other responsibilities, Time zone differences for online classes have made it difficult to balance coursework with work and other responsibilities.,13.4836235,2.6327908,10,0.4111,Negative,-0.3612,Cluster 10,💻 Online Learning & Platform Issues
Online learning, Limited availability of professors during online classes has made it difficult to get the guidance needed to succeed in the course.,19,0.36,2,1,M,Mexico, limited availability of professors during online classes has made it difficult to get the guidance needed to succeed in the course, Limited availability of professors during online classes has made it difficult to get the guidance needed to succeed in the course.,12.144519,2.226316,10,0.8642,Negative,-0.0516,Cluster 10,💻 Online Learning & Platform Issues
Online learning, Online students often struggle to stay motivated and engaged in their coursework without the support of in-person interactions.,25,2.23,5,1,F,Mexico, online students often struggle to stay motivated and engaged in their coursework without the support of inperson interactions, Online students often struggle to stay motivated and engaged in their coursework without the support of in-person interactions.,12.701845,2.2262857,10,0.98,Positive,0.2828,Cluster 10,💻 Online Learning & Platform Issues
Online learning, Technical difficulties with online classes have caused some students to fall behind and struggle to catch up.,17,3.14,1,1,M,Mexico, technical difficulties with online classes have caused some students to fall behind and struggle to catch up, Technical difficulties with online classes have caused some students to fall behind and struggle to catch up.,12.74731,1.7889339,10,0.98,Negative,-0.5423,Cluster 10,💻 Online Learning & Platform Issues
Online learning, Limited access to online resources has made it difficult to fully participate in class discussions and activities.,16,2.09,1,1,M,Mexico, limited access to online resources has made it difficult to fully participate in class discussions and activities, Limited access to online resources has made it difficult to fully participate in class discussions and activities.,12.671265,1.3855274,10,0.9483,Negative,-0.5267,Cluster 10,💻 Online Learning & Platform Issues
Online learning, Time zone differences for online classes have made it difficult to attend office hours and get individualized attention from professors.,26,2.23,5,1,M,Mexico, time zone differences for online classes have made it difficult to attend office hours and get individualized attention from professors, Time zone differences for online classes have made it difficult to attend office hours and get individualized attention from professors.,13.478396,2.6339214,10,0.4041,Negative,-0.3612,Cluster 10,💻 Online Learning & Platform Issues
Online learning, Limited availability of professors during online classes has made it difficult to get timely feedback on assignments and exams.,22,3.0,2,1,F,Mexico, limited availability of professors during online classes has made it difficult to get timely feedback on assignments and exams, Limited availability of professors during online classes has made it difficult to get timely feedback on assignments and exams.,12.189446,2.3092976,10,0.8642,Negative,-0.5267,Cluster 10,💻 Online Learning & Platform Issues
Online learning, Online students often feel like they are missing out on the full college experience by not being on campus.,21,0.91,5,1,F,Mexico, online students often feel like they are missing out on the full college experience by not being on campus, Online students often feel like they are missing out on the full college experience by not being on campus.,12.1169405,1.8532454,10,0.9057,Positive,0.0772,Cluster 10,💻 Online Learning & Platform Issues
Online learning, Technical difficulties with online classes have caused some students to become discouraged and lose motivation.,22,0.69,5,1,M,Mexico, technical difficulties with online classes have caused some students to become discouraged and lose motivation, Technical difficulties with online classes have caused some students to become discouraged and lose motivation.,12.802739,1.8325471,10,0.98,Negative,-0.6369,Cluster 10,💻 Online Learning & Platform Issues
Online learning, Limited access to online resources has made it difficult to access additional support and resources for struggling students.,25,2.69,1,1,M,Mexico, limited access to online resources has made it difficult to access additional support and resources for struggling students, Limited access to online resources has made it difficult to access additional support and resources for struggling students.,12.590619,1.2958481,10,0.9725,Negative,-0.5423,Cluster 10,💻 Online Learning & Platform Issues
Online learning, Time zone differences for online classes have made it difficult to participate in group projects and work collaboratively with peers.,23,2.95,3,1,F,Mexico, time zone differences for online classes have made it difficult to participate in group projects and work collaboratively with peers, Time zone differences for online classes have made it difficult to participate in group projects and work collaboratively with peers.,13.44848,2.6607273,10,0.4086,Negative,-0.3612,Cluster 10,💻 Online Learning & Platform Issues
Online learning,Online classes are not the same as in-person classes. I find it hard to stay engaged and motivated with online learning.,17,0.1,3,1,F,Mexico,online classes are not the same as inperson classes i find it hard to stay engaged and motivated with online learning,Online classes are not the same as in-person classes. I find it hard to stay engaged and motivated with online learning.,12.918274,2.1325555,10,0.98,Positive,0.6486,Cluster 10,💻 Online Learning & Platform Issues
Online learning,Technical issues with the online platform make it difficult to participate in class and complete assignments.,26,0.55,2,1,M,Mexico,technical issues with the online platform make it difficult to participate in class and complete assignments,Technical issues with the online platform make it difficult to participate in class and complete assignments.,12.902397,1.6457213,10,0.98,Negative,-0.3612,Cluster 10,💻 Online Learning & Platform Issues
Online learning,The lack of in-person interaction and support from professors has been challenging in my online courses.,23,2.23,1,1,M,Mexico,the lack of inperson interaction and support from professors has been challenging in my online courses,The lack of in-person interaction and support from professors has been challenging in my online courses.,12.351828,2.3721335,10,0.8642,Positive,0.25,Cluster 10,💻 Online Learning & Platform Issues
Online learning,Online classes require a lot of self-discipline and time management skills that not all students have developed yet.,26,2.98,1,1,F,Mexico,online classes require a lot of selfdiscipline and time management skills that not all students have developed yet,Online classes require a lot of self-discipline and time management skills that not all students have developed yet.,12.930892,2.0340164,10,0.98,Neutral,0.0,Cluster 10,💻 Online Learning & Platform Issues
Online learning,It is difficult to build relationships with classmates and professors in an online setting.,16,3.95,2,1,M,Mexico,it is difficult to build relationships with classmates and professors in an online setting,It is difficult to build relationships with classmates and professors in an online setting.,12.340881,2.3731294,10,0.8642,Negative,-0.3612,Cluster 10,💻 Online Learning & Platform Issues
Online learning,"The quality of education in online classes is not the same as in-person classes, and it can be frustrating to pay full tuition for a lesser experience.",20,3.5,5,1,F,Mexico,the quality of education in online classes is not the same as inperson classes and it can be frustrating to pay full tuition for a lesser experience,"The quality of education in online classes is not the same as in-person classes, and it can be frustrating to pay full tuition for a lesser experience.",12.856424,2.0226321,10,0.98,Negative,-0.5106,Cluster 10,💻 Online Learning & Platform Issues
Online learning,The lack of access to campus resources and facilities is a major downside to online classes.,23,2.72,3,1,M,Mexico,the lack of access to campus resources and facilities is a major downside to online classes,The lack of access to campus resources and facilities is a major downside to online classes.,12.208331,1.661051,10,0.8511,Negative,-0.5563,Cluster 10,💻 Online Learning & Platform Issues
Online learning,The time difference for international students can make it difficult to attend online classes and participate in group projects.,22,3.85,1,1,F,Mexico,the time difference for international students can make it difficult to attend online classes and participate in group projects,The time difference for international students can make it difficult to attend online classes and participate in group projects.,13.368952,2.6640773,10,0.4087,Negative,-0.3612,Cluster 10,💻 Online Learning & Platform Issues
Online learning,The lack of face-to-face interaction in online classes makes it hard to ask questions and receive feedback.,19,3.11,3,1,M,Mexico,the lack of facetoface interaction in online classes makes it hard to ask questions and receive feedback,The lack of face-to-face interaction in online classes makes it hard to ask questions and receive feedback.,12.429081,2.2184541,10,0.8642,Negative,-0.4019,Cluster 10,💻 Online Learning & Platform Issues
Online learning," The online format can be especially challenging for hands-on courses like art, music, and lab-based sciences.",23,2.87,5,1,F,Mexico, the online format can be especially challenging for handson courses like art music and labbased sciences," The online format can be especially challenging for hands-on courses like art, music, and lab-based sciences.",12.608659,1.4838368,10,0.9057,Positive,0.5256,Cluster 10,💻 Online Learning & Platform Issues
Online learning, Limited access to technical resources and software can hinder the learning experience in online classes.,22,1.68,3,1,F,Mexico, limited access to technical resources and software can hinder the learning experience in online classes, Limited access to technical resources and software can hinder the learning experience in online classes.,12.8022375,1.3068196,10,0.98,Negative,-0.2263,Cluster 10,💻 Online Learning & Platform Issues
Online learning," It is challenging to maintain focus and avoid distractions during online classes, especially for students living in crowded or noisy environments.",23,2.5,5,1,M,Mexico, it is challenging to maintain focus and avoid distractions during online classes especially for students living in crowded or noisy environments," It is challenging to maintain focus and avoid distractions during online classes, especially for students living in crowded or noisy environments.",12.776928,1.8022349,10,0.98,Negative,-0.5106,Cluster 10,💻 Online Learning & Platform Issues
Online learning, The increased screen time from online classes can cause eye strain and fatigue.,17,1.48,1,1,M,Mexico, the increased screen time from online classes can cause eye strain and fatigue, The increased screen time from online classes can cause eye strain and fatigue.,12.796689,1.787791,10,0.98,Neutral,-0.0258,Cluster 10,💻 Online Learning & Platform Issues
Online learning, Online exams and assessments can be more challenging and stressful than in-person tests.,18,2.9,1,1,F,Mexico, online exams and assessments can be more challenging and stressful than inperson tests, Online exams and assessments can be more challenging and stressful than in-person tests.,13.037626,1.6785463,10,0.834,Negative,-0.3961,Cluster 10,💻 Online Learning & Platform Issues
Online learning, It is difficult to stay motivated and accountable for completing online coursework without the structure of in-person classes.,16,0.12,3,1,F,Mexico, it is difficult to stay motivated and accountable for completing online coursework without the structure of inperson classes, It is difficult to stay motivated and accountable for completing online coursework without the structure of in-person classes.,12.856009,2.164753,10,0.98,Positive,0.128,Cluster 10,💻 Online Learning & Platform Issues
Online learning, Online classes can exacerbate feelings of isolation and loneliness for students who struggle to make connections with peers.,19,3.73,1,1,F,Mexico, online classes can exacerbate feelings of isolation and loneliness for students who struggle to make connections with peers, Online classes can exacerbate feelings of isolation and loneliness for students who struggle to make connections with peers.,12.360551,2.0263927,10,0.8642,Negative,-0.7783,Cluster 10,💻 Online Learning & Platform Issues
Online learning, Technical difficulties with online exams and quizzes can lead to anxiety and frustration.,20,3.05,4,1,M,Mexico, technical difficulties with online exams and quizzes can lead to anxiety and frustration, Technical difficulties with online exams and quizzes can lead to anxiety and frustration.,13.041277,1.5741904,10,0.8236,Negative,-0.7184,Cluster 10,💻 Online Learning & Platform Issues
Online learning, The lack of access to professors during online classes can make it difficult to receive help and feedback on coursework.,25,1.02,4,1,F,Mexico, the lack of access to professors during online classes can make it difficult to receive help and feedback on coursework, The lack of access to professors during online classes can make it difficult to receive help and feedback on coursework.,12.275895,2.1337888,10,0.8642,Negative,-0.2732,Cluster 10,💻 Online Learning & Platform Issues
Online learning, Online classes can make it harder to balance academic responsibilities with work or family obligations.,22,0.36,2,1,M,Mexico, online classes can make it harder to balance academic responsibilities with work or family obligations, Online classes can make it harder to balance academic responsibilities with work or family obligations.,12.84799,1.9157602,10,0.98,Neutral,0.0,Cluster 10,💻 Online Learning & Platform Issues
Online learning, Limited access to internships and job opportunities for online students can hinder their career prospects.,22,3.0,5,1,F,Mexico, limited access to internships and job opportunities for online students can hinder their career prospects, Limited access to internships and job opportunities for online students can hinder their career prospects.,11.661263,8.65863,6,0.98,Positive,0.4404,Cluster 6,💼 Career & Internship Opportunities
Online learning, The lack of networking opportunities and professional development events for online students can be a major drawback.,25,3.78,3,1,F,Mexico, the lack of networking opportunities and professional development events for online students can be a major drawback, The lack of networking opportunities and professional development events for online students can be a major drawback.,10.197185,9.77853,6,0.98,Positive,0.0772,Cluster 6,💼 Career & Internship Opportunities
Online learning, The online format can make it challenging to participate in extracurricular activities and clubs.,27,0.46,5,1,M,Mexico, the online format can make it challenging to participate in extracurricular activities and clubs, The online format can make it challenging to participate in extracurricular activities and clubs.,12.30847,1.7357017,10,0.9057,Positive,0.1531,Cluster 10,💻 Online Learning & Platform Issues
Online learning, Online classes can create a sense of disconnection from the campus community and culture.,23,1.75,2,1,F,Mexico, online classes can create a sense of disconnection from the campus community and culture, Online classes can create a sense of disconnection from the campus community and culture.,12.2438,1.8120333,10,0.8537,Positive,0.2732,Cluster 10,💻 Online Learning & Platform Issues
Online learning, It is harder to form study groups and collaborate with classmates in an online setting.,24,2.0,5,1,F,Mexico, it is harder to form study groups and collaborate with classmates in an online setting, It is harder to form study groups and collaborate with classmates in an online setting.,12.7663555,2.2260792,10,0.7662,Neutral,0.0,Cluster 10,💻 Online Learning & Platform Issues
Online learning, Technical difficulties with online class recordings can lead to missed lectures and important information.,19,4.0,4,1,M,Mexico, technical difficulties with online class recordings can lead to missed lectures and important information, Technical difficulties with online class recordings can lead to missed lectures and important information.,12.655298,1.7106632,10,0.98,Negative,-0.3818,Cluster 10,💻 Online Learning & Platform Issues
Online learning, The lack of access to campus facilities like libraries and study spaces can make it harder to study and complete coursework.,20,0.06,3,1,M,Mexico, the lack of access to campus facilities like libraries and study spaces can make it harder to study and complete coursework, The lack of access to campus facilities like libraries and study spaces can make it harder to study and complete coursework.,11.997372,1.475336,10,0.6036,Positive,0.0516,Cluster 10,💻 Online Learning & Platform Issues
Online learning, Online classes can be particularly challenging for students who need hands-on assistance from professors or peers.,22,3.49,2,1,F,Mexico, online classes can be particularly challenging for students who need handson assistance from professors or peers, Online classes can be particularly challenging for students who need hands-on assistance from professors or peers.,12.58178,1.8566482,10,0.8895,Positive,0.2247,Cluster 10,💻 Online Learning & Platform Issues
Online learning, The lack of in-person support and resources for mental health and wellness can make online classes particularly difficult for some students.,23,0.12,5,1,F,Mexico, the lack of inperson support and resources for mental health and wellness can make online classes particularly difficult for some students, The lack of in-person support and resources for mental health and wellness can make online classes particularly difficult for some students.,12.607483,2.0820463,10,0.7985,Positive,0.1298,Cluster 10,💻 Online Learning & Platform Issues
Online learning, The lack of access to campus events and activities can make the college experience feel incomplete for online students.,27,1.54,1,1,F,Mexico, the lack of access to campus events and activities can make the college experience feel incomplete for online students, The lack of access to campus events and activities can make the college experience feel incomplete for online students.,12.1629095,1.7703286,10,0.6796,Negative,-0.3182,Cluster 10,💻 Online Learning & Platform Issues
Online learning, The limited availability of online courses and programs can make it difficult for students to meet graduation requirements or pursue specific fields of study.,20,1.35,2,1,F,Mexico, the limited availability of online courses and programs can make it difficult for students to meet graduation requirements or pursue specific fields of study, The limited availability of online courses and programs can make it difficult for students to meet graduation requirements or pursue specific fields of study.,12.12367,1.8322889,10,0.7159,Negative,-0.5267,Cluster 10,💻 Online Learning & Platform Issues
Online learning,"Online classes are a convenient way to learn, but the technical difficulties I faced this semester made it very frustrating.",26,0.93,3,1,M,Mexico,online classes are a convenient way to learn but the technical difficulties i faced this semester made it very frustrating,"Online classes are a convenient way to learn, but the technical difficulties I faced this semester made it very frustrating.",12.727828,1.683254,10,0.98,Negative,-0.7958,Cluster 10,💻 Online Learning & Platform Issues
Online learning,"I struggled with finding all the necessary resources for my online classes, and the limited access to them made it even harder.",16,0.04,4,1,F,Mexico,i struggled with finding all the necessary resources for my online classes and the limited access to them made it even harder,"I struggled with finding all the necessary resources for my online classes, and the limited access to them made it even harder.",12.7013855,1.2037921,10,0.9369,Negative,-0.5106,Cluster 10,💻 Online Learning & Platform Issues
Online learning,Being in a different time zone than my online classes made it hard to participate in live discussions and group work.,23,2.12,1,1,F,Mexico,being in a different time zone than my online classes made it hard to participate in live discussions and group work,Being in a different time zone than my online classes made it hard to participate in live discussions and group work.,13.456745,2.6680782,10,0.4081,Negative,-0.1027,Cluster 10,💻 Online Learning & Platform Issues
Online learning,It was difficult to get in touch with my professors during online classes and I often had to wait for days to receive a response.,26,3.85,4,1,F,Mexico,it was difficult to get in touch with my professors during online classes and i often had to wait for days to receive a response,It was difficult to get in touch with my professors during online classes and I often had to wait for days to receive a response.,12.210938,2.282869,10,0.8642,Negative,-0.3612,Cluster 10,💻 Online Learning & Platform Issues
Online learning,"As an online student, I feel like I'm missing out on internship and job opportunities that are only available to in-person students.",22,1.17,2,1,F,Mexico,as an online student i feel like im missing out on internship and job opportunities that are only available to inperson students,"As an online student, I feel like I'm missing out on internship and job opportunities that are only available to in-person students.",11.593016,8.787406,6,0.98,Positive,0.4404,Cluster 6,💼 Career & Internship Opportunities
Online learning,The lack of interaction and engagement in my online classes made it hard to stay motivated and focused on the material.,18,0.26,2,1,F,Mexico,the lack of interaction and engagement in my online classes made it hard to stay motivated and focused on the material,The lack of interaction and engagement in my online classes made it hard to stay motivated and focused on the material.,12.932612,2.199602,10,0.98,Positive,0.7096,Cluster 10,💻 Online Learning & Platform Issues
Online learning,I wish there were more opportunities for online students to collaborate and connect with each other.,19,3.51,5,1,F,Mexico,i wish there were more opportunities for online students to collaborate and connect with each other,I wish there were more opportunities for online students to collaborate and connect with each other.,10.279811,10.379148,6,0.8108,Positive,0.6801,Cluster 6,💼 Career & Internship Opportunities
Online learning,"The online platform we use for classes is outdated and difficult to navigate, which makes the learning experience more frustrating.",26,1.04,3,1,M,Mexico,the online platform we use for classes is outdated and difficult to navigate which makes the learning experience more frustrating,"The online platform we use for classes is outdated and difficult to navigate, which makes the learning experience more frustrating.",12.91189,1.5585046,10,0.98,Negative,-0.6901,Cluster 10,💻 Online Learning & Platform Issues
Online learning,"I struggled with managing my time effectively during online classes, especially with other commitments like work and family.",19,2.12,2,1,F,Mexico,i struggled with managing my time effectively during online classes especially with other commitments like work and family,"I struggled with managing my time effectively during online classes, especially with other commitments like work and family.",13.134042,2.1674318,10,0.8647,Positive,0.5809,Cluster 10,💻 Online Learning & Platform Issues
Online learning, The lack of face-to-face interaction in my online classes made it hard to build relationships with my classmates and professors.,23,2.4,4,1,M,Mexico, the lack of facetoface interaction in my online classes made it hard to build relationships with my classmates and professors, The lack of face-to-face interaction in my online classes made it hard to build relationships with my classmates and professors.,12.396901,2.2931075,10,0.8046,Negative,-0.4019,Cluster 10,💻 Online Learning & Platform Issues
Online learning, The limited access to online tutoring and academic support made it hard to succeed in my classes.,27,1.38,2,1,M,Mexico, the limited access to online tutoring and academic support made it hard to succeed in my classes, The limited access to online tutoring and academic support made it hard to succeed in my classes.,12.710915,1.4535184,10,0.98,Positive,0.5574,Cluster 10,💻 Online Learning & Platform Issues
Online learning," I experienced a lot of technical difficulties during my online exams, which caused me a lot of stress and anxiety.",24,0.88,2,1,M,Mexico, i experienced a lot of technical difficulties during my online exams which caused me a lot of stress and anxiety," I experienced a lot of technical difficulties during my online exams, which caused me a lot of stress and anxiety.",13.092682,1.5419782,10,0.8519,Negative,-0.6908,Cluster 10,💻 Online Learning & Platform Issues
Online learning," The online class discussion boards were often filled with unhelpful and irrelevant comments, which made it hard to engage with the material.",19,1.79,1,1,F,Mexico, the online class discussion boards were often filled with unhelpful and irrelevant comments which made it hard to engage with the material," The online class discussion boards were often filled with unhelpful and irrelevant comments, which made it hard to engage with the material.",12.603207,1.6815126,10,0.98,Positive,0.25,Cluster 10,💻 Online Learning & Platform Issues
Online learning," I feel like I'm not getting my money's worth with online classes, as the learning experience isn't the same as in-person classes.",22,0.03,1,1,F,Mexico, i feel like im not getting my moneys worth with online classes as the learning experience isnt the same as inperson classes," I feel like I'm not getting my money's worth with online classes, as the learning experience isn't the same as in-person classes.",12.905548,2.0719888,10,0.98,Positive,0.5267,Cluster 10,💻 Online Learning & Platform Issues
Online learning, It's hard to feel connected to my university and the campus community when I'm taking classes online from a different location.,20,0.2,2,1,F,Mexico, its hard to feel connected to my university and the campus community when im taking classes online from a different location, It's hard to feel connected to my university and the campus community when I'm taking classes online from a different location.,12.133063,1.8600957,10,0.6833,Negative,-0.1027,Cluster 10,💻 Online Learning & Platform Issues
Online learning, The lack of structure and routine in my online classes made it hard to stay motivated and focused on the material.,26,0.86,5,1,F,Mexico, the lack of structure and routine in my online classes made it hard to stay motivated and focused on the material, The lack of structure and routine in my online classes made it hard to stay motivated and focused on the material.,12.946062,2.1455615,10,0.98,Positive,0.4404,Cluster 10,💻 Online Learning & Platform Issues
Online learning," I had difficulty adjusting to the online learning environment, and I feel like I'm not getting the same quality education as in-person students.",27,0.27,1,1,M,Mexico, i had difficulty adjusting to the online learning environment and i feel like im not getting the same quality education as inperson students," I had difficulty adjusting to the online learning environment, and I feel like I'm not getting the same quality education as in-person students.",12.818672,2.046496,10,0.8808,Neutral,0.0258,Cluster 10,💻 Online Learning & Platform Issues
Online learning, The online classes are not accommodating to students with different learning styles and preferences.,21,0.18,4,1,M,Mexico, the online classes are not accommodating to students with different learning styles and preferences, The online classes are not accommodating to students with different learning styles and preferences.,12.812896,1.7768807,10,0.98,Neutral,0.0,Cluster 10,💻 Online Learning & Platform Issues
Online learning, The lack of in-person feedback and interaction with my professors made it hard to improve my skills and knowledge.,25,2.57,1,1,M,Mexico, the lack of inperson feedback and interaction with my professors made it hard to improve my skills and knowledge, The lack of in-person feedback and interaction with my professors made it hard to improve my skills and knowledge.,12.213584,2.403312,10,0.8642,Positive,0.0516,Cluster 10,💻 Online Learning & Platform Issues
Online learning," As an online student, I feel isolated and disconnected from the campus community and extracurricular activities.",18,1.15,5,1,F,Mexico, as an online student i feel isolated and disconnected from the campus community and extracurricular activities," As an online student, I feel isolated and disconnected from the campus community and extracurricular activities.",12.1652975,1.8981102,10,0.6663,Negative,-0.3182,Cluster 10,💻 Online Learning & Platform Issues
Online learning, The limited access to online library resources and research databases made it hard to complete assignments and projects.,27,1.07,1,1,M,Mexico, the limited access to online library resources and research databases made it hard to complete assignments and projects, The limited access to online library resources and research databases made it hard to complete assignments and projects.,10.525472,-0.5957155,3,0.98,Negative,-0.3182,Cluster 3,🔬 Research & Technology Resources
Online learning," It's frustrating to have to rely on technology for my education, especially when it's not always reliable or user-friendly.",18,3.96,2,1,F,Mexico, its frustrating to have to rely on technology for my education especially when its not always reliable or userfriendly," It's frustrating to have to rely on technology for my education, especially when it's not always reliable or user-friendly.",14.193504,1.0664872,10,0.3399,Negative,-0.4404,Cluster 10,💻 Online Learning & Platform Issues
Online learning," I feel like online classes aren't preparing me for the real world and workplace, where in-person communication and collaboration are essential skills.",19,3.74,4,1,M,Mexico, i feel like online classes arent preparing me for the real world and workplace where inperson communication and collaboration are essential skills," I feel like online classes aren't preparing me for the real world and workplace, where in-person communication and collaboration are essential skills.",12.910827,2.066923,10,0.98,Positive,0.3612,Cluster 10,💻 Online Learning & Platform Issues
Online learning," The online platform we use for classes is not accessible for students with disabilities, which is a major issue.",21,0.83,5,1,F,Mexico, the online platform we use for classes is not accessible for students with disabilities which is a major issue," The online platform we use for classes is not accessible for students with disabilities, which is a major issue.",12.756914,1.5054506,10,0.98,Neutral,0.0,Cluster 10,💻 Online Learning & Platform Issues
Online learning, I wish there were more opportunities for online students to interact with professors and receive feedback on their work.,19,1.96,2,1,F,Mexico, i wish there were more opportunities for online students to interact with professors and receive feedback on their work, I wish there were more opportunities for online students to interact with professors and receive feedback on their work.,12.12095,2.4510248,10,0.8642,Positive,0.6801,Cluster 10,💻 Online Learning & Platform Issues
Online learning, The lack of structure and clear expectations in my online classes made it hard to know what was expected of me and how to succeed.,25,0.7,3,1,M,Mexico, the lack of structure and clear expectations in my online classes made it hard to know what was expected of me and how to succeed, The lack of structure and clear expectations in my online classes made it hard to know what was expected of me and how to succeed.,12.901879,1.9820693,10,0.98,Positive,0.4767,Cluster 10,💻 Online Learning & Platform Issues
Online learning," As an online student, I feel like I'm not receiving the same level of support and resources as in-person students.",20,2.18,2,1,F,Mexico, as an online student i feel like im not receiving the same level of support and resources as inperson students," As an online student, I feel like I'm not receiving the same level of support and resources as in-person students.",12.706753,2.1493492,10,0.8181,Positive,0.6369,Cluster 10,💻 Online Learning & Platform Issues
Online learning," I had to spend a lot of money on additional technology and equipment to participate in my online classes, which was a financial burden.",16,3.79,5,1,F,Mexico, i had to spend a lot of money on additional technology and equipment to participate in my online classes which was a financial burden," I had to spend a lot of money on additional technology and equipment to participate in my online classes, which was a financial burden.",12.825971,1.3267539,10,0.98,Negative,-0.4404,Cluster 10,💻 Online Learning & Platform Issues
Online learning, The lack of hands-on learning and practical experience in my online classes made it hard to apply the knowledge to real-world situations.,22,3.62,3,1,F,Mexico, the lack of handson learning and practical experience in my online classes made it hard to apply the knowledge to realworld situations, The lack of hands-on learning and practical experience in my online classes made it hard to apply the knowledge to real-world situations.,12.827287,1.8623947,10,0.98,Negative,-0.4019,Cluster 10,💻 Online Learning & Platform Issues
Online learning, I feel like I'm missing out on the social and networking opportunities that come with in-person classes and campus events.,21,0.11,2,1,F,Mexico, i feel like im missing out on the social and networking opportunities that come with inperson classes and campus events, I feel like I'm missing out on the social and networking opportunities that come with in-person classes and campus events.,10.00579,9.9779825,6,0.98,Positive,0.4404,Cluster 6,💼 Career & Internship Opportunities
Student Affairs,"""I recently applied for a military certificate through the student affairs office, but it's been weeks and I haven't received any update on the status of my application.""",17,3.28,4,1,F,Mexico,i recently applied for a military certificate through the student affairs office but its been weeks and i havent received any update on the status of my application,"""I recently applied for a military certificate through the student affairs office, but it's been weeks and I haven't received any update on the status of my application.""",4.765019,3.150975,4,0.1847,Neutral,0.0,Cluster 4,💰 Financial Aid & Administration
Student Affairs,"""The student affairs office seems to be disorganized and inefficient when it comes to managing birth certificates. I had to make multiple trips to their office just to get mine processed.""",19,2.47,4,1,M,Mexico,the student affairs office seems to be disorganized and inefficient when it comes to managing birth certificates i had to make multiple trips to their office just to get mine processed,"""The student affairs office seems to be disorganized and inefficient when it comes to managing birth certificates. I had to make multiple trips to their office just to get mine processed.""",4.628972,2.8920062,-1,0.15,Negative,-0.296,Unclassified Feedback,🌀 Unclassified Institutional Feedback
Student Affairs,"""I need my training certificate for an internship opportunity, but the student affairs office keeps giving me the runaround and hasn't provided any clear timeline for when I can expect to receive it.""",18,2.98,5,1,F,Mexico,i need my training certificate for an internship opportunity but the student affairs office keeps giving me the runaround and hasnt provided any clear timeline for when i can expect to receive it,"""I need my training certificate for an internship opportunity, but the student affairs office keeps giving me the runaround and hasn't provided any clear timeline for when I can expect to receive it.""",4.820737,3.1688602,-1,0.15,Positive,0.3013,Unclassified Feedback,🌀 Unclassified Institutional Feedback
Student Affairs,"""The process for obtaining student certificates is unnecessarily complicated and time-consuming. It's taking away from my ability to focus on my studies.""",26,3.19,3,1,M,Mexico,the process for obtaining student certificates is unnecessarily complicated and timeconsuming its taking away from my ability to focus on my studies,"""The process for obtaining student certificates is unnecessarily complicated and time-consuming. It's taking away from my ability to focus on my studies.""",4.643965,2.922496,-1,0.15,Positive,0.3182,Unclassified Feedback,🌀 Unclassified Institutional Feedback
Student Affairs,"""The student affairs office needs to do a better job of communicating with students about the status of their certificate requests. It's frustrating not knowing where things stand.""",18,1.4,5,1,M,Mexico,the student affairs office needs to do a better job of communicating with students about the status of their certificate requests its frustrating not knowing where things stand,"""The student affairs office needs to do a better job of communicating with students about the status of their certificate requests. It's frustrating not knowing where things stand.""",4.466913,2.7310598,-1,0.15,Neutral,0.0,Unclassified Feedback,🌀 Unclassified Institutional Feedback
Student Affairs,"""I submitted my military certificate application on time, but the student affairs office failed to process it in a timely manner, causing me to miss out on a scholarship opportunity.""",23,0.36,2,1,M,Mexico,i submitted my military certificate application on time but the student affairs office failed to process it in a timely manner causing me to miss out on a scholarship opportunity,"""I submitted my military certificate application on time, but the student affairs office failed to process it in a timely manner, causing me to miss out on a scholarship opportunity.""",4.7836657,3.1999023,4,0.1851,Negative,-0.3919,Cluster 4,💰 Financial Aid & Administration
Student Affairs,"""The student affairs office needs to streamline their processes for managing birth certificates. It shouldn't take weeks to get a simple document processed.""",16,2.96,5,1,M,Mexico,the student affairs office needs to streamline their processes for managing birth certificates it shouldnt take weeks to get a simple document processed,"""The student affairs office needs to streamline their processes for managing birth certificates. It shouldn't take weeks to get a simple document processed.""",4.689449,3.0121956,-1,0.15,Neutral,0.0,Unclassified Feedback,🌀 Unclassified Institutional Feedback
Student Affairs,"""I've been waiting for my training certificate for over a month now, and every time I follow up with the student affairs office, they tell me it's still being processed.""",22,0.44,3,1,F,Mexico,ive been waiting for my training certificate for over a month now and every time i follow up with the student affairs office they tell me its still being processed,"""I've been waiting for my training certificate for over a month now, and every time I follow up with the student affairs office, they tell me it's still being processed.""",4.7999935,3.1385899,4,0.1843,Neutral,0.0,Cluster 4,💰 Financial Aid & Administration
Student Affairs,"""The lack of transparency in the student affairs office's certificate management processes is unacceptable. Students deserve better communication and clearer timelines.""",27,2.37,5,1,M,Mexico,the lack of transparency in the student affairs offices certificate management processes is unacceptable students deserve better communication and clearer timelines,"""The lack of transparency in the student affairs office's certificate management processes is unacceptable. Students deserve better communication and clearer timelines.""",4.5007167,2.762541,-1,0.15,Negative,-0.34,Unclassified Feedback,🌀 Unclassified Institutional Feedback
Student Affairs," ""I've had nothing but frustration and delays in trying to obtain my student certificates. The student affairs office needs to overhaul their processes and make it easier for students to get what they need.""",26,2.14,4,1,F,Mexico, ive had nothing but frustration and delays in trying to obtain my student certificates the student affairs office needs to overhaul their processes and make it easier for students to get what they need," ""I've had nothing but frustration and delays in trying to obtain my student certificates. The student affairs office needs to overhaul their processes and make it easier for students to get what they need.""",4.6101446,2.8946705,-1,0.15,Positive,0.7924,Unclassified Feedback,🌀 Unclassified Institutional Feedback
Student Affairs," ""The student affairs office seems to prioritize administrative tasks over student needs. It's time for them to focus on improving their services for students.""",21,0.67,1,1,M,Mexico, the student affairs office seems to prioritize administrative tasks over student needs its time for them to focus on improving their services for students," ""The student affairs office seems to prioritize administrative tasks over student needs. It's time for them to focus on improving their services for students.""",4.414229,2.6700428,-1,0.15,Positive,0.4215,Unclassified Feedback,🌀 Unclassified Institutional Feedback
Student Affairs," ""I had to wait in line for hours just to submit my military certificate application, and it still hasn't been processed. This is unacceptable.""",19,1.97,4,1,F,Mexico, i had to wait in line for hours just to submit my military certificate application and it still hasnt been processed this is unacceptable," ""I had to wait in line for hours just to submit my military certificate application, and it still hasn't been processed. This is unacceptable.""",4.7830496,3.2173798,4,0.1851,Negative,-0.4588,Cluster 4,💰 Financial Aid & Administration
Student Affairs," ""The student affairs office should provide online options for submitting and tracking certificate requests. It would save students a lot of time and hassle.""",18,3.8,1,1,M,Mexico, the student affairs office should provide online options for submitting and tracking certificate requests it would save students a lot of time and hassle," ""The student affairs office should provide online options for submitting and tracking certificate requests. It would save students a lot of time and hassle.""",4.538672,2.8139925,-1,0.15,Positive,0.4939,Unclassified Feedback,🌀 Unclassified Institutional Feedback
Student Affairs," ""I've heard from multiple students that the student affairs office is notoriously slow when it comes to processing birth certificates. It's time for them to make some changes.""",18,1.4,2,1,F,Mexico, ive heard from multiple students that the student affairs office is notoriously slow when it comes to processing birth certificates its time for them to make some changes," ""I've heard from multiple students that the student affairs office is notoriously slow when it comes to processing birth certificates. It's time for them to make some changes.""",4.6738625,2.9699302,-1,0.15,Neutral,0.0,Unclassified Feedback,🌀 Unclassified Institutional Feedback
Student Affairs," ""The student affairs office needs to take responsibility for their mistakes and improve their processes for managing certificates. Students shouldn't have to suffer because of their incompetence.""",18,0.03,4,1,F,Mexico, the student affairs office needs to take responsibility for their mistakes and improve their processes for managing certificates students shouldnt have to suffer because of their incompetence," ""The student affairs office needs to take responsibility for their mistakes and improve their processes for managing certificates. Students shouldn't have to suffer because of their incompetence.""",4.493829,2.7545445,-1,0.15,Neutral,-0.0129,Unclassified Feedback,🌀 Unclassified Institutional Feedback
Student Affairs," ""I'm worried that my training certificate won't be processed in time for me to start my internship. The student affairs office needs to prioritize student needs and make sure these documents are processed quickly.""",18,0.07,2,1,M,Mexico, im worried that my training certificate wont be processed in time for me to start my internship the student affairs office needs to prioritize student needs and make sure these documents are processed quickly," ""I'm worried that my training certificate won't be processed in time for me to start my internship. The student affairs office needs to prioritize student needs and make sure these documents are processed quickly.""",4.780872,3.1031349,-1,0.15,Neutral,0.0258,Unclassified Feedback,🌀 Unclassified Institutional Feedback
Student Affairs," ""The lack of organization and communication in the student affairs office is causing a lot of unnecessary stress for students. It's time for them to step up and do better.""",16,3.99,3,1,F,Mexico, the lack of organization and communication in the student affairs office is causing a lot of unnecessary stress for students its time for them to step up and do better," ""The lack of organization and communication in the student affairs office is causing a lot of unnecessary stress for students. It's time for them to step up and do better.""",4.4259996,2.6716216,-1,0.15,Negative,-0.296,Unclassified Feedback,🌀 Unclassified Institutional Feedback
Student Affairs," ""I've had to jump through so many hoops just to get my student certificates. The student affairs office needs to simplify their processes and make it easier for students to get what they need.""",25,1.04,2,1,M,Mexico, ive had to jump through so many hoops just to get my student certificates the student affairs office needs to simplify their processes and make it easier for students to get what they need," ""I've had to jump through so many hoops just to get my student certificates. The student affairs office needs to simplify their processes and make it easier for students to get what they need.""",4.5603433,2.8316953,-1,0.15,Positive,0.4215,Unclassified Feedback,🌀 Unclassified Institutional Feedback
Student Affairs," ""I've had to miss multiple classes just to go to the student affairs office and follow up on my certificate requests. This is unacceptable and needs to change.""",16,2.54,2,1,M,Mexico, ive had to miss multiple classes just to go to the student affairs office and follow up on my certificate requests this is unacceptable and needs to change," ""I've had to miss multiple classes just to go to the student affairs office and follow up on my certificate requests. This is unacceptable and needs to change.""",4.58436,2.862196,-1,0.15,Negative,-0.5574,Unclassified Feedback,🌀 Unclassified Institutional Feedback
Student Affairs," ""The student affairs office needs to invest in better technology and systems for managing certificates. It's 2023, and we shouldn't still be dealing with paper forms and long wait times.""",18,1.57,4,1,M,Mexico, the student affairs office needs to invest in better technology and systems for managing certificates its  and we shouldnt still be dealing with paper forms and long wait times," ""The student affairs office needs to invest in better technology and systems for managing certificates. It's 2023, and we shouldn't still be dealing with paper forms and long wait times.""",4.484734,2.7559826,-1,0.15,Positive,0.4404,Unclassified Feedback,🌀 Unclassified Institutional Feedback
Student Affairs," ""I'm tired of feeling like I have to beg for my own certificates. The student affairs office needs to start prioritizing student needs over bureaucratic red tape.""",22,2.86,3,1,M,Mexico, im tired of feeling like i have to beg for my own certificates the student affairs office needs to start prioritizing student needs over bureaucratic red tape," ""I'm tired of feeling like I have to beg for my own certificates. The student affairs office needs to start prioritizing student needs over bureaucratic red tape.""",4.461557,2.7268233,-1,0.15,Neutral,0.0258,Unclassified Feedback,🌀 Unclassified Institutional Feedback
Student Affairs," ""I submitted my birth certificate application weeks ago, but the student affairs office still",26,2.81,4,1,M,Mexico, i submitted my birth certificate application weeks ago but the student affairs office still," ""I submitted my birth certificate application weeks ago, but the student affairs office still",4.708692,3.0680125,-1,0.15,Neutral,0.0,Unclassified Feedback,🌀 Unclassified Institutional Feedback
Student Affairs,an provide some sample reports that may reflect the experiences of university students with regards to student affairs and managing various certificates. Please note that these are hypothetical reports and may not reflect the experiences of any specific individual or group.,24,2.05,5,1,F,Mexico,an provide some sample reports that may reflect the experiences of university students with regards to student affairs and managing various certificates please note that these are hypothetical reports and may not reflect the experiences of any specific individual or group,an provide some sample reports that may reflect the experiences of university students with regards to student affairs and managing various certificates. Please note that these are hypothetical reports and may not reflect the experiences of any specific individual or group.,4.5048084,2.7699244,-1,0.15,Positive,0.3182,Unclassified Feedback,🌀 Unclassified Institutional Feedback
Student Affairs,"""I've been trying to get my military certificate verified by the university for weeks now, but every time I go to the office they tell me there's a problem with the paperwork. It's frustrating because I need this certificate to apply for certain internships.""",18,3.73,4,1,F,Mexico,ive been trying to get my military certificate verified by the university for weeks now but every time i go to the office they tell me theres a problem with the paperwork its frustrating because i need this certificate to apply for certain internships,"""I've been trying to get my military certificate verified by the university for weeks now, but every time I go to the office they tell me there's a problem with the paperwork. It's frustrating because I need this certificate to apply for certain internships.""",4.7875547,3.151726,-1,0.15,Negative,-0.6956,Unclassified Feedback,🌀 Unclassified Institutional Feedback
Student Affairs,"""The process for obtaining my birth certificate through the university has been a nightmare. The website was difficult to navigate and the customer service was unhelpful. It's ridiculous that something so important has to be so difficult to obtain.""",21,1.65,5,1,F,Mexico,the process for obtaining my birth certificate through the university has been a nightmare the website was difficult to navigate and the customer service was unhelpful its ridiculous that something so important has to be so difficult to obtain,"""The process for obtaining my birth certificate through the university has been a nightmare. The website was difficult to navigate and the customer service was unhelpful. It's ridiculous that something so important has to be so difficult to obtain.""",4.738868,3.0641785,4,0.1846,Negative,-0.7073,Cluster 4,💰 Financial Aid & Administration
Student Affairs,"""I received my training certificate from a course I took over the summer, but the university won't accept it because it's from a non-accredited institution. This is frustrating because the course was relevant to my major and I learned a lot from it.""",25,3.05,1,1,F,Mexico,i received my training certificate from a course i took over the summer but the university wont accept it because its from a nonaccredited institution this is frustrating because the course was relevant to my major and i learned a lot from it,"""I received my training certificate from a course I took over the summer, but the university won't accept it because it's from a non-accredited institution. This is frustrating because the course was relevant to my major and I learned a lot from it.""",4.7971945,3.1303189,4,0.1845,Negative,-0.7668,Cluster 4,💰 Financial Aid & Administration
Student Affairs,"""I've had multiple issues with the student affairs office regarding scheduling conflicts and paperwork errors. It seems like they're understaffed and overwhelmed, but it's frustrating when it affects my ability to graduate on time.""",27,2.63,1,1,M,Mexico,ive had multiple issues with the student affairs office regarding scheduling conflicts and paperwork errors it seems like theyre understaffed and overwhelmed but its frustrating when it affects my ability to graduate on time,"""I've had multiple issues with the student affairs office regarding scheduling conflicts and paperwork errors. It seems like they're understaffed and overwhelmed, but it's frustrating when it affects my ability to graduate on time.""",4.5538707,2.8344676,-1,0.15,Negative,-0.3716,Unclassified Feedback,🌀 Unclassified Institutional Feedback
Student Affairs,"""The process for ordering official transcripts from the university is unnecessarily complicated. It should be as simple as submitting a request online, but instead I have to navigate a confusing system and wait weeks for it to be processed.""",22,2.07,3,1,M,Mexico,the process for ordering official transcripts from the university is unnecessarily complicated it should be as simple as submitting a request online but instead i have to navigate a confusing system and wait weeks for it to be processed,"""The process for ordering official transcripts from the university is unnecessarily complicated. It should be as simple as submitting a request online, but instead I have to navigate a confusing system and wait weeks for it to be processed.""",4.805452,3.1411505,4,0.1857,Negative,-0.3291,Cluster 4,💰 Financial Aid & Administration
Student Affairs,"""I've been trying to update my personal information with the university, but the website keeps glitching and I can't get through to customer service. It's frustrating because this information is important for communication and academic purposes.""",23,1.53,2,1,M,Mexico,ive been trying to update my personal information with the university but the website keeps glitching and i cant get through to customer service its frustrating because this information is important for communication and academic purposes,"""I've been trying to update my personal information with the university, but the website keeps glitching and I can't get through to customer service. It's frustrating because this information is important for communication and academic purposes.""",4.8203297,3.1367269,4,0.1892,Negative,-0.3919,Cluster 4,💰 Financial Aid & Administration
Student Affairs,"""I recently applied for a scholarship through the university, but the application process was confusing and the instructions were unclear. It's frustrating to spend so much time on an application only to find out that I didn't meet the criteria.""",21,0.74,1,1,F,Mexico,i recently applied for a scholarship through the university but the application process was confusing and the instructions were unclear its frustrating to spend so much time on an application only to find out that i didnt meet the criteria,"""I recently applied for a scholarship through the university, but the application process was confusing and the instructions were unclear. It's frustrating to spend so much time on an application only to find out that I didn't meet the criteria.""",6.690281,5.7566113,4,0.98,Negative,-0.8271,Cluster 4,💰 Financial Aid & Administration
Student Affairs,"""The university should provide more resources for students who are applying for internships and jobs. It's difficult to navigate the job market on your own, and career services is often understaffed and overworked.""",25,2.6,3,1,F,Mexico,the university should provide more resources for students who are applying for internships and jobs its difficult to navigate the job market on your own and career services is often understaffed and overworked,"""The university should provide more resources for students who are applying for internships and jobs. It's difficult to navigate the job market on your own, and career services is often understaffed and overworked.""",11.185649,9.122787,6,0.98,Negative,-0.3612,Cluster 6,💼 Career & Internship Opportunities
Student Affairs,"""I've had issues with financial aid and scholarships, and it seems like the university is always changing their policies and requirements. It's frustrating because I rely on this support to continue my education.""",18,2.71,5,1,F,Mexico,ive had issues with financial aid and scholarships and it seems like the university is always changing their policies and requirements its frustrating because i rely on this support to continue my education,"""I've had issues with financial aid and scholarships, and it seems like the university is always changing their policies and requirements. It's frustrating because I rely on this support to continue my education.""",6.794288,5.955269,4,0.98,Positive,0.4069,Cluster 4,💰 Financial Aid & Administration
Student Affairs," ""The university should prioritize mental health resources for students. It's a stressful time in our lives and it's important to have access to counseling and support services when we need it.""",27,1.97,3,1,F,Mexico, the university should prioritize mental health resources for students its a stressful time in our lives and its important to have access to counseling and support services when we need it," ""The university should prioritize mental health resources for students. It's a stressful time in our lives and it's important to have access to counseling and support services when we need it.""",10.230141,5.2793183,4,0.98,Positive,0.0516,Cluster 4,💰 Financial Aid & Administration
Housing and Transportation,"1. ""The cost of rent in the area around the university is just too high, and it's really hard to find affordable housing that's also close to campus.""",20,2.98,1,1,F,Mexico, the cost of rent in the area around the university is just too high and its really hard to find affordable housing thats also close to campus,"1. ""The cost of rent in the area around the university is just too high, and it's really hard to find affordable housing that's also close to campus.""",7.182529,7.953887,4,0.958,Negative,-0.1761,Cluster 4,💰 Financial Aid & Administration
Housing and Transportation,"2. ""I've had to commute from the suburbs to the university every day, and the public transportation system is just not reliable enough. I've been late to class several times because of delays and cancellations.""",26,0.03,3,1,F,South Africa, ive had to commute from the suburbs to the university every day and the public transportation system is just not reliable enough ive been late to class several times because of delays and cancellations,"2. ""I've had to commute from the suburbs to the university every day, and the public transportation system is just not reliable enough. I've been late to class several times because of delays and cancellations.""",6.8550057,10.11918,7,0.98,Neutral,0.0,Cluster 7,🏛️ Campus Infrastructure
Housing and Transportation,"3. ""Finding a parking spot on campus is nearly impossible, and the parking fees are exorbitant. It's just not worth it to bring my car to school.""",21,0.23,1,1,F,South Africa, finding a parking spot on campus is nearly impossible and the parking fees are exorbitant its just not worth it to bring my car to school,"3. ""Finding a parking spot on campus is nearly impossible, and the parking fees are exorbitant. It's just not worth it to bring my car to school.""",6.9786534,9.597587,7,0.98,Negative,-0.1695,Cluster 7,🏛️ Campus Infrastructure
Housing and Transportation,"4. ""The apartments in the university area are often run-down and poorly maintained, which makes it difficult to focus on studying when I'm living in such a stressful environment.""",23,2.98,4,1,F,South Africa, the apartments in the university area are often rundown and poorly maintained which makes it difficult to focus on studying when im living in such a stressful environment,"4. ""The apartments in the university area are often run-down and poorly maintained, which makes it difficult to focus on studying when I'm living in such a stressful environment.""",7.1037283,7.780698,4,0.958,Negative,-0.7003,Cluster 4,💰 Financial Aid & Administration
Housing and Transportation,"5. ""I have to take two buses and a train just to get to campus, and the trip takes over an hour each way. It's exhausting and it takes away from my study time.""",27,1.94,2,1,M,South Africa, i have to take two buses and a train just to get to campus and the trip takes over an hour each way its exhausting and it takes away from my study time,"5. ""I have to take two buses and a train just to get to campus, and the trip takes over an hour each way. It's exhausting and it takes away from my study time.""",6.9336314,10.054095,7,0.98,Negative,-0.3612,Cluster 7,🏛️ Campus Infrastructure
Housing and Transportation,"6. ""The traffic around campus is always terrible, and it can take me up to an hour just to travel a few miles. It's frustrating and stressful.""",22,0.08,4,1,F,South Africa, the traffic around campus is always terrible and it can take me up to an hour just to travel a few miles its frustrating and stressful,"6. ""The traffic around campus is always terrible, and it can take me up to an hour just to travel a few miles. It's frustrating and stressful.""",6.9610085,10.046009,7,0.98,Negative,-0.8519,Cluster 7,🏛️ Campus Infrastructure
Housing and Transportation,"7. ""I've been looking for affordable housing near campus for months, but everything is either too expensive or too far away. It's discouraging and I'm not sure what to do.""",24,3.25,2,1,F,South Africa, ive been looking for affordable housing near campus for months but everything is either too expensive or too far away its discouraging and im not sure what to do,"7. ""I've been looking for affordable housing near campus for months, but everything is either too expensive or too far away. It's discouraging and I'm not sure what to do.""",7.2576423,7.947414,4,0.958,Negative,-0.7425,Cluster 4,💰 Financial Aid & Administration
Housing and Transportation,"8. ""The public transportation system is so overcrowded during peak hours that it's often impossible to get a seat, and I end up standing for the entire ride to campus.""",17,2.24,2,1,F,South Africa, the public transportation system is so overcrowded during peak hours that its often impossible to get a seat and i end up standing for the entire ride to campus,"8. ""The public transportation system is so overcrowded during peak hours that it's often impossible to get a seat, and I end up standing for the entire ride to campus.""",6.7811255,10.149437,7,0.98,Neutral,0.0,Cluster 7,🏛️ Campus Infrastructure
Housing and Transportation,"9. ""The housing options near campus are very limited, and many landlords take advantage of the high demand by charging outrageous prices for subpar apartments.""",20,3.27,2,1,F,South Africa, the housing options near campus are very limited and many landlords take advantage of the high demand by charging outrageous prices for subpar apartments,"9. ""The housing options near campus are very limited, and many landlords take advantage of the high demand by charging outrageous prices for subpar apartments.""",7.2108283,7.962209,4,0.958,Negative,-0.5709,Cluster 4,💰 Financial Aid & Administration
Housing and Transportation,"10. ""I rely on public transportation to get to campus, but the buses are often late or don't show up at all. It's frustrating and makes it hard to plan my day.""",26,0.56,2,1,M,South Africa, i rely on public transportation to get to campus but the buses are often late or dont show up at all its frustrating and makes it hard to plan my day,"10. ""I rely on public transportation to get to campus, but the buses are often late or don't show up at all. It's frustrating and makes it hard to plan my day.""",6.984862,9.97181,7,0.98,Negative,-0.6652,Cluster 7,🏛️ Campus Infrastructure
Housing and Transportation,"11. ""I have to commute for over an hour each way to get to campus, and the time and money I spend on transportation really add up.""",24,1.03,3,1,M,South Africa, i have to commute for over an hour each way to get to campus and the time and money i spend on transportation really add up,"11. ""I have to commute for over an hour each way to get to campus, and the time and money I spend on transportation really add up.""",7.001913,10.0075245,7,0.98,Neutral,0.0,Cluster 7,🏛️ Campus Infrastructure
Housing and Transportation,"12. ""I've had to switch apartments several times because of problems with landlords or roommates, and it's really disrupted my studies and my life.""",20,1.63,4,1,F,South Africa, ive had to switch apartments several times because of problems with landlords or roommates and its really disrupted my studies and my life,"12. ""I've had to switch apartments several times because of problems with landlords or roommates, and it's really disrupted my studies and my life.""",7.1808486,7.7337694,4,0.958,Negative,-0.4019,Cluster 4,💰 Financial Aid & Administration
Housing and Transportation,"13. ""The public transportation system shuts down early in the evening, which makes it hard for me to attend evening classes or study sessions.""",21,2.85,3,1,F,South Africa, the public transportation system shuts down early in the evening which makes it hard for me to attend evening classes or study sessions,"13. ""The public transportation system shuts down early in the evening, which makes it hard for me to attend evening classes or study sessions.""",6.7961235,10.148054,7,0.98,Negative,-0.1027,Cluster 7,🏛️ Campus Infrastructure
Housing and Transportation,"14. ""The university should do more to provide affordable and accessible housing options for students, especially those from low-income backgrounds.""",25,2.17,5,1,F,South Africa, the university should do more to provide affordable and accessible housing options for students especially those from lowincome backgrounds,"14. ""The university should do more to provide affordable and accessible housing options for students, especially those from low-income backgrounds.""",7.346775,8.132133,4,0.958,Neutral,0.0,Cluster 4,💰 Financial Aid & Administration
Housing and Transportation,"15. ""I've had to take out loans just to cover the cost of housing and transportation, which adds to the stress and pressure of being a student.""",27,2.66,5,1,M,South Africa, ive had to take out loans just to cover the cost of housing and transportation which adds to the stress and pressure of being a student,"15. ""I've had to take out loans just to cover the cost of housing and transportation, which adds to the stress and pressure of being a student.""",7.3372517,6.480727,4,0.98,Negative,-0.6124,Cluster 4,💰 Financial Aid & Administration
Housing and Transportation,"16. ""The public transportation system is often overcrowded and noisy, which makes it hard to concentrate on studying or getting any work done.""",26,2.51,3,1,M,South Africa, the public transportation system is often overcrowded and noisy which makes it hard to concentrate on studying or getting any work done,"16. ""The public transportation system is often overcrowded and noisy, which makes it hard to concentrate on studying or getting any work done.""",6.8250813,10.176587,7,0.98,Negative,-0.2732,Cluster 7,🏛️ Campus Infrastructure
Housing and Transportation,"17. ""I've had to resort to sleeping on a friend's couch because I can't afford the rent in the university area, and it's really taking a toll on my mental health.""",21,1.2,4,1,M,South Africa, ive had to resort to sleeping on a friends couch because i cant afford the rent in the university area and its really taking a toll on my mental health,"17. ""I've had to resort to sleeping on a friend's couch because I can't afford the rent in the university area, and it's really taking a toll on my mental health.""",7.1764474,7.6404557,4,0.958,Neutral,0.0,Cluster 4,💰 Financial Aid & Administration
Housing and Transportation,"18. ""The lack of affordable and safe housing options near campus is a serious issue that the university needs to address.""",24,2.0,2,1,M,South Africa, the lack of affordable and safe housing options near campus is a serious issue that the university needs to address,"18. ""The lack of affordable and safe housing options near campus is a serious issue that the university needs to address.""",7.260475,8.050549,4,0.958,Positive,0.0772,Cluster 4,💰 Financial Aid & Administration
Housing and Transportation,"19. ""I've had to miss class several times because of transportation issues, and it's really hurt my grades and my overall academic performance.""",27,2.35,3,1,F,South Africa, ive had to miss class several times because of transportation issues and its really hurt my grades and my overall academic performance,"19. ""I've had to miss class several times because of transportation issues, and it's really hurt my grades and my overall academic performance.""",6.8464613,10.108998,7,0.98,Negative,-0.6478,Cluster 7,🏛️ Campus Infrastructure
Housing and Transportation,"20. ""The university should provide more support and resources for students who live off-campus, especially those who are struggling with housing and transportation issues.""",23,3.17,2,1,M,South Africa, the university should provide more support and resources for students who live offcampus especially those who are struggling with housing and transportation issues,"20. ""The university should provide more support and resources for students who live off-campus, especially those who are struggling with housing and transportation issues.""",7.240713,8.294041,4,0.958,Neutral,0.0498,Cluster 4,💰 Financial Aid & Administration
Housing and Transportation,"21. ""The high cost of housing and transportation is a barrier that prevents many students from pursuing higher education, and it's a problem that needs to be addressed at a systemic level.""",25,3.34,3,1,M,South Africa, the high cost of housing and transportation is a barrier that prevents many students from pursuing higher education and its a problem that needs to be addressed at a systemic level,"21. ""The high cost of housing and transportation is a barrier that prevents many students from pursuing higher education, and it's a problem that needs to be addressed at a systemic level.""",7.4644313,7.8693333,4,0.958,Negative,-0.4404,Cluster 4,💰 Financial Aid & Administration
Housing and Transportation,"22. ""The long commute to and from campus takes up so much of my day that I don't have much time or energy left for studying or extracurricular activities.""",21,0.02,1,1,F,South Africa, the long commute to and from campus takes up so much of my day that i dont have much time or energy left for studying or extracurricular activities,"22. ""The long commute to and from campus takes up so much of my day that I don't have much time or energy left for studying or extracurricular activities.""",7.0949216,10.012539,7,0.98,Positive,0.2732,Cluster 7,🏛️ Campus Infrastructure
Housing and Transportation,"23. ""The public transportation system is often unreliable and unsafe, which makes me feel anxious and stressed every time",23,3.3,5,1,M,South Africa, the public transportation system is often unreliable and unsafe which makes me feel anxious and stressed every time,"23. ""The public transportation system is often unreliable and unsafe, which makes me feel anxious and stressed every time",6.7976074,10.209285,7,0.98,Negative,-0.5267,Cluster 7,🏛️ Campus Infrastructure
Housing and Transportation,"1. ""I've been living off-campus for a year now and finding affordable housing near the university is a nightmare. I wish there were more affordable options for students.""",17,1.42,1,1,M,South Africa, ive been living offcampus for a year now and finding affordable housing near the university is a nightmare i wish there were more affordable options for students,"1. ""I've been living off-campus for a year now and finding affordable housing near the university is a nightmare. I wish there were more affordable options for students.""",7.233228,8.120163,4,0.958,Positive,0.4019,Cluster 4,💰 Financial Aid & Administration
Housing and Transportation,"2. ""The transportation system in my city is not reliable at all, I've had to miss multiple classes due to late buses and trains.""",26,2.53,4,1,M,South Africa, the transportation system in my city is not reliable at all ive had to miss multiple classes due to late buses and trains,"2. ""The transportation system in my city is not reliable at all, I've had to miss multiple classes due to late buses and trains.""",6.7815056,10.182423,7,0.98,Negative,-0.1531,Cluster 7,🏛️ Campus Infrastructure
Housing and Transportation,"3. ""It's so frustrating having to pay such high rent for a tiny apartment that's miles away from the university.""",25,2.79,1,1,M,South Africa, its so frustrating having to pay such high rent for a tiny apartment thats miles away from the university,"3. ""It's so frustrating having to pay such high rent for a tiny apartment that's miles away from the university.""",7.215103,7.773376,4,0.958,Negative,-0.6299,Cluster 4,💰 Financial Aid & Administration
Housing and Transportation,"4. ""I've had to switch apartments multiple times because my landlord kept increasing the rent without warning. It's not fair for students who are already struggling to make ends meet.""",21,3.06,2,1,M,South Africa, ive had to switch apartments multiple times because my landlord kept increasing the rent without warning its not fair for students who are already struggling to make ends meet,"4. ""I've had to switch apartments multiple times because my landlord kept increasing the rent without warning. It's not fair for students who are already struggling to make ends meet.""",7.1918283,7.7322855,4,0.958,Negative,-0.4071,Cluster 4,💰 Financial Aid & Administration
Housing and Transportation,"5. ""The public transportation in my city is so crowded during peak hours, it's impossible to get a seat.""",16,2.46,4,1,F,Yemen, the public transportation in my city is so crowded during peak hours its impossible to get a seat,"5. ""The public transportation in my city is so crowded during peak hours, it's impossible to get a seat.""",6.7484436,10.255018,7,0.98,Neutral,0.0,Cluster 7,🏛️ Campus Infrastructure
Housing and Transportation,"6. ""I've had to drop out of a few classes because the bus schedule didn't line up with my class schedule.""",21,1.45,3,1,M,Yemen, ive had to drop out of a few classes because the bus schedule didnt line up with my class schedule,"6. ""I've had to drop out of a few classes because the bus schedule didn't line up with my class schedule.""",6.801829,10.131778,7,0.98,Negative,-0.2732,Cluster 7,🏛️ Campus Infrastructure
Housing and Transportation,"7. ""Finding a parking spot near the university is a nightmare, and the parking fees are outrageous.""",26,3.61,4,1,F,Yemen, finding a parking spot near the university is a nightmare and the parking fees are outrageous,"7. ""Finding a parking spot near the university is a nightmare, and the parking fees are outrageous.""",6.9775157,9.579075,7,0.9438,Negative,-0.4588,Cluster 7,🏛️ Campus Infrastructure
Housing and Transportation,"8. ""The nearest grocery store is a 30-minute bus ride away, making it difficult to buy fresh groceries.""",23,0.72,3,1,M,Yemen, the nearest grocery store is a minute bus ride away making it difficult to buy fresh groceries,"8. ""The nearest grocery store is a 30-minute bus ride away, making it difficult to buy fresh groceries.""",1.6969851,10.804709,0,0.7147,Negative,-0.0516,Cluster 0,🍽️ Food & Cafeteria Services
Housing and Transportation,"9. ""I have to walk 20 minutes to the bus stop every day, which is not ideal during the winter months.""",17,2.93,4,1,M,Yemen, i have to walk  minutes to the bus stop every day which is not ideal during the winter months,"9. ""I have to walk 20 minutes to the bus stop every day, which is not ideal during the winter months.""",6.73228,10.118363,7,0.98,Negative,-0.4168,Cluster 7,🏛️ Campus Infrastructure
Housing and Transportation,"10. ""I wish the university would provide more affordable housing options for students who can't afford to pay rent in the city.""",16,3.46,1,1,F,Yemen, i wish the university would provide more affordable housing options for students who cant afford to pay rent in the city,"10. ""I wish the university would provide more affordable housing options for students who can't afford to pay rent in the city.""",7.2122817,8.009548,4,0.958,Positive,0.4581,Cluster 4,💰 Financial Aid & Administration
Housing and Transportation,"11. ""The bus service in my area is so infrequent, it's impossible to get anywhere on time.""",17,2.69,2,1,M,Yemen, the bus service in my area is so infrequent its impossible to get anywhere on time,"11. ""The bus service in my area is so infrequent, it's impossible to get anywhere on time.""",6.673725,10.204967,7,0.98,Neutral,0.0,Cluster 7,🏛️ Campus Infrastructure
Housing and Transportation,"12. ""The housing options near the university are so limited, it's impossible to find a decent place to live.""",19,0.26,4,1,M,Yemen, the housing options near the university are so limited its impossible to find a decent place to live,"12. ""The housing options near the university are so limited, it's impossible to find a decent place to live.""",7.186494,7.9970784,4,0.958,Negative,-0.3593,Cluster 4,💰 Financial Aid & Administration
Housing and Transportation,"13. ""I had to take out a student loan just to be able to afford the rent for my apartment.""",24,3.19,5,1,F,Yemen, i had to take out a student loan just to be able to afford the rent for my apartment,"13. ""I had to take out a student loan just to be able to afford the rent for my apartment.""",7.2930536,6.495654,4,0.98,Neutral,0.0,Cluster 4,💰 Financial Aid & Administration
Housing and Transportation,"14. ""The rent for a one-bedroom apartment near the university is more than my monthly student loan payment.""",22,2.06,3,1,M,Yemen, the rent for a onebedroom apartment near the university is more than my monthly student loan payment,"14. ""The rent for a one-bedroom apartment near the university is more than my monthly student loan payment.""",7.1918344,7.725192,4,0.958,Neutral,0.0,Cluster 4,💰 Financial Aid & Administration
Housing and Transportation,"15. ""I've had to share a room with a stranger just to be able to afford rent.""",16,3.92,2,1,F,Yemen, ive had to share a room with a stranger just to be able to afford rent,"15. ""I've had to share a room with a stranger just to be able to afford rent.""",7.2058244,7.3774986,4,0.958,Positive,0.296,Cluster 4,💰 Financial Aid & Administration
Housing and Transportation,"16. ""I've had to borrow money from my parents just to be able to pay for rent and transportation costs.""",23,0.44,2,1,F,Yemen, ive had to borrow money from my parents just to be able to pay for rent and transportation costs,"16. ""I've had to borrow money from my parents just to be able to pay for rent and transportation costs.""",7.290721,6.657137,4,0.98,Negative,-0.1027,Cluster 4,💰 Financial Aid & Administration
Housing and Transportation,"17. ""The nearest bus stop is a 15-minute walk away from my apartment, which is not ideal during the winter months.""",19,1.68,5,1,F,Yemen, the nearest bus stop is a minute walk away from my apartment which is not ideal during the winter months,"17. ""The nearest bus stop is a 15-minute walk away from my apartment, which is not ideal during the winter months.""",6.6516147,10.098461,7,0.98,Negative,-0.4168,Cluster 7,🏛️ Campus Infrastructure
Housing and Transportation,"18. ""The university should provide shuttle buses to off-campus students, especially during peak class times.""",22,1.08,3,1,M,Yemen, the university should provide shuttle buses to offcampus students especially during peak class times,"18. ""The university should provide shuttle buses to off-campus students, especially during peak class times.""",7.1267,9.7497015,7,0.98,Neutral,0.0,Cluster 7,🏛️ Campus Infrastructure
Housing and Transportation,"19. ""I wish the university would provide more affordable parking options for students who have to drive to class.""",24,1.86,3,1,F,Yemen, i wish the university would provide more affordable parking options for students who have to drive to class,"19. ""I wish the university would provide more affordable parking options for students who have to drive to class.""",7.060044,9.547477,7,0.98,Positive,0.4019,Cluster 7,🏛️ Campus Infrastructure
Housing and Transportation,"20. ""The traffic near the university is so bad during peak hours, it's impossible to get anywhere on time.""",26,0.93,1,1,M,Yemen, the traffic near the university is so bad during peak hours its impossible to get anywhere on time,"20. ""The traffic near the university is so bad during peak hours, it's impossible to get anywhere on time.""",6.876199,10.073066,7,0.98,Negative,-0.6696,Cluster 7,🏛️ Campus Infrastructure
Housing and Transportation,"21. ""The rent prices near the university are so high, it's impossible to live without roommates.""",20,2.9,5,1,F,Yemen, the rent prices near the university are so high its impossible to live without roommates,"21. ""The rent prices near the university are so high, it's impossible to live without roommates.""",7.2167325,7.797822,4,0.958,Neutral,0.0,Cluster 4,💰 Financial Aid & Administration
Housing and Transportation,"22. ""I've had to move to a different city just to be able to afford housing and transportation costs.""",18,0.26,2,1,F,Yemen, ive had to move to a different city just to be able to afford housing and transportation costs,"22. ""I've had to move to a different city just to be able to afford housing and transportation costs.""",7.347743,6.9030895,4,0.9666,Neutral,0.0,Cluster 4,💰 Financial Aid & Administration
Housing and Transportation,"23. ""The bus stops near my apartment are not well-lit, making it feel unsafe to wait for the bus at night.""",23,2.76,2,1,F,Yemen, the bus stops near my apartment are not welllit making it feel unsafe to wait for the bus at night,"23. ""The bus stops near my apartment are not well-lit, making it feel unsafe to wait for the bus at night.""",6.598036,10.013109,7,0.98,Negative,-0.1531,Cluster 7,🏛️ Campus Infrastructure
Housing and Transportation,"24. ""I wish there were more bike lanes near the university, it would make it easier to commute by bike.""",21,3.48,5,1,F,Yemen, i wish there were more bike lanes near the university it would make it easier to commute by bike,"24. ""I wish there were more bike lanes near the university, it would make it easier to commute by bike.""",7.084555,9.68319,7,0.98,Positive,0.6705,Cluster 7,🏛️ Campus Infrastructure
Housing and Transportation,"25. ""The public transportation in my city is not accessible for students with disabilities.""",23,3.15,4,1,F,Yemen, the public transportation in my city is not accessible for students with disabilities,"25. ""The public transportation in my city is not accessible for students with disabilities.""",6.6662307,10.27895,7,0.98,Neutral,0.0,Cluster 7,🏛️ Campus Infrastructure
Housing and Transportation,"26. ""I've had to take a part-time job just to be able to afford rent and transportation costs.""",16,1.32,3,1,F,Yemen, ive had to take a parttime job just to be able to afford rent and transportation costs,"26. ""I've had to take a part-time job just to be able to afford rent and transportation costs.""",7.605865,6.7487426,4,0.98,Neutral,0.0,Cluster 4,💰 Financial Aid & Administration
Housing and Transportation,"27. ""The university should provide more affordable on-campus housing options for students who can't afford to live off-campus.""",16,0.87,1,1,M,Yemen, the university should provide more affordable oncampus housing options for students who cant afford to live offcampus,"27. ""The university should provide more affordable on-campus housing options for students who can't afford to live off-campus.""",7.217592,8.238812,4,0.958,Neutral,0.0,Cluster 4,💰 Financial Aid & Administration
Housing and Transportation,"28. ""I wish the university would provide more information about affordable housing options near the university.""",21,0.61,5,1,F,Yemen, i wish the university would provide more information about affordable housing options near the university,"28. ""I wish the university would provide more information about affordable housing options near the university.""",7.2085285,8.045585,4,0.958,Positive,0.4019,Cluster 4,💰 Financial Aid & Administration
Housing and Transportation,"29. ""The housing options near the university are so limited, it's impossible to find a place to live that's not infested with pests.""",24,3.36,3,1,F,Yemen, the housing options near the university are so limited its impossible to find a place to live thats not infested with pests,"29. ""The housing options near the university are so limited, it's impossible to find a place to live that's not infested with pests.""",7.1688867,8.072026,4,0.958,Negative,-0.3593,Cluster 4,💰 Financial Aid & Administration
Housing and Transportation,"30. ""The university should provide more information about transportation options for students who live off-campus.""",17,3.01,4,1,M,Yemen, the university should provide more information about transportation options for students who live offcampus,"30. ""The university should provide more information about transportation options for students who live off-campus.""",7.292002,9.469834,7,0.98,Neutral,0.0,Cluster 7,🏛️ Campus Infrastructure
Housing and Transportation,"31. ""The parking lots near the university are always full, making it impossible to find a spot.""",23,0.63,4,1,F,Yemen, the parking lots near the university are always full making it impossible to find a spot,"31. ""The parking lots near the university are always full, making it impossible to find a spot.""",6.971627,9.612068,7,0.98,Neutral,0.0,Cluster 7,🏛️ Campus Infrastructure
Housing and Transportation,"1. ""I'm really struggling to find affordable housing close to campus. Everything seems to be way out of my budget, and it's frustrating to feel like I have to compromise on the quality of my living situation just to be able to afford rent.""",16,0.41,4,1,F,Yemen, im really struggling to find affordable housing close to campus everything seems to be way out of my budget and its frustrating to feel like i have to compromise on the quality of my living situation just to be able to afford rent,"1. ""I'm really struggling to find affordable housing close to campus. Everything seems to be way out of my budget, and it's frustrating to feel like I have to compromise on the quality of my living situation just to be able to afford rent.""",7.2830358,7.953603,4,0.958,Negative,-0.5413,Cluster 4,💰 Financial Aid & Administration
Housing and Transportation,"2. ""The public transportation options in this area are terrible. Buses are always late or overcrowded, and there are never enough taxis or ride-sharing services available. It's making it really difficult for me to get to class on time and stay on top of my schedule.""",26,0.15,4,1,M,Yemen, the public transportation options in this area are terrible buses are always late or overcrowded and there are never enough taxis or ridesharing services available its making it really difficult for me to get to class on time and stay on top of my schedule,"2. ""The public transportation options in this area are terrible. Buses are always late or overcrowded, and there are never enough taxis or ride-sharing services available. It's making it really difficult for me to get to class on time and stay on top of my schedule.""",6.787213,10.151201,7,0.98,Negative,-0.624,Cluster 7,🏛️ Campus Infrastructure
Housing and Transportation,"3. ""I feel like the university should be doing more to provide affordable housing options for students. It's not fair that we have to choose between living in subpar conditions or going into debt just to afford rent.""",23,1.54,5,1,F,Yemen, i feel like the university should be doing more to provide affordable housing options for students its not fair that we have to choose between living in subpar conditions or going into debt just to afford rent,"3. ""I feel like the university should be doing more to provide affordable housing options for students. It's not fair that we have to choose between living in subpar conditions or going into debt just to afford rent.""",7.2798905,8.001815,4,0.958,Negative,-0.2411,Cluster 4,💰 Financial Aid & Administration
Housing and Transportation,"4. ""I don't have a car, and the only transportation option near my apartment is the bus. But the bus route doesn't go directly to campus, so I have to transfer multiple times just to get to class. It's a huge waste of time and energy.""",24,1.61,2,1,M,Yemen, i dont have a car and the only transportation option near my apartment is the bus but the bus route doesnt go directly to campus so i have to transfer multiple times just to get to class its a huge waste of time and energy,"4. ""I don't have a car, and the only transportation option near my apartment is the bus. But the bus route doesn't go directly to campus, so I have to transfer multiple times just to get to class. It's a huge waste of time and energy.""",7.0212417,9.9941435,7,0.98,Positive,0.2263,Cluster 7,🏛️ Campus Infrastructure
Housing and Transportation,"5. ""The housing market in this area is so competitive that I feel like I'm constantly battling with other students to find a decent place to live. It's stressful and exhausting, and I wish there were more options available to us.""",25,1.3,1,1,M,Yemen, the housing market in this area is so competitive that i feel like im constantly battling with other students to find a decent place to live its stressful and exhausting and i wish there were more options available to us,"5. ""The housing market in this area is so competitive that I feel like I'm constantly battling with other students to find a decent place to live. It's stressful and exhausting, and I wish there were more options available to us.""",7.268793,8.024405,4,0.958,Negative,-0.1176,Cluster 4,💰 Financial Aid & Administration
Housing and Transportation,"6. ""The cost of rent in this area is astronomical. I'm already working a part-time job just to make ends meet, and it's frustrating to feel like I'm barely scraping by even though I'm a full-time student.""",23,3.79,2,1,F,Yemen, the cost of rent in this area is astronomical im already working a parttime job just to make ends meet and its frustrating to feel like im barely scraping by even though im a fulltime student,"6. ""The cost of rent in this area is astronomical. I'm already working a part-time job just to make ends meet, and it's frustrating to feel like I'm barely scraping by even though I'm a full-time student.""",7.6265426,6.850163,4,0.98,Negative,-0.1027,Cluster 4,💰 Financial Aid & Administration
Housing and Transportation,"7. ""I'm really disappointed with the state of the public transportation system here. It's unreliable and inconvenient, and it's making it really difficult for me to stay on top of my studies and extracurricular activities.""",17,0.59,1,1,M,Yemen, im really disappointed with the state of the public transportation system here its unreliable and inconvenient and its making it really difficult for me to stay on top of my studies and extracurricular activities,"7. ""I'm really disappointed with the state of the public transportation system here. It's unreliable and inconvenient, and it's making it really difficult for me to stay on top of my studies and extracurricular activities.""",6.8937516,10.10475,7,0.98,Negative,-0.7774,Cluster 7,🏛️ Campus Infrastructure
Housing and Transportation,"8. ""I feel like the university should be doing more to incentivize landlords to offer affordable housing to students. It's not fair that we have to pay so much just to have a place to live while we're pursuing our degrees.""",23,1.29,1,1,F,Yemen, i feel like the university should be doing more to incentivize landlords to offer affordable housing to students its not fair that we have to pay so much just to have a place to live while were pursuing our degrees,"8. ""I feel like the university should be doing more to incentivize landlords to offer affordable housing to students. It's not fair that we have to pay so much just to have a place to live while we're pursuing our degrees.""",7.171774,7.923087,4,0.958,Neutral,0.0356,Cluster 4,💰 Financial Aid & Administration
Housing and Transportation,"9. ""The lack of affordable housing options in this area is really limiting my choices. I feel like I have to settle for a place that's far away from campus and not very nice, just because it's the only thing I can afford.""",27,3.57,2,1,M,Yemen, the lack of affordable housing options in this area is really limiting my choices i feel like i have to settle for a place thats far away from campus and not very nice just because its the only thing i can afford,"9. ""The lack of affordable housing options in this area is really limiting my choices. I feel like I have to settle for a place that's far away from campus and not very nice, just because it's the only thing I can afford.""",7.263356,8.022128,4,0.958,Negative,-0.3289,Cluster 4,💰 Financial Aid & Administration
Housing and Transportation,"10. ""I have to rely on public transportation to get around, but the bus schedule is so sporadic that I'm constantly running late for classes and appointments. It's really frustrating and stressful.""",20,1.28,2,1,F,Yemen, i have to rely on public transportation to get around but the bus schedule is so sporadic that im constantly running late for classes and appointments its really frustrating and stressful,"10. ""I have to rely on public transportation to get around, but the bus schedule is so sporadic that I'm constantly running late for classes and appointments. It's really frustrating and stressful.""",6.6928983,10.2546625,7,0.98,Negative,-0.8789,Cluster 7,🏛️ Campus Infrastructure
Activities and Travelling,"1. ""I've been looking for ways to explore the area around campus and get to know the city better, but it's hard to find affordable and convenient transportation options. I wish there were more affordable shuttle services or student discounts for public transit.""",16,2.06,3,1,M,Yemen, ive been looking for ways to explore the area around campus and get to know the city better but its hard to find affordable and convenient transportation options i wish there were more affordable shuttle services or student discounts for public transit,"1. ""I've been looking for ways to explore the area around campus and get to know the city better, but it's hard to find affordable and convenient transportation options. I wish there were more affordable shuttle services or student discounts for public transit.""",7.266891,9.680609,7,0.98,Positive,0.5994,Cluster 7,🏛️ Campus Infrastructure
Activities and Travelling,"2. ""I'm really interested in trying out some new outdoor activities, but I don't know where to start. It would be great if the university offered more organized trips and activities, like hiking or kayaking, so that I could explore the area with other students.""",23,2.56,3,1,F,Yemen, im really interested in trying out some new outdoor activities but i dont know where to start it would be great if the university offered more organized trips and activities like hiking or kayaking so that i could explore the area with other students,"2. ""I'm really interested in trying out some new outdoor activities, but I don't know where to start. It would be great if the university offered more organized trips and activities, like hiking or kayaking, so that I could explore the area with other students.""",8.208568,10.126395,8,0.98,Positive,0.8978,Cluster 8,🍽️ Food & Cafeteria Services
Activities and Travelling,"3. ""I've been feeling really burned out lately, and I think it's because I haven't had a chance to take a break and do something fun outside of class. I wish there were more social events and activities on campus that were geared towards stress relief and self-care.""",18,3.11,4,1,M,Yemen, ive been feeling really burned out lately and i think its because i havent had a chance to take a break and do something fun outside of class i wish there were more social events and activities on campus that were geared towards stress relief and selfcare,"3. ""I've been feeling really burned out lately, and I think it's because I haven't had a chance to take a break and do something fun outside of class. I wish there were more social events and activities on campus that were geared towards stress relief and self-care.""",8.264189,10.11038,8,0.98,Positive,0.7236,Cluster 8,🍽️ Food & Cafeteria Services
Activities and Travelling,"4. ""I'm from out of town, and I'm having a hard time finding my way around the city. It would be great if the university offered more orientation sessions or tours for new students, so that we could feel more confident and comfortable navigating the area.""",19,2.45,2,1,F,Yemen, im from out of town and im having a hard time finding my way around the city it would be great if the university offered more orientation sessions or tours for new students so that we could feel more confident and comfortable navigating the area,"4. ""I'm from out of town, and I'm having a hard time finding my way around the city. It would be great if the university offered more orientation sessions or tours for new students, so that we could feel more confident and comfortable navigating the area.""",8.139632,10.145974,8,0.98,Positive,0.8947,Cluster 8,🍽️ Food & Cafeteria Services
Activities and Travelling,"5. ""I'm interested in studying abroad, but I'm not sure where to start. It would be great if the university had more resources and support for students who are considering international programs or trips.""",23,3.4,1,1,M,Yemen, im interested in studying abroad but im not sure where to start it would be great if the university had more resources and support for students who are considering international programs or trips,"5. ""I'm interested in studying abroad, but I'm not sure where to start. It would be great if the university had more resources and support for students who are considering international programs or trips.""",10.905187,11.849523,5,0.98,Positive,0.8751,Cluster 5,🌍 Diversity & Inclusion Support
Activities and Travelling,"6. ""I'm a transfer student, and I feel like I'm missing out on a lot of the traditional college experiences like road trips and spring break. It would be great if there were more organized trips and activities for transfer students, so that we could feel more connected to the university community.""",16,2.83,3,1,F,Yemen, im a transfer student and i feel like im missing out on a lot of the traditional college experiences like road trips and spring break it would be great if there were more organized trips and activities for transfer students so that we could feel more connected to the university community,"6. ""I'm a transfer student, and I feel like I'm missing out on a lot of the traditional college experiences like road trips and spring break. It would be great if there were more organized trips and activities for transfer students, so that we could feel more connected to the university community.""",8.039266,9.977161,8,0.98,Positive,0.7845,Cluster 8,🍽️ Food & Cafeteria Services
Activities and Travelling,"7. ""I love exploring new places and trying new things, but it's hard to find the time and money to do so while I'm in school. It would be great if there were more affordable and accessible travel options for students, like student discounts on airfare or organized weekend trips.""",17,2.31,1,1,M,Yemen, i love exploring new places and trying new things but its hard to find the time and money to do so while im in school it would be great if there were more affordable and accessible travel options for students like student discounts on airfare or organized weekend trips,"7. ""I love exploring new places and trying new things, but it's hard to find the time and money to do so while I'm in school. It would be great if there were more affordable and accessible travel options for students, like student discounts on airfare or organized weekend trips.""",7.985306,9.827759,8,0.98,Positive,0.8979,Cluster 8,🍽️ Food & Cafeteria Services
Activities and Travelling,"8. ""I'm interested in getting involved in outdoor activities and adventure sports, but I don't have a lot of experience. It would be great if the university offered more beginner-friendly courses and workshops, so that I could build my skills and confidence in a supportive environment.""",16,1.86,4,1,M,Yemen, im interested in getting involved in outdoor activities and adventure sports but i dont have a lot of experience it would be great if the university offered more beginnerfriendly courses and workshops so that i could build my skills and confidence in a supportive environment,"8. ""I'm interested in getting involved in outdoor activities and adventure sports, but I don't have a lot of experience. It would be great if the university offered more beginner-friendly courses and workshops, so that I could build my skills and confidence in a supportive environment.""",8.203954,10.122609,8,0.98,Positive,0.9468,Cluster 8,🍽️ Food & Cafeteria Services
Activities and Travelling,"9. ""I'm interested in exploring the arts and cultural scene in the city, but I'm not sure where to start. It would be great if the university offered more organized trips and events to museums, galleries, and theaters, so that I could discover new things and learn from other students.""",19,0.94,5,1,F,Yemen, im interested in exploring the arts and cultural scene in the city but im not sure where to start it would be great if the university offered more organized trips and events to museums galleries and theaters so that i could discover new things and learn from other students,"9. ""I'm interested in exploring the arts and cultural scene in the city, but I'm not sure where to start. It would be great if the university offered more organized trips and events to museums, galleries, and theaters, so that I could discover new things and learn from other students.""",8.327434,10.234016,8,0.98,Positive,0.7233,Cluster 8,🍽️ Food & Cafeteria Services
Activities and Travelling,"10. ""I'm passionate about sustainability and the environment, and I would love to get involved in eco-tourism or sustainable travel. It would be great if the university had more resources and support for students who are interested in these topics, so that we could learn about sustainable travel options and make more informed choices.""",25,1.95,4,1,F,Yemen, im passionate about sustainability and the environment and i would love to get involved in ecotourism or sustainable travel it would be great if the university had more resources and support for students who are interested in these topics so that we could learn about sustainable travel options and make more informed choices,"10. ""I'm passionate about sustainability and the environment, and I would love to get involved in eco-tourism or sustainable travel. It would be great if the university had more resources and support for students who are interested in these topics, so that we could learn about sustainable travel options and make more informed choices.""",8.130133,10.089829,8,0.98,Positive,0.9543,Cluster 8,🍽️ Food & Cafeteria Services
Activities and Travelling,"1. ""I went on a trip with the university's travel club, but the accommodations were terrible. The hotel was dirty and uncomfortable, and it really detracted from the overall experience.""",22,3.21,5,1,F,Yemen, i went on a trip with the universitys travel club but the accommodations were terrible the hotel was dirty and uncomfortable and it really detracted from the overall experience,"1. ""I went on a trip with the university's travel club, but the accommodations were terrible. The hotel was dirty and uncomfortable, and it really detracted from the overall experience.""",8.02974,9.972416,8,0.98,Negative,-0.9081,Cluster 8,🍽️ Food & Cafeteria Services
Activities and Travelling,"2. ""I was really excited to go on a weekend trip with my friends, but the transportation ended up being a nightmare. Our bus broke down on the side of the road, and we ended up being stranded for hours.""",20,3.09,4,1,M,Yemen, i was really excited to go on a weekend trip with my friends but the transportation ended up being a nightmare our bus broke down on the side of the road and we ended up being stranded for hours,"2. ""I was really excited to go on a weekend trip with my friends, but the transportation ended up being a nightmare. Our bus broke down on the side of the road, and we ended up being stranded for hours.""",7.6773133,10.003905,8,0.98,Negative,-0.2031,Cluster 8,🍽️ Food & Cafeteria Services
Activities and Travelling,"3. ""I wish there were more affordable travel options for students. It's hard to justify spending a ton of money on a trip when we're already struggling to make ends meet with tuition and living expenses.""",21,0.14,2,1,F,Indonesia, i wish there were more affordable travel options for students its hard to justify spending a ton of money on a trip when were already struggling to make ends meet with tuition and living expenses,"3. ""I wish there were more affordable travel options for students. It's hard to justify spending a ton of money on a trip when we're already struggling to make ends meet with tuition and living expenses.""",7.9145603,9.3625345,8,0.98,Negative,-0.128,Cluster 8,🍽️ Food & Cafeteria Services
Activities and Travelling,"4. ""I love exploring new places and trying new things, but it's hard to do that on a student budget. I wish there were more free or low-cost activities available in the area.""",20,2.04,2,1,F,Indonesia, i love exploring new places and trying new things but its hard to do that on a student budget i wish there were more free or lowcost activities available in the area,"4. ""I love exploring new places and trying new things, but it's hard to do that on a student budget. I wish there were more free or low-cost activities available in the area.""",8.129021,9.911354,8,0.98,Positive,0.887,Cluster 8,🍽️ Food & Cafeteria Services
Activities and Travelling,"5. ""I went on a trip to a nearby city with the school's travel program, but I felt like we didn't get to see as much as we could have. The itinerary was too packed, and we didn't have enough time to really explore and enjoy each location.""",26,1.38,4,1,M,Indonesia, i went on a trip to a nearby city with the schools travel program but i felt like we didnt get to see as much as we could have the itinerary was too packed and we didnt have enough time to really explore and enjoy each location,"5. ""I went on a trip to a nearby city with the school's travel program, but I felt like we didn't get to see as much as we could have. The itinerary was too packed, and we didn't have enough time to really explore and enjoy each location.""",7.9377236,9.91157,8,0.98,Positive,0.8379,Cluster 8,🍽️ Food & Cafeteria Services
Activities and Travelling,"6. ""I'm always looking for fun and interesting things to do on the weekends, but it seems like everything costs money. I wish there were more free events and activities available for students.""",17,1.54,5,1,M,Indonesia, im always looking for fun and interesting things to do on the weekends but it seems like everything costs money i wish there were more free events and activities available for students,"6. ""I'm always looking for fun and interesting things to do on the weekends, but it seems like everything costs money. I wish there were more free events and activities available for students.""",8.167317,10.000407,8,0.98,Positive,0.9402,Cluster 8,🍽️ Food & Cafeteria Services
Activities and Travelling,"7. ""I went on a study abroad program, but I felt like I didn't get enough support from the school. I had trouble adjusting to the new culture and environment, and I wish there had been more resources available to help me.""",21,3.16,5,1,F,Indonesia, i went on a study abroad program but i felt like i didnt get enough support from the school i had trouble adjusting to the new culture and environment and i wish there had been more resources available to help me,"7. ""I went on a study abroad program, but I felt like I didn't get enough support from the school. I had trouble adjusting to the new culture and environment, and I wish there had been more resources available to help me.""",10.950711,11.923414,5,0.98,Positive,0.6011,Cluster 5,🌍 Diversity & Inclusion Support
Activities and Travelling,"8. ""I'm really interested in outdoor activities like hiking and camping, but I don't have a car to get to the nearest parks and trails. It's frustrating to feel like I'm missing out on something that I really enjoy.""",17,1.72,3,1,M,Indonesia, im really interested in outdoor activities like hiking and camping but i dont have a car to get to the nearest parks and trails its frustrating to feel like im missing out on something that i really enjoy,"8. ""I'm really interested in outdoor activities like hiking and camping, but I don't have a car to get to the nearest parks and trails. It's frustrating to feel like I'm missing out on something that I really enjoy.""",8.104688,9.990735,8,0.98,Positive,0.6232,Cluster 8,🍽️ Food & Cafeteria Services
Activities and Travelling,"9. ""I went on a trip with a student organization, but the leaders didn't seem very organized. We were always running late or missing important details, and it made the trip more stressful than it needed to be.""",19,1.98,1,1,M,Indonesia, i went on a trip with a student organization but the leaders didnt seem very organized we were always running late or missing important details and it made the trip more stressful than it needed to be,"9. ""I went on a trip with a student organization, but the leaders didn't seem very organized. We were always running late or missing important details, and it made the trip more stressful than it needed to be.""",13.000169,3.0760696,10,0.3974,Negative,-0.7572,Cluster 10,💻 Online Learning & Platform Issues
Activities and Travelling,"10. ""I wish there were more opportunities to travel and explore the world while still earning college credit. It would be a great way to combine my academic and personal interests.""",27,1.86,5,1,M,Indonesia, i wish there were more opportunities to travel and explore the world while still earning college credit it would be a great way to combine my academic and personal interests,"10. ""I wish there were more opportunities to travel and explore the world while still earning college credit. It would be a great way to combine my academic and personal interests.""",8.134163,9.3892565,8,0.98,Positive,0.923,Cluster 8,🍽️ Food & Cafeteria Services
Activities and Travelling,"1. ""I love the study abroad programs offered by our university. They've given me the chance to see the world and experience new cultures, all while earning credit towards my degree.""",20,3.84,1,1,F,Indonesia, i love the study abroad programs offered by our university theyve given me the chance to see the world and experience new cultures all while earning credit towards my degree,"1. ""I love the study abroad programs offered by our university. They've given me the chance to see the world and experience new cultures, all while earning credit towards my degree.""",10.580496,11.420992,5,0.98,Positive,0.8316,Cluster 5,🌍 Diversity & Inclusion Support
Activities and Travelling,"2. ""I wish there were more affordable travel options available for students. It's hard to save up enough money to take a trip when you're already paying for tuition, textbooks, and rent.""",25,2.42,3,1,M,Indonesia, i wish there were more affordable travel options available for students its hard to save up enough money to take a trip when youre already paying for tuition textbooks and rent,"2. ""I wish there were more affordable travel options available for students. It's hard to save up enough money to take a trip when you're already paying for tuition, textbooks, and rent.""",7.907481,9.291543,8,0.98,Positive,0.6705,Cluster 8,🍽️ Food & Cafeteria Services
Activities and Travelling,"3. ""The university-sponsored trips and excursions are always a lot of fun, but they tend to fill up quickly. I wish there were more spots available so that more students could participate.""",18,2.95,5,1,M,Indonesia, the universitysponsored trips and excursions are always a lot of fun but they tend to fill up quickly i wish there were more spots available so that more students could participate,"3. ""The university-sponsored trips and excursions are always a lot of fun, but they tend to fill up quickly. I wish there were more spots available so that more students could participate.""",8.117576,10.055253,8,0.98,Positive,0.6908,Cluster 8,🍽️ Food & Cafeteria Services
Activities and Travelling,"4. ""I really enjoy hiking and exploring the outdoors, but it can be tough to find good hiking trails and parks nearby. I wish there were more options available for students who want to get outside and explore.""",19,3.12,3,1,M,Indonesia, i really enjoy hiking and exploring the outdoors but it can be tough to find good hiking trails and parks nearby i wish there were more options available for students who want to get outside and explore,"4. ""I really enjoy hiking and exploring the outdoors, but it can be tough to find good hiking trails and parks nearby. I wish there were more options available for students who want to get outside and explore.""",8.103716,9.975322,8,0.98,Positive,0.8536,Cluster 8,🍽️ Food & Cafeteria Services
Activities and Travelling,"5. ""I love going to concerts and music festivals, but it's hard to find events that fit within my budget. It would be great if the university offered discounted tickets to students for these types of events.""",23,2.93,4,1,F,Indonesia, i love going to concerts and music festivals but its hard to find events that fit within my budget it would be great if the university offered discounted tickets to students for these types of events,"5. ""I love going to concerts and music festivals, but it's hard to find events that fit within my budget. It would be great if the university offered discounted tickets to students for these types of events.""",8.196855,10.04449,8,0.98,Positive,0.9178,Cluster 8,🍽️ Food & Cafeteria Services
Activities and Travelling,"6. ""I've always been interested in volunteering and giving back to my community, and the university has provided me with some great opportunities to do so. It's been really rewarding to be able to make a difference.""",27,2.47,2,1,F,Indonesia, ive always been interested in volunteering and giving back to my community and the university has provided me with some great opportunities to do so its been really rewarding to be able to make a difference,"6. ""I've always been interested in volunteering and giving back to my community, and the university has provided me with some great opportunities to do so. It's been really rewarding to be able to make a difference.""",8.745867,9.677036,8,0.98,Positive,0.9381,Cluster 8,🍽️ Food & Cafeteria Services
Activities and Travelling,"7. ""I wish there were more opportunities to connect with other students who have similar interests. It can be tough to find a community of like-minded individuals on such a large campus.""",26,3.06,3,1,M,Indonesia, i wish there were more opportunities to connect with other students who have similar interests it can be tough to find a community of likeminded individuals on such a large campus,"7. ""I wish there were more opportunities to connect with other students who have similar interests. It can be tough to find a community of like-minded individuals on such a large campus.""",10.156074,10.24114,6,0.9666,Positive,0.7264,Cluster 6,💼 Career & Internship Opportunities
Activities and Travelling,"8. ""I really enjoy exploring new neighborhoods and trying new restaurants, but it can be tough to find affordable options. It would be great if the university offered a foodie club or something similar.""",20,2.61,1,1,M,Indonesia, i really enjoy exploring new neighborhoods and trying new restaurants but it can be tough to find affordable options it would be great if the university offered a foodie club or something similar,"8. ""I really enjoy exploring new neighborhoods and trying new restaurants, but it can be tough to find affordable options. It would be great if the university offered a foodie club or something similar.""",1.825739,11.324404,0,0.98,Positive,0.799,Cluster 0,🍽️ Food & Cafeteria Services
Activities and Travelling,"9. ""I'm not really into partying or going out to bars, but it feels like that's the only social scene available on campus. I wish there were more options for students who want to have fun without drinking.""",24,2.77,5,1,M,Indonesia, im not really into partying or going out to bars but it feels like thats the only social scene available on campus i wish there were more options for students who want to have fun without drinking,"9. ""I'm not really into partying or going out to bars, but it feels like that's the only social scene available on campus. I wish there were more options for students who want to have fun without drinking.""",8.361858,10.118924,8,0.98,Positive,0.9002,Cluster 8,🍽️ Food & Cafeteria Services
Activities and Travelling,"10. ""I love going to sporting events and cheering on our school's teams. It's a great way to feel connected to the university and get involved in the campus community.""",22,1.05,5,1,F,Indonesia, i love going to sporting events and cheering on our schools teams its a great way to feel connected to the university and get involved in the campus community,"10. ""I love going to sporting events and cheering on our school's teams. It's a great way to feel connected to the university and get involved in the campus community.""",8.850946,10.630051,8,0.98,Positive,0.9118,Cluster 8,🍽️ Food & Cafeteria Services
Activities and Travelling,"11. ""I wish there were more opportunities for outdoor recreation, like kayaking or camping. It would be great to be able to get away from campus and explore the natural beauty of the area.""",21,0.15,2,1,M,Indonesia, i wish there were more opportunities for outdoor recreation like kayaking or camping it would be great to be able to get away from campus and explore the natural beauty of the area,"11. ""I wish there were more opportunities for outdoor recreation, like kayaking or camping. It would be great to be able to get away from campus and explore the natural beauty of the area.""",8.125555,10.127001,8,0.98,Positive,0.9552,Cluster 8,🍽️ Food & Cafeteria Services
Activities and Travelling,"12. ""I'm really interested in photography, but it can be tough to find good locations to take photos. I wish there were more scenic spots around campus for students to explore.""",25,0.38,3,1,F,Indonesia, im really interested in photography but it can be tough to find good locations to take photos i wish there were more scenic spots around campus for students to explore,"12. ""I'm really interested in photography, but it can be tough to find good locations to take photos. I wish there were more scenic spots around campus for students to explore.""",8.138502,10.085447,8,0.98,Positive,0.8247,Cluster 8,🍽️ Food & Cafeteria Services
Activities and Travelling,"13. ""I really enjoy attending lectures and talks on campus. It's a great way to learn new things and expand my knowledge beyond my coursework.""",26,0.95,4,1,M,Indonesia, i really enjoy attending lectures and talks on campus its a great way to learn new things and expand my knowledge beyond my coursework,"13. ""I really enjoy attending lectures and talks on campus. It's a great way to learn new things and expand my knowledge beyond my coursework.""",9.024265,10.750062,8,0.98,Positive,0.8718,Cluster 8,🍽️ Food & Cafeteria Services
Activities and Travelling,"14. ""I love attending film screenings and discussions on campus. It's a great way to engage with the arts and see films that I might not have discovered on my own.""",25,2.16,1,1,F,Indonesia, i love attending film screenings and discussions on campus its a great way to engage with the arts and see films that i might not have discovered on my own,"14. ""I love attending film screenings and discussions on campus. It's a great way to engage with the arts and see films that I might not have discovered on my own.""",8.895976,10.642775,8,0.98,Positive,0.8934,Cluster 8,🍽️ Food & Cafeteria Services
Activities and Travelling,"15. ""I wish there were more opportunities to connect with alumni and professionals in my field. It would be great to network and get advice from people who have been through the same things I'm going through now.""",21,3.29,2,1,F,Indonesia, i wish there were more opportunities to connect with alumni and professionals in my field it would be great to network and get advice from people who have been through the same things im going through now,"15. ""I wish there were more opportunities to connect with alumni and professionals in my field. It would be great to network and get advice from people who have been through the same things I'm going through now.""",10.36115,9.769404,6,0.98,Positive,0.8655,Cluster 6,💼 Career & Internship Opportunities
Activities and Travelling,"16. ""I love taking weekend trips to nearby cities and towns. It's a great way to see new places and experience different cultures, without having to spend a lot of money.""",21,0.36,3,1,F,Indonesia, i love taking weekend trips to nearby cities and towns its a great way to see new places and experience different cultures without having to spend a lot of money,"16. ""I love taking weekend trips to nearby cities and towns. It's a great way to see new places and experience different cultures, without having to spend a lot of money.""",8.04411,9.926771,8,0.98,Positive,0.8519,Cluster 8,🍽️ Food & Cafeteria Services
Activities and Travelling,"17. ""I really enjoy attending book clubs and literary events on campus. It's a great way to engage with literature and connect with other book lovers.""",21,3.74,4,1,F,Indonesia, i really enjoy attending book clubs and literary events on campus its a great way to engage with literature and connect with other book lovers,"17. ""I really enjoy attending book clubs and literary events on campus. It's a great way to engage with literature and connect with other book lovers.""",8.922723,10.651159,8,0.98,Positive,0.9245,Cluster 8,🍽️ Food & Cafeteria Services
Activities and Travelling,"18. ""I wish there were more opportunities for students to get involved in research projects and work with faculty members outside of the classroom. It would be a great way to gain hands-on experience in my field.""",20,0.25,3,1,M,Indonesia, i wish there were more opportunities for students to get involved in research projects and work with faculty members outside of the classroom it would be a great way to gain handson experience in my field,"18. ""I wish there were more opportunities for students to get involved in research projects and work with faculty members outside of the classroom. It would be a great way to gain hands-on experience in my field.""",10.365869,10.29305,6,0.8634,Positive,0.92,Cluster 6,💼 Career & Internship Opportunities
Activities and Travelling,"19. ""I love attending poetry readings and spoken word events on campus. It's a great way to connect with the creative community and hear from talented writers.""",22,0.14,2,1,M,Indonesia, i love attending poetry readings and spoken word events on campus its a great way to connect with the creative community and hear from talented writers,"19. ""I love attending poetry readings and spoken word events on campus. It's a great way to connect with the creative community and hear from talented writers.""",8.963483,10.689752,8,0.98,Positive,0.9382,Cluster 8,🍽️ Food & Cafeteria Services
Activities and Travelling,"20. ""I wish there were more opportunities for students to learn about and engage",17,1.26,5,1,M,Indonesia, i wish there were more opportunities for students to learn about and engage,"20. ""I wish there were more opportunities for students to learn about and engage",10.3399935,10.428716,6,0.8022,Positive,0.7902,Cluster 6,💼 Career & Internship Opportunities
Food and Cantines,"1. ""I am disappointed with the food options available on campus. There are not enough healthy options, and the quality of the food is subpar.""",21,1.54,2,1,M,Indonesia, i am disappointed with the food options available on campus there are not enough healthy options and the quality of the food is subpar,"1. ""I am disappointed with the food options available on campus. There are not enough healthy options, and the quality of the food is subpar.""",1.4708841,11.360302,0,0.98,Negative,-0.6551,Cluster 0,🍽️ Food & Cafeteria Services
Food and Cantines,"2. ""The cafeteria on campus is always crowded, and it's difficult to find a seat during peak hours. The university should consider expanding the cafeteria or adding additional dining areas.""",21,0.86,3,1,M,Indonesia, the cafeteria on campus is always crowded and its difficult to find a seat during peak hours the university should consider expanding the cafeteria or adding additional dining areas,"2. ""The cafeteria on campus is always crowded, and it's difficult to find a seat during peak hours. The university should consider expanding the cafeteria or adding additional dining areas.""",1.3705105,10.983162,0,0.8154,Negative,-0.3612,Cluster 0,🍽️ Food & Cafeteria Services
Food and Cantines,"3. ""I appreciate the variety of food options available on campus, but the prices are too high. It's not feasible for students to eat on campus every day.""",17,0.13,5,1,F,Indonesia, i appreciate the variety of food options available on campus but the prices are too high its not feasible for students to eat on campus every day,"3. ""I appreciate the variety of food options available on campus, but the prices are too high. It's not feasible for students to eat on campus every day.""",1.6361153,11.30379,0,0.98,Positive,0.2144,Cluster 0,🍽️ Food & Cafeteria Services
Food and Cantines,"4. ""The food available on campus is too greasy and unhealthy. The university should focus on offering more nutritious options.""",23,3.81,4,1,M,Indonesia, the food available on campus is too greasy and unhealthy the university should focus on offering more nutritious options,"4. ""The food available on campus is too greasy and unhealthy. The university should focus on offering more nutritious options.""",1.4292192,11.416903,0,0.98,Negative,-0.5267,Cluster 0,🍽️ Food & Cafeteria Services
Food and Cantines,"5. ""The vending machines on campus are frequently out of order, which is frustrating when I need a quick snack between classes.""",18,3.5,3,1,F,Indonesia, the vending machines on campus are frequently out of order which is frustrating when i need a quick snack between classes,"5. ""The vending machines on campus are frequently out of order, which is frustrating when I need a quick snack between classes.""",1.7590061,10.885683,0,0.98,Negative,-0.4404,Cluster 0,🍽️ Food & Cafeteria Services
Food and Cantines,"6. ""I love the variety of snacks available at the campus convenience store, but the prices are too high. It would be great if the university could offer more affordable options.""",19,0.15,1,1,M,Indonesia, i love the variety of snacks available at the campus convenience store but the prices are too high it would be great if the university could offer more affordable options,"6. ""I love the variety of snacks available at the campus convenience store, but the prices are too high. It would be great if the university could offer more affordable options.""",1.8140397,11.221661,0,0.98,Positive,0.85,Cluster 0,🍽️ Food & Cafeteria Services
Food and Cantines,"7. ""The campus coffee shop is always crowded, and it takes forever to get my order. I wish there were more employees working during peak hours.""",20,3.88,2,1,M,Indonesia, the campus coffee shop is always crowded and it takes forever to get my order i wish there were more employees working during peak hours,"7. ""The campus coffee shop is always crowded, and it takes forever to get my order. I wish there were more employees working during peak hours.""",1.988857,11.102747,0,0.8099,Positive,0.4019,Cluster 0,🍽️ Food & Cafeteria Services
Food and Cantines,"8. ""I appreciate the vegan and vegetarian options available on campus, but they are often sold out or not replenished in a timely manner.""",26,3.98,4,1,F,Indonesia, i appreciate the vegan and vegetarian options available on campus but they are often sold out or not replenished in a timely manner,"8. ""I appreciate the vegan and vegetarian options available on campus, but they are often sold out or not replenished in a timely manner.""",0.59032196,10.937372,0,0.98,Positive,0.2144,Cluster 0,🍽️ Food & Cafeteria Services
Food and Cantines,"9. ""The campus dining hall should offer more international cuisine options. The food is too focused on American cuisine.""",27,0.34,4,1,M,Indonesia, the campus dining hall should offer more international cuisine options the food is too focused on american cuisine,"9. ""The campus dining hall should offer more international cuisine options. The food is too focused on American cuisine.""",0.9363374,11.407123,0,0.98,Positive,0.3818,Cluster 0,🍽️ Food & Cafeteria Services
Food and Cantines,"10. ""The food available on campus is not accommodating for students with allergies. The university should provide more allergy-friendly options.""",22,1.69,4,1,M,Indonesia, the food available on campus is not accommodating for students with allergies the university should provide more allergyfriendly options,"10. ""The food available on campus is not accommodating for students with allergies. The university should provide more allergy-friendly options.""",1.1999327,11.20957,0,0.98,Neutral,0.0,Cluster 0,🍽️ Food & Cafeteria Services
Food and Cantines,"11. ""I wish there were more food trucks on campus. The lines are always too long, and the trucks are only available on certain days.""",19,3.85,4,1,M,Indonesia, i wish there were more food trucks on campus the lines are always too long and the trucks are only available on certain days,"11. ""I wish there were more food trucks on campus. The lines are always too long, and the trucks are only available on certain days.""",1.7375895,11.204698,0,0.98,Positive,0.5859,Cluster 0,🍽️ Food & Cafeteria Services
Food and Cantines,"12. ""The campus snack bars often run out of popular items, which is frustrating for students who rely on these options for meals.""",23,3.32,1,1,M,Indonesia, the campus snack bars often run out of popular items which is frustrating for students who rely on these options for meals,"12. ""The campus snack bars often run out of popular items, which is frustrating for students who rely on these options for meals.""",1.6965817,11.020394,0,0.98,Neutral,-0.0258,Cluster 0,🍽️ Food & Cafeteria Services
Food and Cantines,"13. ""The food available on campus is too repetitive. I wish there were more rotating menu options.""",20,3.91,2,1,M,Indonesia, the food available on campus is too repetitive i wish there were more rotating menu options,"13. ""The food available on campus is too repetitive. I wish there were more rotating menu options.""",1.4927894,11.380111,0,0.98,Positive,0.1779,Cluster 0,🍽️ Food & Cafeteria Services
Food and Cantines,"14. ""The meal plan options are too limited. It would be great if the university could offer more flexible options for students who don't eat on campus every day.""",21,2.36,4,1,M,Indonesia, the meal plan options are too limited it would be great if the university could offer more flexible options for students who dont eat on campus every day,"14. ""The meal plan options are too limited. It would be great if the university could offer more flexible options for students who don't eat on campus every day.""",1.6279837,11.438929,0,0.98,Positive,0.659,Cluster 0,🍽️ Food & Cafeteria Services
Food and Cantines,"15. ""The campus convenience store should offer more healthy snack options. Most of the items available are high in sugar and calories.""",22,2.92,4,1,M,Indonesia, the campus convenience store should offer more healthy snack options most of the items available are high in sugar and calories,"15. ""The campus convenience store should offer more healthy snack options. Most of the items available are high in sugar and calories.""",1.6557778,11.179751,0,0.98,Positive,0.4576,Cluster 0,🍽️ Food & Cafeteria Services
Food and Cantines,"16. ""I appreciate the campus food co-op, but the prices are too high for most students to afford.""",18,4.47,3,1,M,Indonesia, i appreciate the campus food coop but the prices are too high for most students to afford,"16. ""I appreciate the campus food co-op, but the prices are too high for most students to afford.""",1.7873843,11.359375,0,0.98,Positive,0.2144,Cluster 0,🍽️ Food & Cafeteria Services
Food and Cantines,"17. ""The food available on campus is often lukewarm or cold. The university should focus on improving the quality of the food.""",20,3.78,2,1,M,Indonesia, the food available on campus is often lukewarm or cold the university should focus on improving the quality of the food,"17. ""The food available on campus is often lukewarm or cold. The university should focus on improving the quality of the food.""",1.2903153,11.46818,0,0.98,Positive,0.4215,Cluster 0,🍽️ Food & Cafeteria Services
Food and Cantines,"18. ""The campus food court should offer more variety. It's difficult to find something I want to eat every day.""",22,2.07,5,1,M,Indonesia, the campus food court should offer more variety its difficult to find something i want to eat every day,"18. ""The campus food court should offer more variety. It's difficult to find something I want to eat every day.""",1.5537086,11.370576,0,0.98,Negative,-0.3535,Cluster 0,🍽️ Food & Cafeteria Services
Food and Cantines,"19. ""I wish the campus cafeteria would offer more breakfast options. It's difficult to find a healthy breakfast on campus.""",22,1.4,5,1,M,Indonesia, i wish the campus cafeteria would offer more breakfast options its difficult to find a healthy breakfast on campus,"19. ""I wish the campus cafeteria would offer more breakfast options. It's difficult to find a healthy breakfast on campus.""",1.24899,11.297245,0,0.98,Positive,0.4404,Cluster 0,🍽️ Food & Cafeteria Services
Food and Cantines,"20. ""The campus dining hall is not open late enough. It would be great if it could stay open until later in the evening.""",23,2.58,5,1,M,Indonesia, the campus dining hall is not open late enough it would be great if it could stay open until later in the evening,"20. ""The campus dining hall is not open late enough. It would be great if it could stay open until later in the evening.""",1.5372972,11.624615,0,0.98,Positive,0.6249,Cluster 0,🍽️ Food & Cafeteria Services
Food and Cantines,"21. ""The quality of the food on campus varies widely. Sometimes it's great, but other times it's barely edible.""",21,1.4,1,1,M,Indonesia, the quality of the food on campus varies widely sometimes its great but other times its barely edible,"21. ""The quality of the food on campus varies widely. Sometimes it's great, but other times it's barely edible.""",1.3180207,11.506555,0,0.98,Positive,0.3716,Cluster 0,🍽️ Food & Cafeteria Services
Food and Cantines,"22. ""The prices at the campus coffee shop are too high. It would be great if there were more affordable options for students.""",21,4.06,3,1,M,Indonesia, the prices at the campus coffee shop are too high it would be great if there were more affordable options for students,"22. ""The prices at the campus coffee shop are too high. It would be great if there were more affordable options for students.""",2.0569973,11.22562,0,0.98,Positive,0.6249,Cluster 0,🍽️ Food & Cafeteria Services
Food and Cantines,"23. ""The campus dining hall should offer more grab-and-go options for students who are in a hurry.""",19,1.06,3,1,M,Indonesia, the campus dining hall should offer more grabandgo options for students who are in a hurry,"23. ""The campus dining hall should offer more grab-and-go options for students who are in a hurry.""",1.7253814,11.636664,0,0.98,Neutral,0.0,Cluster 0,🍽️ Food & Cafeteria Services
Food and Cantines,"24. ""I appreciate the late-night dining options available on campus, but the food is often not fresh or of good quality.""",23,2.16,2,1,M,Indonesia, i appreciate the latenight dining options available on campus but the food is often not fresh or of good quality,"24. ""I appreciate the late-night dining options available on campus, but the food is often not fresh or of good quality.""",1.4309194,11.621864,0,0.98,Positive,0.5035,Cluster 0,🍽️ Food & Cafeteria Services
Food and Cantines,"25. ""The campus convenience store should offer more non-perishable food options for students who don't have access to a fridge.""",21,3.57,5,1,M,Indonesia, the campus convenience store should offer more nonperishable food options for students who dont have access to a fridge,"25. ""The campus convenience store should offer more non-perishable food options for students who don't have access to a fridge.""",1.6307878,11.333627,0,0.98,Neutral,0.0,Cluster 0,🍽️ Food & Cafeteria Services
Food and Cantines,"26. ""The food available on campus is often too spicy or too bland. The university should work on offering more balanced flavors.""",19,3.43,2,1,M,Indonesia, the food available on campus is often too spicy or too bland the university should work on offering more balanced flavors,"26. ""The food available on campus is often too spicy or too bland. The university should work on offering more balanced flavors.""",1.3594286,11.469696,0,0.98,Neutral,0.0,Cluster 0,🍽️ Food & Cafeteria Services
Food and Cantines,"27. ""The campus dining hall should offer more gluten-free options for students with celiac disease or gluten intolerance.""",19,2.73,5,1,M,Indonesia, the campus dining hall should offer more glutenfree options for students with celiac disease or gluten intolerance,"27. ""The campus dining hall should offer more gluten-free options for students with celiac disease or gluten intolerance.""",1.0343614,11.249186,0,0.98,Neutral,0.0,Cluster 0,🍽️ Food & Cafeteria Services
Food and Cantines,"28. ""The campus coffee shop should offer more non-coffee drink options. Not all students drink coffee.""",18,4.65,3,1,M,Indonesia, the campus coffee shop should offer more noncoffee drink options not all students drink coffee,"28. ""The campus coffee shop should offer more non-coffee drink options. Not all students drink coffee.""",2.046083,11.280299,0,0.9517,Neutral,0.0,Cluster 0,🍽️ Food & Cafeteria Services
Food and Cantines,"1. ""The food options on campus are quite limited and not very appetizing. I wish there were more healthy options available.""",22,3.99,1,1,M,Indonesia, the food options on campus are quite limited and not very appetizing i wish there were more healthy options available,"1. ""The food options on campus are quite limited and not very appetizing. I wish there were more healthy options available.""",1.4496183,11.2014475,0,0.98,Positive,0.5809,Cluster 0,🍽️ Food & Cafeteria Services
Food and Cantines,"2. ""I appreciate that there are a few vegetarian options available, but they often run out quickly and I end up having to choose from the same limited menu.""",20,1.03,3,1,M,Indonesia, i appreciate that there are a few vegetarian options available but they often run out quickly and i end up having to choose from the same limited menu,"2. ""I appreciate that there are a few vegetarian options available, but they often run out quickly and I end up having to choose from the same limited menu.""",0.3571464,10.852477,0,0.7038,Negative,-0.128,Cluster 0,🍽️ Food & Cafeteria Services
Food and Cantines,"3. ""The food served in the cafeteria is not worth the price. It's often undercooked and the portions are small.""",23,1.12,4,1,M,Indonesia, the food served in the cafeteria is not worth the price its often undercooked and the portions are small,"3. ""The food served in the cafeteria is not worth the price. It's often undercooked and the portions are small.""",1.0359879,10.506139,0,0.98,Negative,-0.1695,Cluster 0,🍽️ Food & Cafeteria Services
Food and Cantines,"4. ""I wish there were more affordable options for snacks and drinks on campus. The vending machines are often empty or not working.""",21,2.31,3,1,M,Indonesia, i wish there were more affordable options for snacks and drinks on campus the vending machines are often empty or not working,"4. ""I wish there were more affordable options for snacks and drinks on campus. The vending machines are often empty or not working.""",1.7862071,11.02484,0,0.98,Positive,0.2263,Cluster 0,🍽️ Food & Cafeteria Services
Food and Cantines,"5. ""The coffee served in the student center is too expensive for what it is. I would love to see more affordable options available.""",18,2.35,1,1,F,Indonesia, the coffee served in the student center is too expensive for what it is i would love to see more affordable options available,"5. ""The coffee served in the student center is too expensive for what it is. I would love to see more affordable options available.""",2.0681858,11.2444725,0,0.98,Positive,0.6369,Cluster 0,🍽️ Food & Cafeteria Services
Food and Cantines,"6. ""The cafeteria is always crowded during peak hours, making it difficult to find a place to sit and eat.""",21,1.02,3,1,F,Indonesia, the cafeteria is always crowded during peak hours making it difficult to find a place to sit and eat,"6. ""The cafeteria is always crowded during peak hours, making it difficult to find a place to sit and eat.""",1.1897376,10.862047,0,0.9364,Negative,-0.3612,Cluster 0,🍽️ Food & Cafeteria Services
Food and Cantines,"7. ""The quality of the food in the campus dining hall needs to be improved. It's often bland and unappetizing.""",23,1.13,3,1,F,Indonesia, the quality of the food in the campus dining hall needs to be improved its often bland and unappetizing,"7. ""The quality of the food in the campus dining hall needs to be improved. It's often bland and unappetizing.""",1.0047363,11.730334,0,0.8338,Positive,0.4767,Cluster 0,🍽️ Food & Cafeteria Services
Food and Cantines,"8. ""The food served in the campus cafe is often overpriced and not very tasty. I wish there were more options available.""",18,3.98,3,1,F,Indonesia, the food served in the campus cafe is often overpriced and not very tasty i wish there were more options available,"8. ""The food served in the campus cafe is often overpriced and not very tasty. I wish there were more options available.""",1.7033747,11.29684,0,0.98,Positive,0.4522,Cluster 0,🍽️ Food & Cafeteria Services
Food and Cantines,"9. ""The campus food options are not very diverse, and I often end up eating the same things over and over again.""",21,3.0,1,1,F,Indonesia, the campus food options are not very diverse and i often end up eating the same things over and over again,"9. ""The campus food options are not very diverse, and I often end up eating the same things over and over again.""",1.4108131,11.478433,0,0.98,Neutral,0.0,Cluster 0,🍽️ Food & Cafeteria Services
Food and Cantines,"10. ""I appreciate that the campus has a few healthy options available, but they are often more expensive than the other menu items.""",18,1.25,5,1,F,Indonesia, i appreciate that the campus has a few healthy options available but they are often more expensive than the other menu items,"10. ""I appreciate that the campus has a few healthy options available, but they are often more expensive than the other menu items.""",1.7432941,11.314229,0,0.98,Positive,0.4019,Cluster 0,🍽️ Food & Cafeteria Services
Food and Cantines,"11. ""The snacks available in the vending machines are often stale or expired. I wish they were restocked more frequently.""",20,2.86,2,1,F,Indonesia, the snacks available in the vending machines are often stale or expired i wish they were restocked more frequently,"11. ""The snacks available in the vending machines are often stale or expired. I wish they were restocked more frequently.""",1.5006064,10.586408,0,0.7712,Positive,0.4019,Cluster 0,🍽️ Food & Cafeteria Services
Food and Cantines,"12. ""The cafeteria should offer more options for students with dietary restrictions or food allergies.""",20,1.38,2,1,F,Indonesia, the cafeteria should offer more options for students with dietary restrictions or food allergies,"12. ""The cafeteria should offer more options for students with dietary restrictions or food allergies.""",0.91131663,11.020509,0,0.98,Neutral,0.0,Cluster 0,🍽️ Food & Cafeteria Services
Food and Cantines,"13. ""The food options on campus are limited and often overpriced. I end up having to spend a lot of money on food each week.""",19,2.03,2,1,F,Indonesia, the food options on campus are limited and often overpriced i end up having to spend a lot of money on food each week,"13. ""The food options on campus are limited and often overpriced. I end up having to spend a lot of money on food each week.""",1.7162688,11.255412,0,0.98,Negative,-0.2263,Cluster 0,🍽️ Food & Cafeteria Services
Food and Cantines,"14. ""The cafeteria is always very crowded during lunchtime, which makes it difficult to find a place to sit and eat.""",20,4.21,1,1,F,Indonesia, the cafeteria is always very crowded during lunchtime which makes it difficult to find a place to sit and eat,"14. ""The cafeteria is always very crowded during lunchtime, which makes it difficult to find a place to sit and eat.""",1.2131102,10.811315,0,0.98,Negative,-0.3612,Cluster 0,🍽️ Food & Cafeteria Services
Food and Cantines,"15. ""I wish there were more options available for breakfast on campus. The current selection is quite limited.""",21,4.02,5,1,F,Indonesia, i wish there were more options available for breakfast on campus the current selection is quite limited,"15. ""I wish there were more options available for breakfast on campus. The current selection is quite limited.""",1.5180312,11.428978,0,0.98,Positive,0.1298,Cluster 0,🍽️ Food & Cafeteria Services
Food and Cantines,"16. ""The cafeteria often runs out of popular menu items before the end of the day, leaving students with limited options.""",18,4.9,1,1,F,Indonesia, the cafeteria often runs out of popular menu items before the end of the day leaving students with limited options,"16. ""The cafeteria often runs out of popular menu items before the end of the day, leaving students with limited options.""",1.4502331,11.013477,0,0.8866,Positive,0.2263,Cluster 0,🍽️ Food & Cafeteria Services
Food and Cantines,"17. ""The food served in the student center is often cold and unappetizing. I wish the quality were better.""",21,3.32,2,1,F,Indonesia, the food served in the student center is often cold and unappetizing i wish the quality were better,"17. ""The food served in the student center is often cold and unappetizing. I wish the quality were better.""",1.2339108,11.519648,0,0.98,Positive,0.6808,Cluster 0,🍽️ Food & Cafeteria Services
Food and Cantines,"18. ""The vending machines on campus are often out of order, making it difficult to find snacks and drinks.""",20,4.64,3,1,F,Indonesia, the vending machines on campus are often out of order making it difficult to find snacks and drinks,"18. ""The vending machines on campus are often out of order, making it difficult to find snacks and drinks.""",1.7604941,10.906159,0,0.98,Negative,-0.3612,Cluster 0,🍽️ Food & Cafeteria Services
Food and Cantines,"19. ""The campus needs to provide more healthy snack options, like fresh fruits and vegetables.""",22,3.99,2,1,F,Indonesia, the campus needs to provide more healthy snack options like fresh fruits and vegetables,"19. ""The campus needs to provide more healthy snack options, like fresh fruits and vegetables.""",1.513841,11.219736,0,0.98,Positive,0.7778,Cluster 0,🍽️ Food & Cafeteria Services
Food and Cantines,"20. ""The prices for food on campus are too high, especially considering the quality and variety of the options available.""",23,4.2,5,1,F,Indonesia, the prices for food on campus are too high especially considering the quality and variety of the options available,"20. ""The prices for food on campus are too high, especially considering the quality and variety of the options available.""",1.5835869,11.393125,0,0.98,Neutral,0.0,Cluster 0,🍽️ Food & Cafeteria Services
Food and Cantines,"21. ""The cafeteria should offer more vegetarian and vegan options, as there are many students on campus with these dietary restrictions.""",19,1.09,5,1,F,Indonesia, the cafeteria should offer more vegetarian and vegan options as there are many students on campus with these dietary restrictions,"21. ""The cafeteria should offer more vegetarian and vegan options, as there are many students on campus with these dietary restrictions.""",0.72462505,10.946041,0,0.98,Neutral,0.0,Cluster 0,🍽️ Food & Cafeteria Services
Food and Cantines,"22. ""The coffee served in the campus cafe is often burnt and bitter. I wish there were better options available.""",18,4.94,5,1,F,Indonesia, the coffee served in the campus cafe is often burnt and bitter i wish there were better options available,"22. ""The coffee served in the campus cafe is often burnt and bitter. I wish there were better options available.""",2.0603786,11.244734,0,0.8922,Positive,0.4215,Cluster 0,🍽️ Food & Cafeteria Services
Food and Cantines,"23. ""The campus should provide more options for students who need to grab a quick bite between classes.""",21,1.35,2,1,F,Indonesia, the campus should provide more options for students who need to grab a quick bite between classes,"23. ""The campus should provide more options for students who need to grab a quick bite between classes.""",1.873037,11.665066,0,0.98,Neutral,0.0,Cluster 0,🍽️ Food & Cafeteria Services
Food and Cantines,"24. ""The snacks available in the campus store are often overpriced and not very appetizing.""",22,1.61,5,1,F,Indonesia, the snacks available in the campus store are often overpriced and not very appetizing,"24. ""The snacks available in the campus store are often overpriced and not very appetizing.""",1.6676785,10.994448,0,0.98,Neutral,0.0,Cluster 0,🍽️ Food & Cafeteria Services
Food and Cantines,"25. ""The cafeteria should offer more international food options, to better reflect the diverse student population.""",18,4.84,1,1,F,Indonesia, the cafeteria should offer more international food options to better reflect the diverse student population,"25. ""The cafeteria should offer more international food options, to better reflect the diverse student population.""",0.88286597,11.099011,0,0.98,Positive,0.4404,Cluster 0,🍽️ Food & Cafeteria Services
Food and Cantines,"26. ""The campus needs to provide more options for students who have early morning classes and need breakfast on the go.""",19,4.6,1,1,F,Indonesia, the campus needs to provide more options for students who have early morning classes and need breakfast on the go,"26. ""The campus needs to provide more options for students who have early morning classes and need breakfast on the go.""",1.6128848,11.539464,0,0.98,Neutral,0.0,Cluster 0,🍽️ Food & Cafeteria Services
Food and Cantines,"27. ""The quality of the food in the campus cafe needs to be improved. It's often stale and unappetizing.""",20,1.44,2,1,F,Indonesia, the quality of the food in the campus cafe needs to be improved its often stale and unappetizing,"27. ""The quality of the food in the campus cafe needs to be improved. It's often stale and unappetizing.""",1.2371646,11.547743,0,0.98,Positive,0.4767,Cluster 0,🍽️ Food & Cafeteria Services
Food and Cantines,"28. ""The campus should consider offering a meal plan for students, to make dining on campus more affordable.""",23,2.58,5,1,F,Indonesia, the campus should consider offering a meal plan for students to make dining on campus more affordable,"28. ""The campus should consider offering a meal plan for students, to make dining on campus more affordable.""",1.6654956,11.531688,0,0.98,Neutral,0.0,Cluster 0,🍽️ Food & Cafeteria Services
Food and Cantines,"29. ""The vending machines on campus should offer healthier options, like granola bars and trail mix.""",19,2.16,4,1,F,Indonesia, the vending machines on campus should offer healthier options like granola bars and trail mix,"29. ""The vending machines on campus should offer healthier options, like granola bars and trail mix.""",1.7383804,11.00074,0,0.98,Positive,0.3612,Cluster 0,🍽️ Food & Cafeteria Services
Food and Cantines,"30. ""The campus needs to provide more options for students who have late classes and need dinner on the go.""",21,2.76,2,1,F,Indonesia, the campus needs to provide more options for students who have late classes and need dinner on the go,"30. ""The campus needs to provide more options for students who have late classes and need dinner on the go.""",1.7413576,11.637839,0,0.98,Neutral,0.0,Cluster 0,🍽️ Food & Cafeteria Services
Food and Cantines,"1. ""The food on campus is decent, but the snacks available at the cantine are too expensive.""",19,3.74,5,1,F,Indonesia, the food on campus is decent but the snacks available at the cantine are too expensive,"1. ""The food on campus is decent, but the snacks available at the cantine are too expensive.""",1.5801066,11.170884,0,0.98,Neutral,0.0,Cluster 0,🍽️ Food & Cafeteria Services
Food and Cantines,"2. ""I wish there were more vegan options in the cafeteria.""",18,4.49,3,1,F,Indonesia, i wish there were more vegan options in the cafeteria,"2. ""I wish there were more vegan options in the cafeteria.""",0.67229474,10.902023,0,0.98,Positive,0.4019,Cluster 0,🍽️ Food & Cafeteria Services
Food and Cantines,"3. ""The sandwiches available in the cantine are always stale.""",23,2.19,3,1,F,Indonesia, the sandwiches available in the cantine are always stale,"3. ""The sandwiches available in the cantine are always stale.""",0.4185094,10.071168,0,0.7038,Neutral,0.0,Cluster 0,🍽️ Food & Cafeteria Services
Food and Cantines,"4. ""The food on campus is great, but the cantine is always crowded during lunchtime.""",18,4.14,3,1,F,Indonesia, the food on campus is great but the cantine is always crowded during lunchtime,"4. ""The food on campus is great, but the cantine is always crowded during lunchtime.""",1.3889493,11.06432,0,0.8696,Positive,0.3716,Cluster 0,🍽️ Food & Cafeteria Services
Food and Cantines,"5. ""The vegetarian options in the cafeteria are delicious!""",22,1.39,1,1,F,Indonesia, the vegetarian options in the cafeteria are delicious,"5. ""The vegetarian options in the cafeteria are delicious!""",0.66621333,10.804367,0,0.98,Positive,0.6114,Cluster 0,🍽️ Food & Cafeteria Services
Food and Cantines,"6. ""The pizza available in the cantine is terrible.""",21,1.67,5,1,F,Indonesia, the pizza available in the cantine is terrible,"6. ""The pizza available in the cantine is terrible.""",0.22258647,10.027346,0,0.7038,Negative,-0.4767,Cluster 0,🍽️ Food & Cafeteria Services
Food and Cantines,"7. ""The coffee in the cafeteria is always lukewarm.""",19,2.76,2,1,F,Indonesia, the coffee in the cafeteria is always lukewarm,"7. ""The coffee in the cafeteria is always lukewarm.""",0.98577416,10.299272,0,0.98,Neutral,0.0,Cluster 0,🍽️ Food & Cafeteria Services
Food and Cantines,"8. ""The portions served in the cafeteria are too small for the price.""",19,2.71,3,1,F,Indonesia, the portions served in the cafeteria are too small for the price,"8. ""The portions served in the cafeteria are too small for the price.""",1.0495572,10.57017,0,0.98,Neutral,0.0,Cluster 0,🍽️ Food & Cafeteria Services
Food and Cantines,"9. ""The sandwiches in the cafeteria are always made with stale bread.""",18,4.82,1,1,F,Indonesia, the sandwiches in the cafeteria are always made with stale bread,"9. ""The sandwiches in the cafeteria are always made with stale bread.""",0.8585653,10.223242,0,0.98,Neutral,0.0,Cluster 0,🍽️ Food & Cafeteria Services
Food and Cantines,"10. ""The cantine should offer more gluten-free options.""",18,2.74,4,1,F,Indonesia, the cantine should offer more glutenfree options,"10. ""The cantine should offer more gluten-free options.""",-0.13159546,10.13828,0,0.7038,Neutral,0.0,Cluster 0,🍽️ Food & Cafeteria Services
Food and Cantines,"11. ""The salad bar in the cafeteria is always fresh and delicious.""",21,3.95,1,1,F,Indonesia, the salad bar in the cafeteria is always fresh and delicious,"11. ""The salad bar in the cafeteria is always fresh and delicious.""",0.899039,10.40477,0,0.98,Positive,0.7184,Cluster 0,🍽️ Food & Cafeteria Services
Food and Cantines,"12. ""The pastries in the cantine are always stale and tasteless.""",22,3.81,3,1,F,Indonesia, the pastries in the cantine are always stale and tasteless,"12. ""The pastries in the cantine are always stale and tasteless.""",0.16836156,9.986638,0,0.7038,Neutral,0.0,Cluster 0,🍽️ Food & Cafeteria Services
Food and Cantines,"13. ""The fruit options in the cafeteria are limited and often not ripe.""",19,1.15,5,1,F,Indonesia, the fruit options in the cafeteria are limited and often not ripe,"13. ""The fruit options in the cafeteria are limited and often not ripe.""",1.0134994,10.662976,0,0.98,Negative,-0.2263,Cluster 0,🍽️ Food & Cafeteria Services
Food and Cantines,"14. ""The cafeteria should offer more international cuisine options.""",23,3.88,1,1,F,Indonesia, the cafeteria should offer more international cuisine options,"14. ""The cafeteria should offer more international cuisine options.""",0.83186007,11.0280905,0,0.98,Neutral,0.0,Cluster 0,🍽️ Food & Cafeteria Services
Food and Cantines,"15. ""The cantine is always closed during the weekends, which is inconvenient.""",19,4.15,1,1,F,Indonesia, the cantine is always closed during the weekends which is inconvenient,"15. ""The cantine is always closed during the weekends, which is inconvenient.""",-0.10456909,10.074572,0,0.7038,Negative,-0.34,Cluster 0,🍽️ Food & Cafeteria Services
Food and Cantines,"16. ""The burgers in the cafeteria are always overcooked.""",19,1.87,1,1,F,Indonesia, the burgers in the cafeteria are always overcooked,"16. ""The burgers in the cafeteria are always overcooked.""",0.9243419,10.324271,0,0.98,Neutral,0.0,Cluster 0,🍽️ Food & Cafeteria Services
Food and Cantines,"17. ""The drinks available in the cantine are overpriced.""",23,2.29,3,1,F,Indonesia, the drinks available in the cantine are overpriced,"17. ""The drinks available in the cantine are overpriced.""",0.10484611,9.983539,0,0.7038,Neutral,0.0,Cluster 0,🍽️ Food & Cafeteria Services
Food and Cantines,"18. ""The cafeteria should offer more healthy options.""",21,2.1,2,1,F,Indonesia, the cafeteria should offer more healthy options,"18. ""The cafeteria should offer more healthy options.""",0.88541764,10.851522,0,0.98,Positive,0.4576,Cluster 0,🍽️ Food & Cafeteria Services
Food and Cantines,"19. ""The chips available in the cantine are always stale and overpriced.""",22,4.51,4,1,F,Indonesia, the chips available in the cantine are always stale and overpriced,"19. ""The chips available in the cantine are always stale and overpriced.""",0.38465822,10.032013,0,0.7038,Neutral,0.0,Cluster 0,🍽️ Food & Cafeteria Services
Food and Cantines,"20. ""The staff in the cafeteria is always friendly and helpful.""",20,2.13,4,1,F,Indonesia, the staff in the cafeteria is always friendly and helpful,"20. ""The staff in the cafeteria is always friendly and helpful.""",0.9305296,10.582572,0,0.98,Positive,0.7184,Cluster 0,🍽️ Food & Cafeteria Services
Food and Cantines,"21. ""The cantine should offer more vegetarian options.""",18,4.4,3,1,F,Indonesia, the cantine should offer more vegetarian options,"21. ""The cantine should offer more vegetarian options.""",-0.10888119,10.124604,0,0.7038,Neutral,0.0,Cluster 0,🍽️ Food & Cafeteria Services
Food and Cantines,"22. ""The pasta in the cafeteria is always overcooked and bland.""",19,3.04,2,1,F,Indonesia, the pasta in the cafeteria is always overcooked and bland,"22. ""The pasta in the cafeteria is always overcooked and bland.""",0.9141466,10.293729,0,0.98,Neutral,0.0,Cluster 0,🍽️ Food & Cafeteria Services
Food and Cantines,"23. ""The prices at the cantine are too high for the quality of the food.""",22,4.85,1,1,F,Indonesia, the prices at the cantine are too high for the quality of the food,"23. ""The prices at the cantine are too high for the quality of the food.""",0.119109124,9.985368,0,0.7038,Neutral,0.0,Cluster 0,🍽️ Food & Cafeteria Services
Food and Cantines,"24. ""The selection of snacks in the cafeteria is limited.""",21,1.49,5,1,F,Indonesia, the selection of snacks in the cafeteria is limited,"24. ""The selection of snacks in the cafeteria is limited.""",1.0184304,10.70559,0,0.98,Negative,-0.2263,Cluster 0,🍽️ Food & Cafeteria Services
Food and Cantines,"25. ""The cantine should offer more options for people with food allergies.""",20,3.63,5,1,F,Indonesia, the cantine should offer more options for people with food allergies,"25. ""The cantine should offer more options for people with food allergies.""",-0.10041884,10.046876,0,0.7038,Neutral,0.0,Cluster 0,🍽️ Food & Cafeteria Services
Food and Cantines,"26. ""The soup in the cafeteria is always too salty.""",23,3.02,5,1,F,Indonesia, the soup in the cafeteria is always too salty,"26. ""The soup in the cafeteria is always too salty.""",0.8945319,10.299793,0,0.98,Neutral,0.0,Cluster 0,🍽️ Food & Cafeteria Services
Food and Cantines,"27. ""The sandwiches in the cafeteria are always made with processed meat.""",22,3.88,3,1,F,Indonesia, the sandwiches in the cafeteria are always made with processed meat,"27. ""The sandwiches in the cafeteria are always made with processed meat.""",0.827108,10.275588,0,0.98,Neutral,0.0,Cluster 0,🍽️ Food & Cafeteria Services
Food and Cantines,"28. ""The desserts in the cantine are always too sweet and unhealthy.""",19,1.36,3,1,F,Indonesia, the desserts in the cantine are always too sweet and unhealthy,"28. ""The desserts in the cantine are always too sweet and unhealthy.""",0.123942144,9.93815,0,0.7038,Negative,-0.1027,Cluster 0,🍽️ Food & Cafeteria Services
Food and Cantines,"29. ""The cantine should offer more organic options.""",23,2.57,1,1,F,Indonesia, the cantine should offer more organic options,"29. ""The cantine should offer more organic options.""",-0.13113365,10.036518,0,0.7038,Neutral,0.0,Cluster 0,🍽️ Food & Cafeteria Services
Food and Cantines,"30. ""The sushi available in the cafeteria is always stale and overpriced.""",22,1.59,1,1,F,Indonesia, the sushi available in the cafeteria is always stale and overpriced,"30. ""The sushi available in the cafeteria is always stale and overpriced.""",1.0368389,10.346786,0,0.98,Neutral,0.0,Cluster 0,🍽️ Food & Cafeteria Services
Food and Cantines,"31. ""The cafeteria should offer more options for people who are lactose intolerant.""",18,1.32,2,1,F,Indonesia, the cafeteria should offer more options for people who are lactose intolerant,"31. ""The cafeteria should offer more options for people who are lactose intolerant.""",0.8521497,10.983732,0,0.98,Neutral,0.0,Cluster 0,🍽️ Food & Cafeteria Services
Food and Cantines,"32. ""The cantine should offer more options for people who are gluten intolerant.""",19,1.14,3,1,F,Indonesia, the cantine should offer more options for people who are gluten intolerant,"32. ""The cantine should offer more options for people who are gluten intolerant.""",-0.12977211,10.086506,0,0.7038,Neutral,0.0,Cluster 0,🍽️ Food & Cafeteria Services
Food and Cantines,"33. ""The food in the cafeteria is always fresh and delicious.""",21,4.12,4,1,M,Indonesia, the food in the cafeteria is always fresh and delicious,"33. ""The food in the cafeteria is always fresh and delicious.""",0.9091474,10.365774,0,0.98,Positive,0.7184,Cluster 0,🍽️ Food & Cafeteria Services
Food and Cantines,"34. ""The cantine should offer more options for people who are vegan.""",19,4.14,3,1,F,Indonesia, the cantine should offer more options for people who are vegan,"34. ""The cantine should offer more options for people who are vegan.""",-0.12537128,10.159828,0,0.7038,Neutral,0.0,Cluster 0,🍽️ Food & Cafeteria Services
Food and Cantines,"35. ""The chips in the cafeteria are always stale and overpriced.""",21,4.94,4,1,F,Indonesia, the chips in the cafeteria are always stale and overpriced,"35. ""The chips in the cafeteria are always stale and overpriced.""",0.9312742,10.270371,0,0.98,Neutral,0.0,Cluster 0,🍽️ Food & Cafeteria Services
Food and Cantines,"36. ""The drinks available in the cafeteria are overpriced.""",21,3.61,5,1,F,Indonesia, the drinks available in the cafeteria are overpriced,"36. ""The drinks available in the cafeteria are overpriced.""",1.1926299,10.550085,0,0.98,Neutral,0.0,Cluster 0,🍽️ Food & Cafeteria Services
Food and Cantines,"37. ""The cantine should offer more options for people who are on a diet.""",21,4.93,5,1,M,Indonesia, the cantine should offer more options for people who are on a diet,"37. ""The cantine should offer more options for people who are on a diet.""",-0.056039225,9.975284,0,0.7038,Neutral,0.0,Cluster 0,🍽️ Food & Cafeteria Services
Food and Cantines,"38. ""The pizza in the cafeteria is always undercooked and soggy.""",22,4.56,2,1,F,Indonesia, the pizza in the cafeteria is always undercooked and soggy,"38. ""The pizza in the cafeteria is always undercooked and soggy.""",0.8688165,10.252508,0,0.98,Neutral,0.0,Cluster 0,🍽️ Food & Cafeteria Services
Food and Cantines,"39. ""The sandwiches in the cafeteria are always made with cheap ingredients.""",21,4.97,4,1,F,Indonesia, the sandwiches in the cafeteria are always made with cheap ingredients,"39. ""The sandwiches in the cafeteria are always made with cheap ingredients.""",0.9383443,10.354982,0,0.98,Neutral,0.0,Cluster 0,🍽️ Food & Cafeteria Services
Food and Cantines,"40. ""The staff in the cantine is always rude and unhelpful.""",19,4.38,5,1,F,Indonesia, the staff in the cantine is always rude and unhelpful,"40. ""The staff in the cantine is always rude and unhelpful.""",-0.03198009,10.234215,0,0.7038,Negative,-0.4588,Cluster 0,🍽️ Food & Cafeteria Services
Food and Cantines,"41. ""The cafeteria should offer more international snacks options.""",20,1.05,3,1,F,Indonesia, the cafeteria should offer more international snacks options,"41. ""The cafeteria should offer more international snacks options.""",0.8742455,10.908958,0,0.98,Neutral,0.0,Cluster 0,🍽️ Food & Cafeteria Services
Food and Cantines,"42. ""The cantine should offer more halal options.""",19,2.35,4,1,F,Indonesia, the cantine should offer more halal options,"42. ""The cantine should offer more halal options.""",-0.19683588,10.1137295,0,0.7038,Neutral,0.0,Cluster 0,🍽️ Food & Cafeteria Services
Food and Cantines,"43. ""The prices at the cafeteria are reasonable for the quality of the food.""",22,3.12,2,1,M,Indonesia, the prices at the cafeteria are reasonable for the quality of the food,"43. ""The prices at the cafeteria are reasonable for the quality of the food.""",1.1220565,10.580578,0,0.98,Neutral,0.0,Cluster 0,🍽️ Food & Cafeteria Services
Food and Cantines,"44. ""The cantine should offer more kosher options.""",19,4.86,2,1,F,Indonesia, the cantine should offer more kosher options,"44. ""The cantine should offer more kosher options.""",-0.17615443,10.076094,0,0.7038,Neutral,0.0,Cluster 0,🍽️ Food & Cafeteria Services
Food and Cantines,"45. ""The cafeteria should offer more organic options.""",21,4.13,3,1,F,Indonesia, the cafeteria should offer more organic options,"45. ""The cafeteria should offer more organic options.""",0.78777945,10.906166,0,0.98,Neutral,0.0,Cluster 0,🍽️ Food & Cafeteria Services
Food and Cantines,"46. ""The cantine should offer more fresh fruit options.""",21,4.44,4,1,F,Indonesia, the cantine should offer more fresh fruit options,"46. ""The cantine should offer more fresh fruit options.""",-0.09924828,9.986911,0,0.7038,Positive,0.3804,Cluster 0,🍽️ Food & Cafeteria Services
Food and Cantines,"47. ""The hot dogs in the cafeteria are always cold and rubbery.""",18,1.65,3,1,M,Indonesia, the hot dogs in the cafeteria are always cold and rubbery,"47. ""The hot dogs in the cafeteria are always cold and rubbery.""",0.81405675,10.286821,0,0.98,Neutral,0.0,Cluster 0,🍽️ Food & Cafeteria Services
Food and Cantines,"48. ""The cantine should offer more locally sourced options.""",18,1.04,4,1,F,Indonesia, the cantine should offer more locally sourced options,"48. ""The cantine should offer more locally sourced options.""",-0.19835009,10.054493,0,0.7038,Neutral,0.0,Cluster 0,🍽️ Food & Cafeteria Services
Food and Cantines,"49. ""The cafeteria should offer more vegetarian options.""",20,1.71,2,1,M,Indonesia, the cafeteria should offer more vegetarian options,"49. ""The cafeteria should offer more vegetarian options.""",0.6603765,10.898668,0,0.98,Neutral,0.0,Cluster 0,🍽️ Food & Cafeteria Services
Food and Cantines,"50. ""The cantine should offer more breakfast options.""",19,3.11,1,1,M,Indonesia, the cantine should offer more breakfast options,"50. ""The cantine should offer more breakfast options.""",-0.15793204,9.957119,0,0.7038,Neutral,0.0,Cluster 0,🍽️ Food & Cafeteria Services
Food and Cantines,1. The food in the dining hall is not healthy or nutritious.,20,2.77,3,1,M,Indonesia, the food in the dining hall is not healthy or nutritious,1. The food in the dining hall is not healthy or nutritious.,0.58995146,11.930026,0,0.8338,Negative,-0.3089,Cluster 0,🍽️ Food & Cafeteria Services
Food and Cantines,2. The food in the dining hall is bland and tasteless.,23,1.7,1,1,M,Indonesia, the food in the dining hall is bland and tasteless,2. The food in the dining hall is bland and tasteless.,0.6407638,11.955343,0,0.8338,Neutral,0.0,Cluster 0,🍽️ Food & Cafeteria Services
Food and Cantines,3. The food in the dining hall is overpriced.,22,2.23,3,1,M,Indonesia, the food in the dining hall is overpriced,3. The food in the dining hall is overpriced.,0.70407367,11.90852,0,0.8338,Neutral,0.0,Cluster 0,🍽️ Food & Cafeteria Services
Food and Cantines,4. The dining hall is always crowded and there are long lines.,19,3.46,1,1,M,Indonesia, the dining hall is always crowded and there are long lines,4. The dining hall is always crowded and there are long lines.,0.65296257,11.98215,0,0.8338,Neutral,0.0,Cluster 0,🍽️ Food & Cafeteria Services
Food and Cantines,5. The dining hall is dirty and unsanitary.,22,3.55,5,1,M,Indonesia, the dining hall is dirty and unsanitary,5. The dining hall is dirty and unsanitary.,0.61947936,12.079975,0,0.8338,Negative,-0.4404,Cluster 0,🍽️ Food & Cafeteria Services
Food and Cantines,6. The food in the vending machines is unhealthy and overpriced.,19,3.25,2,1,M,Indonesia, the food in the vending machines is unhealthy and overpriced,6. The food in the vending machines is unhealthy and overpriced.,1.6181352,10.747514,0,0.7258,Negative,-0.5267,Cluster 0,🍽️ Food & Cafeteria Services
Food and Cantines,7. The food in the convenience store is unhealthy and overpriced.,21,3.42,3,1,M,Indonesia, the food in the convenience store is unhealthy and overpriced,7. The food in the convenience store is unhealthy and overpriced.,1.5390562,10.782868,0,0.7282,Negative,-0.5267,Cluster 0,🍽️ Food & Cafeteria Services
Food and Cantines,8. There are not enough vegan or vegetarian options available.,21,2.54,3,1,M,Indonesia, there are not enough vegan or vegetarian options available,8. There are not enough vegan or vegetarian options available.,0.24674389,10.728756,0,0.6663,Neutral,0.0,Cluster 0,🍽️ Food & Cafeteria Services
Food and Cantines,9. There are not enough gluten-free options available.,22,2.01,2,1,M,Indonesia, there are not enough glutenfree options available,9. There are not enough gluten-free options available.,0.12946948,10.664451,0,0.7038,Neutral,0.0,Cluster 0,🍽️ Food & Cafeteria Services
Food and Cantines,10. There are not enough halal or kosher options available.,20,3.11,4,1,M,Indonesia, there are not enough halal or kosher options available,10. There are not enough halal or kosher options available.,0.13756305,10.655994,0,0.7038,Neutral,0.0,Cluster 0,🍽️ Food & Cafeteria Services
Food and Cantines,11. There are not enough international options available.,20,1.2,5,1,M,Indonesia, there are not enough international options available,11. There are not enough international options available.,10.8100605,11.814727,5,0.98,Neutral,0.0,Cluster 5,🌍 Diversity & Inclusion Support
Food and Cantines,12. The food is not cooked to my liking.,21,3.19,2,1,M,Indonesia, the food is not cooked to my liking,12. The food is not cooked to my liking.,0.2474313,11.742784,0,0.8338,Positive,0.4019,Cluster 0,🍽️ Food & Cafeteria Services
Food and Cantines,13. The food is not served hot enough.,22,4.37,5,1,M,Indonesia, the food is not served hot enough,13. The food is not served hot enough.,0.27046403,11.763397,0,0.8338,Neutral,0.0,Cluster 0,🍽️ Food & Cafeteria Services
Food and Cantines,14. The food is not fresh.,23,1.3,1,1,M,Indonesia, the food is not fresh,14. The food is not fresh.,0.24374393,11.710759,0,0.8338,Negative,-0.2411,Cluster 0,🍽️ Food & Cafeteria Services
Food and Cantines,15. The food is not appealing to look at.,20,3.15,1,1,M,Indonesia, the food is not appealing to look at,15. The food is not appealing to look at.,0.29489103,11.74818,0,0.8338,Neutral,0.0,Cluster 0,🍽️ Food & Cafeteria Services
Food and Cantines,16. The food is not filling.,18,4.63,3,1,M,Indonesia, the food is not filling,16. The food is not filling.,0.20570137,11.729434,0,0.8338,Neutral,0.0,Cluster 0,🍽️ Food & Cafeteria Services
Food and Cantines,17. I have gotten sick from eating the food in the dining hall.,19,2.9,3,1,M,Indonesia, i have gotten sick from eating the food in the dining hall,17. I have gotten sick from eating the food in the dining hall.,0.5585426,12.115361,0,0.8338,Negative,-0.5106,Cluster 0,🍽️ Food & Cafeteria Services
Food and Cantines,18. I have seen rodents or insects in the dining hall.,18,4.34,4,1,M,Indonesia, i have seen rodents or insects in the dining hall,18. I have seen rodents or insects in the dining hall.,0.5368573,12.138193,0,0.8338,Neutral,0.0,Cluster 0,🍽️ Food & Cafeteria Services
Food and Cantines,19. I have seen food being prepared in unsanitary conditions.,21,3.71,1,1,M,Indonesia, i have seen food being prepared in unsanitary conditions,19. I have seen food being prepared in unsanitary conditions.,0.26736146,11.710382,0,0.8338,Positive,0.2263,Cluster 0,🍽️ Food & Cafeteria Services
Food and Cantines,20. I have been served food that was not what I ordered.,19,2.03,2,1,M,Indonesia, i have been served food that was not what i ordered,20. I have been served food that was not what I ordered.,0.25742888,11.8387165,0,0.8338,Neutral,0.0,Cluster 0,🍽️ Food & Cafeteria Services
Food and Cantines,21. I have been charged for food that I did not receive.,19,4.16,4,1,M,Indonesia, i have been charged for food that i did not receive,21. I have been charged for food that I did not receive.,0.28058514,11.85935,0,0.8338,Negative,-0.2023,Cluster 0,🍽️ Food & Cafeteria Services
Food and Cantines,22. I have been treated rudely by staff in the dining hall.,22,4.0,5,1,M,Indonesia, i have been treated rudely by staff in the dining hall,22. I have been treated rudely by staff in the dining hall.,0.605815,12.004411,0,0.8338,Negative,-0.4939,Cluster 0,🍽️ Food & Cafeteria Services
Food and Cantines,23. I have had my food stolen from me in the dining hall.,18,2.93,1,1,M,Indonesia, i have had my food stolen from me in the dining hall,23. I have had my food stolen from me in the dining hall.,0.41463634,12.032664,0,0.8338,Negative,-0.4939,Cluster 0,🍽️ Food & Cafeteria Services
Food and Cantines,24. I have been harassed or assaulted in the dining hall.,18,2.06,1,1,M,Indonesia, i have been harassed or assaulted in the dining hall,24. I have been harassed or assaulted in the dining hall.,0.4835337,12.079276,0,0.8338,Negative,-0.7845,Cluster 0,🍽️ Food & Cafeteria Services
Food and Cantines,25. I have felt unsafe in the dining hall.,19,3.35,3,1,M,Indonesia, i have felt unsafe in the dining hall,25. I have felt unsafe in the dining hall.,0.55548275,12.125229,0,0.8338,Neutral,0.0,Cluster 0,🍽️ Food & Cafeteria Services
Food and Cantines,26. I have been unable to find food that meets my dietary needs.,18,1.16,4,1,M,Indonesia, i have been unable to find food that meets my dietary needs,26. I have been unable to find food that meets my dietary needs.,0.20886135,11.318041,0,0.8338,Neutral,0.0,Cluster 0,🍽️ Food & Cafeteria Services
Food and Cantines,27. I have been unable to find food that I can afford.,20,4.05,2,1,M,Indonesia, i have been unable to find food that i can afford,27. I have been unable to find food that I can afford.,0.2312888,11.347227,0,0.8338,Neutral,0.0,Cluster 0,🍽️ Food & Cafeteria Services
Food and Cantines,28. I have been unable to find food that I enjoy.,22,1.86,3,1,M,Indonesia, i have been unable to find food that i enjoy,28. I have been unable to find food that I enjoy.,0.1701544,11.468751,0,0.8338,Positive,0.4939,Cluster 0,🍽️ Food & Cafeteria Services
Food and Cantines,29. I have been unable to find food that is healthy and nutritious.,20,2.06,2,1,M,Indonesia, i have been unable to find food that is healthy and nutritious,29. I have been unable to find food that is healthy and nutritious.,0.20539346,11.350782,0,0.8338,Positive,0.4019,Cluster 0,🍽️ Food & Cafeteria Services
Food and Cantines,30. I have been unable to find food that is cooked to my liking.,21,2.58,1,1,M,Indonesia, i have been unable to find food that is cooked to my liking,30. I have been unable to find food that is cooked to my liking.,0.17268273,11.490395,0,0.8338,Positive,0.4019,Cluster 0,🍽️ Food & Cafeteria Services
