text,genre,source,processed_text,token_count,cluster
The limited access to research databases and materials is causing a lot of frustration among students. We need better access to be able to succeed academically.,academic support and resources,student_feedback,research database material causing frustration better succeed academically,8,2
I'm having trouble finding the course materials I need for my classes. The library doesn't have them and the bookstore is always sold out.,academic support and resources,student_feedback,trouble finding material library bookstore always sold,7,4
It's frustrating to have limited access to research databases and materials when I'm trying to write a paper or do a project. I feel like I'm at a disadvantage compared to students at other schools.,academic support and resources,student_feedback,frustrating research database material trying write paper project disadvantage compared school,11,2
I'm really struggling in one of my classes but I can't get an appointment with my academic advisor for weeks. It's making me feel like no one cares about my success.,academic support and resources,student_feedback,struggling appointment academic advisor week care success,7,1
I am really struggling with understanding the instructions for this assignment. They are not clear and I don't know what is expected of me.,academic support and resources,student_feedback,struggling understanding instruction assignment clear know expected,7,1
The grading system in this course is unfair and inconsistent. It seems like the professor is picking favorites and not giving everyone a fair shot.,academic support and resources,student_feedback,grading system unfair inconsistent seems professor picking favorite giving fair shot,11,1
I wish my professor would give us more feedback on our assignments. I don't know what I'm doing wrong and I can't improve without constructive criticism.,academic support and resources,student_feedback,wish professor give feedback assignment know wrong improve without constructive criticism,11,1
The quality of teaching in this course is very poor. The professor doesn't seem to care about the material or the students and it shows in the lectures.,academic support and resources,student_feedback,quality teaching poor professor seem care material show lecture,9,1
The course fees and textbook costs are way too high. I can barely afford to pay for everything and it's causing me a lot of stress.,academic support and resources,student_feedback,fee textbook cost way high barely afford pay everything causing stress,11,1
I am very concerned about academic dishonesty and plagiarism in this course. The professor doesn't seem to take it seriously and it's making me question the integrity of the entire class.,academic support and resources,student_feedback,concerned academic dishonesty plagiarism professor seem seriously question integrity entire,10,1
There have been several honor code violations in this course and it's really disappointing. I thought this was a place of higher learning and respect for academic integrity.,academic support and resources,student_feedback,several honor code violation disappointing thought place higher learning respect academic integrity,12,1
The grading rubric for this course is confusing and doesn't make sense. I don't understand how my grade is being calculated and it's causing me a lot of anxiety.,academic support and resources,student_feedback,grading rubric confusing sense understand grade calculated causing anxiety,9,1
I feel like my professor doesn't care about my success in this course. They don't give us enough support or resources to do well.,academic support and resources,student_feedback,professor care success give enough resource well,7,1
The textbooks for this course are outdated and don't provide enough information. I feel like I'm not getting the education I paid for.,academic support and resources,student_feedback,textbook outdated provide enough information education paid,7,1
I am really frustrated with the lack of transparency in this course. The professor doesn't communicate with us clearly and it's causing a lot of confusion.,academic support and resources,student_feedback,frustrated lack transparency professor communicate clearly causing confusion,8,1
The teaching assistants for this course are not helpful at all. They don't know the material and can't answer any of my questions.,academic support and resources,student_feedback,teaching assistant helpful know material answer question,7,1
The grading scale for this course is too harsh. It's almost impossible to get an A and it's discouraging me from trying my best.,academic support and resources,student_feedback,grading scale harsh almost impossible discouraging trying best,8,1
I am disappointed with the quality of education I am receiving in this course. I expected more from a university.,academic support and resources,student_feedback,disappointed quality education receiving expected,5,1
The professor for this course is disorganized and doesn't seem to have a plan. I am not learning anything and it's frustrating.,academic support and resources,student_feedback,professor disorganized seem plan learning anything frustrating,7,1
The cost of attending this university is outrageous. I don't know how I'm going to afford it.,academic support and resources,student_feedback,cost attending outrageous know going afford,6,1
The textbook for this course is not helpful at all. It's poorly written and doesn't explain anything clearly.,academic support and resources,student_feedback,textbook helpful poorly written explain anything clearly,7,1
I am very concerned about the lack of diversity in this course. We are not getting a well-rounded education.,academic support and resources,student_feedback,concerned lack diversity well rounded education,6,1
The professor for this course is biased and it's affecting my grade. They seem to have favorites and it's not fair.,academic support and resources,student_feedback,professor biased affecting grade seem favorite fair,7,1
The workload for this course is overwhelming. I don't have enough time to complete everything and it's affecting my other classes.,academic support and resources,student_feedback,workload overwhelming enough complete everything affecting,6,4
I wish there were more opportunities for extra credit in this course. It would help my grade and encourage me to learn more.,academic support and resources,student_feedback,wish opportunity extra credit help grade encourage learn,8,1
The professor for this course is not approachable. I am scared to ask them for help and it's hindering my success.,academic support and resources,student_feedback,professor approachable scared ask help hindering success,7,1
The course fees are too high for what we're getting. We're not getting our money's worth.,academic support and resources,student_feedback,fee high money worth,4,1
The grading system for this course is too subjective. It's hard to know what the professor wants and it's affecting my grade.,academic support and resources,student_feedback,grading system subjective know professor want affecting grade,8,1
The professor for this course is disinterested and it shows in their lectures. I am not learning anything and it's frustrating.,academic support and resources,student_feedback,professor disinterested show lecture learning anything frustrating,7,1
The textbook for this course is full of errors and mistakes. It's hard to learn from something that's not accurate.,academic support and resources,student_feedback,textbook full error mistake learn something accurate,7,1
I am concerned about the lack of academic rigor in this course. We,academic support and resources,student_feedback,concerned lack academic rigor,4,1
Limited access to technology and software is hindering my ability to do my coursework. I can't afford to buy expensive programs on my own.,academic support and resources,student_feedback,technology software hindering coursework afford buy expensive program,8,2
I'm trying to graduate early but there are only a few courses available that I need to take. It's frustrating that my options are so limited.,academic support and resources,student_feedback,trying graduate early frustrating option,5,1
The online system for accessing course materials is always down or glitchy. It's hard to get work done when I can't even access my assignments.,academic support and resources,student_feedback,online system accessing material always glitchy work done even assignment,10,4
I wish there were more opportunities to access research databases and materials outside of the library. It would be nice to have more options and flexibility.,academic support and resources,student_feedback,wish opportunity research database material outside library nice option flexibility,10,2
It's really difficult to find the course materials I need for my classes because they're spread out across so many different resources. I wish there was a more streamlined system.,academic support and resources,student_feedback,find material spread across different resource wish streamlined system,9,4
The lack of available courses is making it hard for me to fulfill all of my degree requirements. I'm worried I won't be able to graduate on time.,academic support and resources,student_feedback,lack fulfill degree requirement worried graduate,6,1
"I'm having trouble with a particular software program for one of my classes, but there's no one available to help me troubleshoot. It's frustrating to feel like I'm on my own.",academic support and resources,student_feedback,trouble particular software program help troubleshoot frustrating,7,1
Limited access to research databases and materials is especially frustrating when I'm trying to write a thesis or do original research. It feels like I'm hitting a wall.,academic support and resources,student_feedback,research database material especially frustrating trying write thesis original research feel hitting wall,13,2
I'm an international student and I'm having trouble accessing some of the online resources because of regional restrictions. It's frustrating to feel like I'm missing out because of where I'm from.,academic support and resources,student_feedback,international trouble accessing online resource regional restriction frustrating missing,9,4
I'm a transfer student and I feel like I'm at a disadvantage because I don't have access to all of the same resources and databases as students who started at this university.,academic support and resources,student_feedback,transfer disadvantage resource database started,5,2
I'm a student with a disability and I'm having trouble accessing the technology and software I need to do my coursework. It's frustrating to feel like my needs aren't being accommodated.,academic support and resources,student_feedback,disability trouble accessing technology software coursework frustrating need accommodated,9,1
It's frustrating to have limited access to academic advisors because they're the ones who can help me plan my degree and make sure I'm on track to graduate.,academic support and resources,student_feedback,frustrating academic advisor one help plan degree sure track graduate,10,2
I wish there were more options for accessing course materials online so that I don't have to physically go to the library or bookstore every time I need something.,academic support and resources,student_feedback,wish option accessing material online physically library bookstore every something,10,4
It's hard to do group projects when we have limited access to technology and software. It puts us at a disadvantage compared to other groups.,academic support and resources,student_feedback,group project technology software put disadvantage compared group,8,2
I'm having trouble accessing research databases and materials because the library hours are limited and they're often closed when I have time to study.,academic support and resources,student_feedback,trouble accessing research database material library hour often closed study,10,2
Limited access to research databases and materials makes it hard to stay up-to-date with the latest developments in my field of study. It feels like I'm falling behind.,academic support and resources,student_feedback,research database material make stay date latest development field study feel falling behind,13,2
Limited access to technology and software is making it hard to keep up with the pace of coursework. It feels like I'm constantly playing catch-up.,academic support and resources,student_feedback,technology software keep pace coursework feel constantly playing catch,9,2
The lack of available courses is making it hard to take electives that interest me. I feel like my academic options are too limited.,academic support and resources,student_feedback,lack elective interest academic option,5,1
Limited access to academic advisors is making me feel like I'm on my own when it comes to making important academic decisions.,academic support and resources,student_feedback,academic advisor come important academic decision,6,2
It's frustrating that we have such limited access to academic advisors. It makes it difficult to plan our academic careers and get the guidance we need.,academic support and resources,student_feedback,frustrating academic advisor make plan academic career guidance,8,2
I'm really struggling with finding and accessing course materials. It's making it hard to keep up with the coursework.,academic support and resources,student_feedback,struggling finding accessing material keep coursework,6,4
I wish there was more course availability. It's frustrating to have limited options for classes and not be able to take what we need.,academic support and resources,student_feedback,wish availability frustrating option,4,4
Limited access to technology and software is a major issue. It's hindering our ability to complete assignments and keep up with the demands of our courses.,academic support and resources,student_feedback,technology software major hindering complete assignment keep demand,8,2
The limited access to research databases and materials is a huge problem. It makes it difficult to complete research assignments and write papers.,academic support and resources,student_feedback,research database material huge make complete research assignment write paper,10,2
It's really frustrating that we don't have better access to academic advisors. It's causing a lot of stress and anxiety.,academic support and resources,student_feedback,frustrating better academic advisor causing stress anxiety,7,2
The difficulty in finding and accessing course materials is making it hard to succeed in our classes.,academic support and resources,student_feedback,finding accessing material succeed,4,4
Limited course availability is a huge problem for students. We need more options for classes to be able to meet our academic goals.,academic support and resources,student_feedback,availability huge option meet academic goal,6,4
Limited access to technology and software is preventing us from being able to complete assignments on time and to the best of our ability.,academic support and resources,student_feedback,technology software preventing complete assignment best,6,2
It's really frustrating to have limited access to research databases and materials. It's making it hard to complete research assignments and write papers.,academic support and resources,student_feedback,frustrating research database material complete research assignment write paper,9,2
I feel like I'm not getting the support I need from academic advisors. Limited access to them is making it difficult to plan my academic career.,academic support and resources,student_feedback,academic advisor plan academic career,5,2
The difficulty in finding and accessing course materials is a major source of stress for students. It's important that we have access to what we need to succeed.,academic support and resources,student_feedback,finding accessing material major source stress important succeed,8,4
Limited course availability is a major issue for students. We need more options to be able to take the classes we need.,academic support and resources,student_feedback,availability major option,3,4
Limited access to technology and software is a major problem. It's impacting our ability to succeed in our courses and prepare for the workforce.,academic support and resources,student_feedback,technology software major impacting succeed prepare workforce,7,2
It's really hard to succeed academically when we have limited access to academic advisors. We need more support.,academic support and resources,student_feedback,succeed academically academic advisor,4,2
The difficulty in finding and accessing course materials is a barrier to success for many students. It's important that we have access to what we need to succeed.,academic support and resources,student_feedback,finding accessing material barrier success important succeed,7,4
Limited course availability is causing a lot of stress for students. We need more options to be able to take the classes we need.,academic support and resources,student_feedback,availability causing stress option,4,4
Limited access to technology and software is making it difficult to complete assignments and prepare for the workforce. It's a major issue for students.,academic support and resources,student_feedback,technology software complete assignment prepare workforce major,7,2
The limited access to research databases and materials is making it hard to complete assignments and write papers. We need better access.,academic support and resources,student_feedback,research database material complete assignment write paper better,8,2
It's really frustrating to not have more access to academic advisors. It's important that we have support to be able to plan our academic careers.,academic support and resources,student_feedback,frustrating academic advisor important plan academic career,7,2
The difficulty in finding and accessing course materials is a major issue. It's important that we have access to what we need to succeed academically.,academic support and resources,student_feedback,finding accessing material major important succeed academically,7,4
Limited course availability is impacting our ability to graduate on time and meet our academic goals. We need more options.,academic support and resources,student_feedback,availability impacting graduate meet academic goal option,7,1
Limited access to technology and software is a major issue for students. It's important that we have access to the tools we need to succeed academically and in the workforce.,academic support and resources,student_feedback,technology software major important tool succeed academically workforce,8,2
The limited access to research databases and materials is causing a lot of frustration for students. It's important that we have better access to complete our coursework.,academic support and resources,student_feedback,research database material causing frustration important better complete coursework,9,2
"Academic advisors are so important, but the limited access to them is making it difficult to plan our academic careers and succeed.",academic support and resources,student_feedback,academic advisor important plan academic career succeed,7,2
The difficulty in finding and accessing course materials is causing a lot of stress for students.,academic support and resources,student_feedback,finding accessing material causing stress,5,4
It's frustrating not being able to find the resources I need for my research projects due to the limited access to research databases and materials.,academic support and resources,student_feedback,frustrating find resource research project due research database material,9,2
Limited course availability is making it difficult to schedule my classes for next semester.,academic support and resources,student_feedback,availability schedule next semester,4,4
The difficulty in finding and accessing course materials is really hindering my ability to study effectively.,academic support and resources,student_feedback,finding accessing material hindering study effectively,6,4
"The lack of access to academic advisors is really concerning, especially when I have questions about course selection and career planning.",academic support and resources,student_feedback,lack academic advisor concerning especially question selection career planning,9,2
Limited access to technology and software is making it difficult to complete assignments and stay up to date with my coursework.,academic support and resources,student_feedback,technology software complete assignment stay date coursework,7,2
I'm worried that my research projects won't be up to standard due to the limited access to research databases and materials.,academic support and resources,student_feedback,worried research project standard due research database material,8,2
Limited course availability is making it impossible to complete my degree requirements on time.,academic support and resources,student_feedback,availability impossible complete degree requirement,5,1
I feel like I'm falling behind in my courses due to the difficulty in finding and accessing course materials.,academic support and resources,student_feedback,falling behind due finding accessing material,6,4
"The lack of access to academic advisors is really frustrating, especially when I need help with scheduling or resolving academic issues.",academic support and resources,student_feedback,lack academic advisor frustrating especially help scheduling resolving academic issue,10,2
Limited access to technology and software is impacting my ability to compete with my peers and prepare for my future career.,academic support and resources,student_feedback,technology software impacting compete peer prepare future career,8,2
I'm struggling to find the necessary course materials for my courses due to the limited access available.,academic support and resources,student_feedback,struggling find necessary material due,5,2
The limited access to academic advisors is making it difficult for me to plan my academic career and get the support I need.,academic support and resources,student_feedback,academic advisor plan academic career,5,2
Limited course availability is causing me to have to adjust my academic plans and career aspirations.,academic support and resources,student_feedback,availability causing adjust academic plan career aspiration,7,1
Limited access to technology and software is causing me to fall behind in my coursework and struggle with assignments.,academic support and resources,student_feedback,technology software causing fall behind coursework struggle assignment,8,2
I'm worried about the quality of my research projects due to the limited access to research databases and materials.,academic support and resources,student_feedback,worried quality research project due research database material,8,2
The difficulty in finding and accessing course materials is causing me to spend unnecessary time and resources trying to complete assignments.,academic support and resources,student_feedback,finding accessing material causing spend unnecessary resource trying complete assignment,10,4
Limited access to academic advisors is causing me to feel unsupported and disconnected from my academic goals.,academic support and resources,student_feedback,academic advisor causing unsupported disconnected academic goal,7,2
Limited course availability is causing me to miss out on valuable academic opportunities and experiences.,academic support and resources,student_feedback,availability causing miss valuable academic opportunity experience,7,1
The limited access to technology and software is causing me to have to use outdated tools and resources for my coursework.,academic support and resources,student_feedback,technology software causing outdated tool resource coursework,7,2
I feel like I'm not able to reach my full academic potential due to the limited access to research databases and materials.,academic support and resources,student_feedback,reach full academic potential due research database material,8,2
The difficulty in finding and accessing course materials is causing me to feel stressed and overwhelmed with my coursework.,academic support and resources,student_feedback,finding accessing material causing stressed overwhelmed coursework,7,4
Limited access to academic advisors is causing me to feel lost and unsupported in my academic journey.,academic support and resources,student_feedback,academic advisor causing lost unsupported academic journey,7,2
I'm concerned that my academic achievements and career prospects will be impacted by the limited course availability.,academic support and resources,student_feedback,concerned academic achievement career prospect impacted availability,7,1
The limited access to technology and software is causing me to feel unprepared for the demands of the modern workforce.,academic support and resources,student_feedback,technology software causing unprepared demand modern workforce,7,2
The limited access to research databases and materials is making it difficult to produce high-quality research projects and assignments.,academic support and resources,student_feedback,research database material produce high quality research project assignment,9,2
I'm struggling to keep up with my coursework due to the difficulty in finding and accessing course materials.,academic support and resources,student_feedback,struggling keep coursework due finding accessing material,7,4
Limited access to academic advisors is causing me to feel like I'm not receiving the guidance I need to succeed academically.,academic support and resources,student_feedback,academic advisor causing receiving guidance succeed academically,7,2
Limited course availability is causing me to have to change my academic plans and goals.,academic support and resources,student_feedback,availability causing change academic plan goal,6,1
The limited access to technology and software is causing me to feel like I'm not developing the skills I need to succeed in my future career.,academic support and resources,student_feedback,technology software causing developing skill succeed future career,8,2
The limited access to research databases and materials is causing me to feel like I'm not able to fully explore my academic interests.,academic support and resources,student_feedback,research database material causing fully explore academic interest,8,2
The difficulty in finding and accessing course materials is causing me to waste time and money trying to complete assignments.,academic support and resources,student_feedback,finding accessing material causing waste money trying complete assignment,9,4
Limited access to academic advisors is causing me to feel like I'm not receiving the academic support I need.,academic support and resources,student_feedback,academic advisor causing receiving academic,5,2
Limited course availability is causing me to feel like I'm not able to fully engage with my academic studies.,academic support and resources,student_feedback,availability causing fully engage academic study,6,1
"As a student in a remote area, I'm struggling to access the required course materials due to limited availability online.",academic support and resources,student_feedback,remote area struggling material due availability online,7,4
It's frustrating when you can't access research databases and materials you need for your assignments because they're only available in the library and you can't visit it.,academic support and resources,student_feedback,frustrating research database material assignment library visit,7,2
The limited access to technology and software is hindering my ability to complete my coursework to the best of my ability.,academic support and resources,student_feedback,technology software hindering complete coursework best,6,2
I am paying a significant amount for tuition and it's disappointing that I can't access all the resources I need for my studies.,academic support and resources,student_feedback,paying significant amount tuition disappointing resource study,7,1
The limited course availability makes it difficult for me to plan my academic schedule and complete my degree in a timely manner.,academic support and resources,student_feedback,availability make plan academic schedule complete degree timely manner,9,1
I wish there were more academic advisors available to guide me through my degree program and answer my questions.,academic support and resources,student_feedback,wish academic advisor guide degree program answer question,8,1
Limited access to academic resources has made it difficult for me to achieve the grades I am capable of.,academic support and resources,student_feedback,academic resource achieve grade capable,5,2
I am struggling to find and access course materials needed for my classes due to limited availability in the library and online.,academic support and resources,student_feedback,struggling find material needed due availability library online,8,4
The lack of access to research databases and materials is hindering my ability to conduct thorough research for my papers.,academic support and resources,student_feedback,lack research database material hindering conduct thorough research paper,9,2
"It's frustrating to not have access to the latest technology and software, especially when it's required for certain classes.",academic support and resources,student_feedback,frustrating latest technology software especially certain,6,2
The limited access to academic resources is preventing me from fully engaging in my studies and reaching my full potential.,academic support and resources,student_feedback,academic resource preventing fully engaging study reaching full potential,9,2
I am finding it difficult to complete my assignments due to the limited access to technology and software I need.,academic support and resources,student_feedback,finding complete assignment due technology software,6,2
"Limited access to academic resources is causing unnecessary stress and anxiety, which is negatively affecting my academic performance.",academic support and resources,student_feedback,academic resource causing unnecessary stress anxiety negatively affecting academic performance,10,2
"It's frustrating to know that there are research databases and materials that could benefit my studies, but I don't have access to them.",academic support and resources,student_feedback,frustrating know research database material benefit study,7,2
I wish there were more academic advisors available to guide me through my degree program and help me make the most of my university experience.,academic support and resources,student_feedback,wish academic advisor guide degree program help,7,1
The limited course availability is causing scheduling conflicts and making it difficult to plan out my academic path.,academic support and resources,student_feedback,availability causing scheduling conflict plan academic path,7,1
The limited access to technology and software is preventing me from exploring new fields and expanding my knowledge.,academic support and resources,student_feedback,technology software preventing exploring new field expanding knowledge,8,2
I am paying for access to academic resources and it's disappointing that they're not readily available to me.,academic support and resources,student_feedback,paying academic resource disappointing readily,5,2
The limited access to research databases and materials is making it difficult for me to complete my thesis.,academic support and resources,student_feedback,research database material complete thesis,5,2
"I wish there were more opportunities to access academic resources, such as extended library hours or online resources.",academic support and resources,student_feedback,wish opportunity academic resource extended library hour online resource,9,2
The limited access to academic resources is making it difficult to pursue my academic interests and passions.,academic support and resources,student_feedback,academic resource pursue academic interest passion,6,2
I am finding it difficult to complete my assignments on time due to the limited access to technology and software.,academic support and resources,student_feedback,finding complete assignment due technology software,6,2
Limited access to academic resources is preventing me from making the most of my university experience and achieving my academic goals.,academic support and resources,student_feedback,academic resource preventing achieving academic goal,6,2
The limited course availability is preventing me from taking the classes I need to complete my degree.,academic support and resources,student_feedback,availability preventing complete degree,4,4
I wish there were more academic advisors available to provide guidance and support throughout my university experience.,academic support and resources,student_feedback,wish academic advisor provide guidance throughout,6,1
The limited access to technology and software is hindering my ability to prepare for my future career.,academic support and resources,student_feedback,technology software hindering prepare future career,6,2
Limited access to academic resources is creating a disadvantage for me compared to other students who have greater access.,academic support and resources,student_feedback,academic resource creating disadvantage compared greater,6,2
The limited access to research databases and materials is making it difficult to conduct quality research for my papers.,academic support and resources,student_feedback,research database material conduct quality research paper,7,2
"I am struggling to find and access the course materials I need, which is negatively affecting my academic performance.",academic support and resources,student_feedback,struggling find material negatively affecting academic performance,7,1
Limited access to academic resources is making it difficult for me to fully engage in my studies and take advantage of all that my university has to offer.,academic support and resources,student_feedback,academic resource fully engage study advantage offer,7,2
"I'm finding the academic workload really overwhelming, and it's been a struggle to keep up with all the assignments.",academic support and resources,student_feedback,finding academic workload overwhelming struggle keep assignment,7,1
"The course material is extremely challenging, and I often feel like I don't fully understand it.",academic support and resources,student_feedback,material extremely challenging often fully understand,6,4
I've been struggling with my time management skills lately and it's been affecting my grades. I really need to get better at prioritizing my tasks.,academic support and resources,student_feedback,struggling management skill lately affecting grade better prioritizing task,9,1
"Balancing work and academic responsibilities has been a real challenge for me, and I often feel like I'm being pulled in two different directions.",academic support and resources,student_feedback,balancing work academic responsibility real challenge often pulled two different direction,11,1
"I'm finding it difficult to balance my extracurricular activities with my academic work, and I'm often left feeling stressed and overwhelmed.",academic support and resources,student_feedback,finding balance extracurricular activity academic work often left feeling stressed overwhelmed,11,1
"Lack of sleep and fatigue has been a real issue for me lately, and it's been affecting my ability to focus and stay motivated.",academic support and resources,student_feedback,lack sleep fatigue real lately affecting focus stay motivated,9,1
"I've been dealing with a lot of stress and anxiety lately, and it's been really tough to stay on top of my schoolwork.",academic support and resources,student_feedback,dealing stress anxiety lately tough stay top schoolwork,8,1
"Mental health concerns have been a major factor in my academic performance, and I really need to prioritize self-care in order to succeed.",academic support and resources,student_feedback,mental health concern major factor academic performance prioritize self care order succeed,12,1
"I'm struggling to keep up with the academic workload, and it's been causing me a lot of stress and anxiety.",academic support and resources,student_feedback,struggling keep academic workload causing stress anxiety,7,1
"The course material is really challenging, and I often feel like I'm in over my head.",academic support and resources,student_feedback,material challenging often head,4,4
"I'm not very good at managing my time, and I often find myself struggling to balance my academic work with my other commitments.",academic support and resources,student_feedback,good managing often find struggling balance academic work commitment,9,1
"Balancing work and academic responsibilities has been a real struggle for me, and it's been affecting my grades.",academic support and resources,student_feedback,balancing work academic responsibility real struggle affecting grade,8,1
"I often have conflicts with my other commitments, and it's been difficult to find time to focus on my schoolwork.",academic support and resources,student_feedback,often conflict commitment find focus schoolwork,6,1
"I've been feeling really tired and burnt out lately, and it's been hard to stay motivated to study.",academic support and resources,student_feedback,feeling tired burnt lately stay motivated study,7,1
"The stress and anxiety of college life has been getting to me, and I'm having trouble focusing on my coursework.",academic support and resources,student_feedback,stress anxiety college life trouble focusing coursework,7,1
"My mental health has been a major factor in my academic performance, and I need to prioritize self-care in order to succeed.",academic support and resources,student_feedback,mental health major factor academic performance prioritize self care order succeed,11,1
"I'm feeling really overwhelmed by the academic workload, and I'm struggling to keep up with everything.",academic support and resources,student_feedback,feeling overwhelmed academic workload struggling keep everything,7,1
"The course material is really difficult, and I often feel like I don't fully understand it.",academic support and resources,student_feedback,material often fully understand,4,4
"I'm not very good at managing my time, and it's been affecting my grades.",academic support and resources,student_feedback,good managing affecting grade,4,1
"Balancing work and academic responsibilities has been really challenging for me, and it's been causing me a lot of stress.",academic support and resources,student_feedback,balancing work academic responsibility challenging causing stress,7,1
"I often have conflicts with my other commitments, and it's been tough to find time to focus on my schoolwork.",academic support and resources,student_feedback,often conflict commitment tough find focus schoolwork,7,1
"I've been feeling really exhausted lately, and it's been hard to stay motivated to study.",academic support and resources,student_feedback,feeling exhausted lately stay motivated study,6,1
"The stress and anxiety of college life has been really overwhelming, and it's been affecting my mental health.",academic support and resources,student_feedback,stress anxiety college life overwhelming affecting mental health,8,1
"I'm dealing with some mental health issues that have been affecting my academic performance, and I need to seek help.",academic support and resources,student_feedback,dealing mental health issue affecting academic performance seek help,9,1
"The academic workload has been really intense lately, and it's been a struggle to keep up with everything.",academic support and resources,student_feedback,academic workload intense lately struggle keep everything,7,1
"The course material is really challenging, and I often feel like I'm not smart enough to understand it.",academic support and resources,student_feedback,material challenging often smart enough understand,6,4
I need to work on my time management skills because I'm constantly feeling behind in my coursework.,academic support and resources,student_feedback,work management skill constantly feeling behind coursework,7,1
"Balancing work and academic responsibilities has been a real struggle, and I'm not sure how to make it work.",academic support and resources,student_feedback,balancing work academic responsibility real struggle sure work,8,1
"I have a lot of other commitments that often conflict with my schoolwork, and it's been really hard to juggle everything.",academic support and resources,student_feedback,commitment often conflict schoolwork juggle everything,6,1
"I've been feeling really run down lately, and it's been tough to stay focused on my studies.",academic support and resources,student_feedback,feeling run lately tough stay focused study,7,1
The stress and anxiety of college life has been really overwhelming,academic support and resources,student_feedback,stress anxiety college life overwhelming,5,1
"The academic workload is becoming overwhelming, especially with the difficulty of course material. It's difficult to manage my time well and balance my work responsibilities with my academic ones. I have a hard time sleeping due to the stress and anxiety this is causing me, and it's starting to affect my mental health.",academic support and resources,student_feedback,academic workload becoming overwhelming especially material manage well balance work responsibility academic one sleeping due stress anxiety causing starting affect mental health,22,1
"I find myself struggling with the difficulty of course material and trying to manage my time effectively. Balancing work and academic responsibilities is a challenge, and I'm not getting enough sleep. This is causing me stress and anxiety, which is taking a toll on my mental health.",academic support and resources,student_feedback,find struggling material trying manage effectively balancing work academic responsibility challenge enough sleep causing stress anxiety toll mental health,19,1
"Managing the academic workload and the difficulty of course material is a constant struggle. I need to improve my time management skills to balance work and academic responsibilities, but it's hard when I have time conflicts with other commitments. The lack of sleep is starting to affect my mental health, and I'm feeling stressed and anxious.",academic support and resources,student_feedback,managing academic workload material constant struggle improve management skill balance work academic responsibility conflict commitment lack sleep starting affect mental health feeling stressed anxious,24,1
"I'm finding it hard to keep up with the academic workload, especially since the course material is challenging. Balancing work and academic responsibilities is tough, and there are often time conflicts with other commitments. I'm not getting enough sleep, and it's starting to affect my mental health. The stress and anxiety are overwhelming.",academic support and resources,student_feedback,finding keep academic workload especially since material challenging balancing work academic responsibility tough often conflict commitment enough sleep starting affect mental health stress anxiety overwhelming,25,1
"The academic workload is taking its toll on me, especially since the course material is so difficult. I'm trying to manage my time effectively, but it's challenging to balance work and academic responsibilities. There are always time conflicts with other commitments, and I'm not getting enough sleep. This is causing me stress and anxiety, and it's starting to impact my mental health.",academic support and resources,student_feedback,academic workload toll especially since material trying manage effectively challenging balance work academic responsibility always conflict commitment enough sleep causing stress anxiety starting impact mental health,26,1
"I'm struggling with the academic workload and the difficulty of the course material. I need to improve my time management skills to balance work and academic responsibilities, but there are always time conflicts with other commitments. I'm not sleeping well, and it's affecting my mental health. I'm feeling stressed and anxious all the time.",academic support and resources,student_feedback,struggling academic workload material improve management skill balance work academic responsibility always conflict commitment sleeping well affecting mental health feeling stressed anxious,22,1
"It's challenging to keep up with the academic workload, especially since the course material is so difficult. I need to work on my time management skills to balance work and academic responsibilities, but there are always time conflicts with other commitments. The lack of sleep is starting to take its toll on my mental health, and I'm feeling stressed and anxious.",academic support and resources,student_feedback,challenging keep academic workload especially since material work management skill balance work academic responsibility always conflict commitment lack sleep starting toll mental health feeling stressed anxious,26,1
"The academic workload is becoming overwhelming, and the course material is so challenging. I'm struggling to balance work and academic responsibilities and manage my time effectively. There are often time conflicts with other commitments, and I'm not getting enough sleep. This is causing me stress and anxiety, and my mental health is suffering.",academic support and resources,student_feedback,academic workload becoming overwhelming material challenging struggling balance work academic responsibility manage effectively often conflict commitment enough sleep causing stress anxiety mental health suffering,24,1
"The academic workload is getting to be too much, and I'm finding the course material increasingly difficult. I need to improve my time management skills to balance work and academic responsibilities, but there are always time conflicts with other commitments. The lack of sleep is starting to affect my mental health, and I'm feeling stressed and anxious all the time.",academic support and resources,student_feedback,academic workload much finding material increasingly improve management skill balance work academic responsibility always conflict commitment lack sleep starting affect mental health feeling stressed anxious,25,1
"Managing the academic workload is a challenge, especially since the course material is so difficult. I need to balance work and academic responsibilities, but there are often time conflicts with other commitments. The lack of sleep is starting to take its toll on my mental health, and I'm feeling stressed and anxious.",academic support and resources,student_feedback,managing academic workload challenge especially since material balance work academic responsibility often conflict commitment lack sleep starting toll mental health feeling stressed anxious,23,1
"The academic workload is overwhelming, and the course material is hard to understand. Balancing work and academic responsibilities is tough, and there are always time conflicts with other commitments. I'm not getting enough sleep, and the stress and anxiety are starting to affect my mental health.",academic support and resources,student_feedback,academic workload overwhelming material understand balancing work academic responsibility tough always conflict commitment enough sleep stress anxiety starting affect mental health,21,1
"It's hard to keep up with the academic workload, and the difficulty of the course material is making it even harder. Balancing work and academic responsibilities is a challenge, and there are often time conflicts with other commitments. The lack of sleep is taking its toll",academic support and resources,student_feedback,keep academic workload material even harder balancing work academic responsibility challenge often conflict commitment lack sleep toll,17,1
"I have found that the academic workload has been extremely heavy this semester, leaving me feeling overwhelmed and stressed.",academic support and resources,student_feedback,found academic workload extremely heavy semester leaving feeling overwhelmed stressed,10,1
"The difficulty of the course material is much higher than I anticipated, and I am struggling to keep up.",academic support and resources,student_feedback,material much higher anticipated struggling keep,6,4
I have been struggling with time management skills and finding it difficult to balance my academic responsibilities with work and other commitments.,academic support and resources,student_feedback,struggling management skill finding balance academic responsibility work commitment,9,1
"Balancing work and academic responsibilities has been a significant challenge, and I have found it difficult to maintain a healthy work-life balance.",academic support and resources,student_feedback,balancing work academic responsibility significant challenge found maintain healthy work life balance,12,1
Time conflicts with other commitments have made it challenging to keep up with coursework and assignments.,academic support and resources,student_feedback,conflict commitment challenging keep coursework assignment,6,1
I am struggling with lack of sleep and fatigue due to the demands of my academic workload.,academic support and resources,student_feedback,struggling lack sleep fatigue due demand academic workload,8,1
"The stress and anxiety of the academic workload have been affecting my mental health, and I am finding it difficult to cope.",academic support and resources,student_feedback,stress anxiety academic workload affecting mental health finding cope,9,1
I am concerned about my mental health and have been experiencing symptoms of depression and anxiety due to the academic workload.,academic support and resources,student_feedback,concerned mental health experiencing symptom depression anxiety due academic workload,10,1
"The academic workload is overwhelming, and I am struggling to find ways to manage my stress and maintain my mental health.",academic support and resources,student_feedback,academic workload overwhelming struggling find way manage stress maintain mental health,11,1
"I have been finding it difficult to balance my academic workload with other commitments, such as extracurricular activities and social life.",academic support and resources,student_feedback,finding balance academic workload commitment extracurricular activity social life,9,1
"The course material is much more challenging than I expected, and I am struggling to keep up with the pace of the class.",academic support and resources,student_feedback,material much challenging expected struggling keep pace,7,4
"I am finding it difficult to manage my time effectively, and it is affecting my ability to keep up with assignments and coursework.",academic support and resources,student_feedback,finding manage effectively affecting keep assignment coursework,7,1
"Balancing work and academic responsibilities has been a significant challenge, and I am finding it hard to find time for self-care and relaxation.",academic support and resources,student_feedback,balancing work academic responsibility significant challenge finding find self care relaxation,11,1
"I am struggling to keep up with my coursework due to time conflicts with other commitments, such as part-time work and family obligations.",academic support and resources,student_feedback,struggling keep coursework due conflict commitment part work family obligation,10,1
Lack of sleep and fatigue have been affecting my ability to focus on coursework and stay motivated.,academic support and resources,student_feedback,lack sleep fatigue affecting focus coursework stay motivated,8,1
"The academic workload is causing significant stress and anxiety, and I am finding it hard to cope with the pressure.",academic support and resources,student_feedback,academic workload causing significant stress anxiety finding cope pressure,9,1
I am concerned about my mental health and have been experiencing symptoms of burnout and exhaustion due to the demands of my academic workload.,academic support and resources,student_feedback,concerned mental health experiencing symptom burnout exhaustion due demand academic workload,11,1
I am struggling to find ways to manage my stress and maintain my mental health while balancing my academic responsibilities with other commitments.,academic support and resources,student_feedback,struggling find way manage stress maintain mental health balancing academic responsibility commitment,12,1
"The course material is much more difficult than I expected, and I am finding it hard to understand and retain the information.",academic support and resources,student_feedback,material much expected finding understand retain information,7,4
"I am struggling to manage my time effectively, and it is affecting my ability to keep up with assignments and coursework.",academic support and resources,student_feedback,struggling manage effectively affecting keep assignment coursework,7,1
"Balancing work and academic responsibilities has been challenging, and I am finding it hard to find time for social activities and hobbies.",academic support and resources,student_feedback,balancing work academic responsibility challenging finding find social activity hobby,10,1
"Time conflicts with other commitments have been causing significant stress and anxiety, and I am finding it hard to stay motivated.",academic support and resources,student_feedback,conflict commitment causing significant stress anxiety finding stay motivated,9,1
"Lack of sleep and fatigue have been affecting my ability to concentrate and retain information, and I am concerned about my academic performance.",academic support and resources,student_feedback,lack sleep fatigue affecting concentrate retain information concerned academic performance,10,1
"I am experiencing symptoms of anxiety and depression due to the demands of my academic workload, and I am concerned about my mental health.",academic support and resources,student_feedback,experiencing symptom anxiety depression due demand academic workload concerned mental health,11,1
"The academic workload is overwhelming, and I am finding it difficult to stay motivated and engaged in my studies.",academic support and resources,student_feedback,academic workload overwhelming finding stay motivated engaged study,8,1
I have been struggling to find ways to manage my stress and maintain my mental health while balancing my academic responsibilities with other commitments.,academic support and resources,student_feedback,struggling find way manage stress maintain mental health balancing academic responsibility commitment,12,1
"The course material is much more challenging than I expected, and I am struggling to understand the concepts and complete assignments.",academic support and resources,student_feedback,material much challenging expected struggling understand concept complete assignment,9,4
I am struggling to manage my time effectively and find it hard to balance my academic responsibilities with work and social activities.,academic support and resources,student_feedback,struggling manage effectively find balance academic responsibility work social activity,10,1
"Balancing work and academic responsibilities has been a significant challenge, and I am finding it",academic support and resources,student_feedback,balancing work academic responsibility significant challenge finding,7,1
The academic workload this semester is overwhelming. I'm having trouble keeping up with all the assignments and readings.,academic support and resources,student_feedback,academic workload semester overwhelming trouble keeping assignment reading,8,1
I find the course material for my math class to be extremely difficult. I've been attending extra study sessions but still feel lost.,academic support and resources,student_feedback,find material math extremely attending extra study session lost,9,4
Balancing my part-time job with my coursework has been a major struggle. I'm constantly exhausted and feel like I don't have enough time to focus on school.,academic support and resources,student_feedback,balancing part job coursework major struggle constantly exhausted enough focus school,11,1
I have a time conflict with one of my classes and it's causing a lot of stress. I'm trying to work with my advisor to figure out a solution but it's proving to be difficult.,academic support and resources,student_feedback,conflict causing stress trying work advisor figure solution proving,9,1
I'm not getting enough sleep and it's starting to affect my academic performance. I've tried adjusting my schedule but still can't seem to get enough rest.,academic support and resources,student_feedback,enough sleep starting affect academic performance tried adjusting schedule seem enough rest,12,1
"I'm feeling really overwhelmed with the amount of coursework I have to do, and it's causing a lot of stress and anxiety.",academic support and resources,student_feedback,feeling overwhelmed amount coursework causing stress anxiety,7,1
I've been experiencing mental health issues and it's making it hard to focus on school. I'm trying to seek help but it's been a slow process.,academic support and resources,student_feedback,experiencing mental health issue focus school trying seek help slow process,11,1
"I have a lot of commitments outside of school, including family responsibilities, and it's been a challenge to balance everything.",academic support and resources,student_feedback,commitment outside school including family responsibility challenge balance everything,9,1
I'm struggling with time management and finding it hard to prioritize my coursework. I'm looking for resources to help me improve my skills.,academic support and resources,student_feedback,struggling management finding prioritize coursework looking resource help improve skill,10,1
The course material for my history class is very dense and difficult to understand. I'm hoping to find a tutor or study group to help me navigate it.,academic support and resources,student_feedback,material history dense understand hoping find tutor study group help navigate,11,4
I've been working a lot lately and it's been hard to find time to focus on schoolwork. I'm trying to find ways to better manage my time.,academic support and resources,student_feedback,working lately find focus schoolwork trying find way better manage,10,1
The amount of reading and writing assignments in my English class is overwhelming. I'm finding it hard to keep up with the workload.,academic support and resources,student_feedback,amount reading writing assignment english overwhelming finding keep workload,9,1
I'm feeling a lot of stress and anxiety about upcoming exams. I'm trying to develop better study habits to help me manage my stress.,academic support and resources,student_feedback,feeling stress anxiety upcoming exam trying develop better study habit help manage stress,13,1
I'm having trouble balancing my extracurricular activities with my coursework. I'm considering cutting back on some activities to focus more on school.,academic support and resources,student_feedback,trouble balancing extracurricular activity coursework considering cutting back activity focus school,11,1
I'm feeling burnt out and exhausted from the demands of my coursework. I'm trying to find ways to recharge and take care of my mental health.,academic support and resources,student_feedback,feeling burnt exhausted demand coursework trying find way recharge care mental health,12,1
I have a lot of personal commitments that are making it difficult to prioritize my schoolwork. I'm looking for strategies to help me better manage my time.,academic support and resources,student_feedback,personal commitment prioritize schoolwork looking strategy help better manage,9,1
The course material for my physics class is very challenging and I'm struggling to keep up. I'm considering seeking additional help from a tutor.,academic support and resources,student_feedback,material physic challenging struggling keep considering seeking additional help tutor,10,4
I'm feeling overwhelmed with the amount of reading and assignments in my sociology class. I'm trying to break things down into smaller tasks to make it more manageable.,academic support and resources,student_feedback,feeling overwhelmed amount reading assignment sociology trying break thing smaller task manageable,12,1
I'm having trouble sleeping at night and it's causing me to feel tired and unfocused during the day. I'm looking for ways to improve my sleep habits.,academic support and resources,student_feedback,trouble sleeping night causing tired unfocused day looking way improve sleep habit,12,1
The pressure to maintain good grades is causing me a lot of stress and anxiety. I'm trying to find a healthy balance between school and self-care.,academic support and resources,student_feedback,pressure maintain good grade causing stress anxiety trying find healthy balance school self care,14,1
I'm struggling with mental health issues that are making it hard to focus on school. I'm working with a therapist to develop coping strategies.,academic support and resources,student_feedback,struggling mental health issue focus school working therapist develop coping strategy,11,1
I have a part-time job that's making it hard to balance my schoolwork. I'm trying to negotiate a better schedule with my employer.,academic support and resources,student_feedback,part job balance schoolwork trying negotiate better schedule employer,9,1
"I'm finding it hard to stay motivated with my coursework. I'm trying to set smaller, achievable goals to help me stay on track.",academic support and resources,student_feedback,finding stay motivated coursework trying set smaller achievable goal help stay track,12,1
I'm having trouble meeting the athletic eligibility requirements because of a schedule conflict with one of my classes. I wish there was more flexibility.,athletics and sports,student_feedback,trouble meeting athletic eligibility requirement schedule conflict wish flexibility,9,1
"As an athlete, I'm frustrated with the limited access to athletic facilities during peak hours. It's difficult to fit in training sessions when the gym is always packed.",athletics and sports,student_feedback,athlete frustrated athletic facility peak hour fit training session gym always packed,12,1
"I've had to deal with a sports-related injury, and the university's medical resources for athletes are very limited. I've had to seek treatment outside of campus.",athletics and sports,student_feedback,deal sport related injury medical resource athlete seek treatment outside,10,1
"I don't like the culture of the sports team I'm on. It's very exclusive, and some members aren't treated fairly.",athletics and sports,student_feedback,culture sport team exclusive member treated fairly,7,1
I'm disappointed with the gender inequality in our sports program. The women's teams don't get the same funding or recognition as the men's teams.,athletics and sports,student_feedback,disappointed gender inequality sport program woman team funding recognition men team,11,1
"I'm concerned about the university's compliance with Title IX. It seems like some sports programs receive preferential treatment, and that's not fair.",athletics and sports,student_feedback,concerned compliance title seems sport program receive preferential treatment fair,10,1
"The athletic facilities are always overcrowded, and I have to wait a long time to use the equipment I need for my training.",athletics and sports,student_feedback,athletic facility always overcrowded wait long equipment training,8,1
I feel like the athletic eligibility requirements are too strict and prevent many students from participating in sports.,athletics and sports,student_feedback,athletic eligibility requirement strict prevent participating sport,7,1
"I suffered a sports-related injury and had to take time off from training, but the university's support for injured athletes is lacking.",athletics and sports,student_feedback,suffered sport related injury training injured athlete lacking,8,1
"The sports team culture at this university is toxic, and I don't feel welcome on the team.",athletics and sports,student_feedback,sport team culture toxic welcome team,6,1
"The gender inequality in sports is apparent, and the university needs to invest more resources into women's sports programs.",athletics and sports,student_feedback,gender inequality sport apparent need invest resource woman sport program,10,1
The university needs to do more to ensure Title IX compliance and make sure all sports programs are treated fairly.,athletics and sports,student_feedback,need ensure title compliance sure sport program treated fairly,9,1
It's frustrating that I can't access the athletic facilities I need because of strict scheduling limitations.,athletics and sports,student_feedback,frustrating athletic facility strict scheduling limitation,6,1
"I wish the athletic eligibility requirements were more flexible, as they make it difficult for me to balance sports and academics.",athletics and sports,student_feedback,wish athletic eligibility requirement flexible balance sport academic,8,1
"I'm struggling to get medical attention for my sports-related injury, and the university's resources are not sufficient.",athletics and sports,student_feedback,struggling medical attention sport related injury resource sufficient,8,1
"The sports team culture can be cliquey and exclusive, making it difficult for some members to feel included.",athletics and sports,student_feedback,sport team culture cliquey exclusive member included,7,1
I've witnessed gender inequality within the sports program firsthand and feel it's time for change.,athletics and sports,student_feedback,witnessed gender inequality within sport program firsthand change,8,1
The university needs to do more to ensure Title IX compliance and provide equal opportunities for all sports programs.,athletics and sports,student_feedback,need ensure title compliance provide equal opportunity sport program,9,1
The athletic facilities are not well-maintained and are often dirty and overcrowded.,athletics and sports,student_feedback,athletic facility well maintained often dirty overcrowded,7,1
The athletic eligibility requirements are too strict and limit the number of students who can participate in sports programs.,athletics and sports,student_feedback,athletic eligibility requirement strict limit number participate sport program,9,1
I'm frustrated with the lack of resources available to athletes who suffer from injuries or other medical concerns.,athletics and sports,student_feedback,frustrated lack resource athlete suffer injury medical concern,8,1
The sports team culture is not inclusive and often feels like a popularity contest.,athletics and sports,student_feedback,sport team culture inclusive often feel popularity contest,8,1
"I've noticed a clear gender inequality within the sports program, and it's time for the university to take action.",athletics and sports,student_feedback,noticed clear gender inequality within sport program action,8,1
"The university needs to ensure Title IX compliance and provide equal opportunities for all athletes, regardless of gender.",athletics and sports,student_feedback,need ensure title compliance provide equal opportunity athlete regardless gender,10,1
The limited access to athletic facilities makes it challenging to train effectively and reach my goals.,athletics and sports,student_feedback,athletic facility make challenging train effectively reach goal,8,2
The athletic eligibility requirements don't take into account the unique circumstances of each athlete and can be unfair.,athletics and sports,student_feedback,athletic eligibility requirement account unique circumstance athlete unfair,8,1
"The university needs to invest in better medical resources for athletes, as the current options are insufficient.",athletics and sports,student_feedback,need invest better medical resource athlete current option insufficient,9,1
The sports team culture needs to be more inclusive and welcoming to all members.,athletics and sports,student_feedback,sport team culture need inclusive welcoming member,7,1
I've experienced gender inequality within the sports program and feel that it's a significant issue that needs to be addressed.,athletics and sports,student_feedback,experienced gender inequality within sport program significant need addressed,9,1
The university needs to take steps to ensure Title IX compliance and create a level playing field for all athletes.,athletics and sports,student_feedback,need step ensure title compliance create level playing field athlete,10,1
I feel frustrated with the limited access to the athletic facilities on campus. It's hard to stay active and healthy when you can't even use the gym when you want to.,athletics and sports,student_feedback,frustrated athletic facility stay active healthy even gym want,9,1
The athletic eligibility requirements for sports teams are so strict. It's unfair that some students can't participate just because they don't meet certain criteria.,athletics and sports,student_feedback,athletic eligibility requirement sport team strict unfair participate meet certain criterion,11,1
I'm concerned about the injuries that happen during sports games and practices. The university needs to prioritize the health and safety of its athletes.,athletics and sports,student_feedback,concerned injury happen sport game practice need prioritize health safety athlete,11,1
I've noticed that the sports team culture on campus can be exclusive and elitist. It makes it hard for newcomers to feel welcome.,athletics and sports,student_feedback,noticed sport team culture exclusive elitist make newcomer welcome,9,1
Gender inequality in sports is a serious issue that needs to be addressed. Women's sports teams should be given the same opportunities and resources as men's teams.,athletics and sports,student_feedback,gender inequality sport serious need addressed woman sport team given opportunity resource men team,14,1
"I'm disappointed with the lack of support for student athletes. It's hard to balance sports and academics, and more resources need to be provided to help athletes succeed.",athletics and sports,student_feedback,disappointed lack athlete balance sport academic resource provided help athlete succeed,11,1
The Title IX compliance of the university's sports programs is concerning. It's important to make sure that all students are treated fairly and given equal opportunities.,athletics and sports,student_feedback,title compliance sport program concerning important sure treated fairly given equal opportunity,12,1
It's frustrating that there are limited options for sports and athletics programs on campus. More variety would be appreciated.,athletics and sports,student_feedback,frustrating option sport athletics program variety appreciated,7,1
I'm concerned about the lack of diversity on the sports teams. It's important for all students to feel represented and included.,athletics and sports,student_feedback,concerned lack diversity sport team important represented included,8,1
Athletic facilities are often overcrowded and difficult to access. This makes it hard to stay motivated to exercise and stay active.,athletics and sports,student_feedback,athletic facility often overcrowded make stay motivated exercise stay active,10,1
The athletic eligibility requirements can be confusing and hard to navigate. The university should provide clearer guidelines and resources to help students understand the process.,athletics and sports,student_feedback,athletic eligibility requirement confusing navigate provide clearer guideline resource help understand process,12,1
The university needs to prioritize the health and wellbeing of its student athletes. This includes providing adequate medical resources and support.,athletics and sports,student_feedback,need prioritize health wellbeing athlete includes providing adequate medical resource,10,1
The sports team culture on campus can be toxic and harmful. It's important for the university to promote a positive and inclusive environment.,athletics and sports,student_feedback,sport team culture toxic harmful important promote positive inclusive environment,10,1
Gender inequality in sports is unacceptable. The university needs to do more to support and empower women athletes.,athletics and sports,student_feedback,gender inequality sport unacceptable need empower woman athlete,8,1
It's disappointing that there are limited opportunities for students who aren't interested in traditional sports. More alternative options would be appreciated.,athletics and sports,student_feedback,disappointing opportunity interested traditional sport alternative option appreciated,8,1
The lack of resources for student athletes is frustrating. It's hard to succeed in sports and academics without proper support.,athletics and sports,student_feedback,lack resource athlete frustrating succeed sport academic without proper,9,1
The university needs to make sure that all sports programs are compliant with Title IX regulations. Discrimination should not be tolerated.,athletics and sports,student_feedback,need sure sport program compliant title regulation discrimination tolerated,9,1
"Athletic facilities should be accessible to all students, regardless of their major or athletic eligibility. Everyone should have the opportunity to stay active and healthy.",athletics and sports,student_feedback,athletic facility accessible regardless major athletic eligibility stay active healthy,10,1
I'm concerned about the lack of diversity among the coaches and staff of the sports teams. It's important for students to have role models and mentors who look like them.,athletics and sports,student_feedback,concerned lack diversity coach staff sport team important role model mentor look,12,1
Sports-related injuries can have long-lasting effects on a student's health and wellbeing. It's important for the university to take preventative measures and prioritize safety.,athletics and sports,student_feedback,sport related injury long lasting effect health wellbeing important preventative measure prioritize safety,13,1
The athletic eligibility requirements can be unfair to students who don't have the same opportunities as others. The university should take socioeconomic factors into account when evaluating eligibility.,athletics and sports,student_feedback,athletic eligibility requirement unfair opportunity others socioeconomic factor account evaluating eligibility,11,1
"The sports team culture can be exclusive and cliquey, making it hard for new students to feel included. It's important for the university to foster a welcoming and supportive environment.",athletics and sports,student_feedback,sport team culture exclusive cliquey new included important foster welcoming supportive environment,12,1
"Gender inequality in sports is a pervasive issue that affects all students, not just athletes. The university should do more to promote gender equity and empowerment.",athletics and sports,student_feedback,gender inequality sport pervasive affect athlete promote gender equity empowerment,10,1
The lack of options for sports and athletics programs on campus is disappointing. More variety would help students find activities that they enjoy and feel passionate about.,athletics and sports,student_feedback,lack option sport athletics program disappointing variety help find activity enjoy passionate,12,1
Student athletes often face unique challenges when it comes to balancing sports and academics. The university needs to provide more support and resources to help them succeed.,athletics and sports,student_feedback,athlete often face unique challenge come balancing sport academic need provide resource help succeed,14,1
I am frustrated with the limited access to athletic facilities on campus. It's difficult to find a time when the gym or fields are not overcrowded.,athletics and sports,student_feedback,frustrated athletic facility find gym field overcrowded,7,2
The athletic eligibility requirements are too strict and exclusionary. It feels like only a select few students are able to participate in sports.,athletics and sports,student_feedback,athletic eligibility requirement strict exclusionary feel select participate sport,9,1
I am concerned about the lack of attention given to injuries and sports-related medical concerns. It feels like student-athletes are not given adequate support.,athletics and sports,student_feedback,concerned lack attention given injury sport related medical concern feel athlete given adequate,13,1
The sports team culture on campus is toxic and exclusionary. It's discouraging to see such a lack of respect for fellow students.,athletics and sports,student_feedback,sport team culture toxic exclusionary discouraging see lack respect fellow,10,1
I am disappointed with the gender inequality in sports. Women's teams are often underfunded and not given the same opportunities as men's teams.,athletics and sports,student_feedback,disappointed gender inequality sport woman team often underfunded given opportunity men team,12,1
The university needs to do more to ensure Title IX compliance in all aspects of the athletics programs. It's unacceptable for any student to feel discriminated against or unsafe.,athletics and sports,student_feedback,need ensure title compliance aspect athletics program unacceptable discriminated unsafe,10,1
It's frustrating that the university only invests in certain sports programs while neglecting others. It's important to support a variety of athletic interests.,athletics and sports,student_feedback,frustrating invests certain sport program neglecting others important variety athletic interest,11,1
The athletic department should provide more resources and training for coaches to ensure a safe and inclusive environment for all athletes.,athletics and sports,student_feedback,athletic department provide resource training coach ensure safe inclusive environment athlete,11,1
I have concerns about the lack of diversity and representation within the athletic department staff. It's important for all students to feel seen and supported.,athletics and sports,student_feedback,concern lack diversity representation within athletic department staff important seen supported,11,1
I am frustrated by the athletic facilities' inconsistent hours and limited availability during peak times.,athletics and sports,student_feedback,frustrated athletic facility inconsistent hour availability peak time,8,1
The athletic eligibility requirements should be revised to be more inclusive of students with different abilities and backgrounds.,athletics and sports,student_feedback,athletic eligibility requirement revised inclusive different ability background,8,1
"The university needs to prioritize mental health support for student-athletes, especially during high-stress seasons.",athletics and sports,student_feedback,need prioritize mental health athlete especially high stress season,9,1
"The sports team culture needs to be more welcoming and supportive, rather than exclusive and competitive.",athletics and sports,student_feedback,sport team culture need welcoming supportive rather exclusive competitive,9,1
I am concerned about the lack of attention given to preventing and addressing sports-related injuries. It's important for athletes to receive adequate care.,athletics and sports,student_feedback,concerned lack attention given preventing addressing sport related injury important athlete receive adequate care,14,1
It's disappointing to see the unequal distribution of resources and funding among different sports programs on campus.,athletics and sports,student_feedback,disappointing see unequal distribution resource funding different sport program,9,1
"I believe that the university should provide more scholarships and financial support for student-athletes, especially those from underprivileged backgrounds.",athletics and sports,student_feedback,believe provide scholarship financial athlete especially underprivileged background,8,1
"The university needs to do more to support the mental and emotional health of student-athletes, including providing access to therapy and counseling services.",athletics and sports,student_feedback,need mental emotional health athlete including providing therapy counseling service,10,1
"The athletic department should prioritize the safety and well-being of all athletes, rather than just focusing on winning.",athletics and sports,student_feedback,athletic department prioritize safety well athlete rather focusing winning,9,1
"It's frustrating to see the gender disparities in sports, especially when it comes to funding and support for women's teams.",athletics and sports,student_feedback,frustrating see gender disparity sport especially come funding woman team,10,1
The university should offer more sports programs that cater to students' diverse interests and abilities.,athletics and sports,student_feedback,offer sport program cater diverse interest ability,7,1
I have concerns about the athletic department's handling of Title IX complaints and the overall culture of accountability.,athletics and sports,student_feedback,concern athletic department handling title complaint overall culture accountability,9,1
The athletic facilities should be more accessible and accommodating for students with disabilities.,athletics and sports,student_feedback,athletic facility accessible accommodating disability,5,1
I am concerned about the lack of diversity and representation among the student-athletes themselves. It's important for all students to have equal opportunities.,athletics and sports,student_feedback,concerned lack diversity representation athlete important equal opportunity,8,1
It's disappointing to see the lack of support and attention given to non-varsity sports programs on campus.,athletics and sports,student_feedback,disappointing see lack attention given non varsity sport program,9,1
"The athletic department should prioritize the mental and physical health of all athletes, regardless of their level of competition.",athletics and sports,student_feedback,athletic department prioritize mental physical health athlete regardless level competition,10,1
I am frustrated with the inconsistent and often late communication from coaches and athletic staff.,athletics and sports,student_feedback,frustrated inconsistent often late communication coach athletic staff,8,1
"It's important for the university to prioritize the safety of all athletes, including implementing proper safety protocols and resources for injuries.",athletics and sports,student_feedback,important prioritize safety athlete including implementing proper safety protocol resource injury,11,1
The university should invest in more preventative measures to avoid sports-related injuries and promote overall wellness.,athletics and sports,student_feedback,invest preventative measure avoid sport related injury promote overall wellness,10,1
The gender disparities in sports must be addressed and rectified to ensure equal opportunities for all students.,athletics and sports,student_feedback,gender disparity sport must addressed rectified ensure equal opportunity,9,1
There seems to be a scarcity of available internships and job openings in my field of study.,career opportunities,student_feedback,seems scarcity internship job opening field study,7,3
I'm having a hard time finding suitable job opportunities that align with my career goals.,career opportunities,student_feedback,finding suitable job opportunity align career goal,7,3
The lack of available networking opportunities makes it difficult to connect with professionals in my desired field.,career opportunities,student_feedback,lack networking opportunity make connect professional desired field,8,1
The professional development opportunities offered by the university are limited and not sufficient to meet the demands of the job market.,career opportunities,student_feedback,professional development opportunity offered sufficient meet demand job market,9,3
I feel like I'm competing with too many students for the limited number of internship and job opportunities available.,career opportunities,student_feedback,competing number internship job opportunity,5,3
"Despite my efforts, I'm struggling to find job openings that match my qualifications and experience.",career opportunities,student_feedback,despite effort struggling find job opening match qualification,8,3
The university needs to do more to provide networking opportunities for students to connect with alumni and other professionals.,career opportunities,student_feedback,need provide networking opportunity connect alumnus professional,7,1
The career services office should offer more resources to help students navigate the job market and find suitable employment.,career opportunities,student_feedback,career service office offer resource help navigate job market find suitable employment,12,3
The lack of internships and job opportunities is making it difficult for me to gain practical experience in my field.,career opportunities,student_feedback,lack internship job opportunity gain practical field,7,3
I feel like I'm at a disadvantage in the job market due to the limited professional development opportunities provided by the university.,career opportunities,student_feedback,disadvantage job market due professional development opportunity provided,8,3
The university should offer more career fairs and networking events to help students connect with potential employers.,career opportunities,student_feedback,offer career fair networking event help connect potential employer,9,1
It's frustrating to constantly come across dead ends when searching for job opportunities in my field.,career opportunities,student_feedback,frustrating constantly come across dead end searching job opportunity field,10,3
"The competition for available internships and job openings is extremely high, making it even more difficult to secure employment.",career opportunities,student_feedback,competition internship job opening extremely high even secure employment,9,3
The university needs to offer more workshops and training programs to help students develop the necessary skills for the job market.,career opportunities,student_feedback,need offer workshop training program help develop necessary skill job market,11,1
The job search process has been extremely challenging and time-consuming due to the lack of available job opportunities.,career opportunities,student_feedback,job search process extremely challenging consuming due lack job opportunity,10,3
The university should work to establish more partnerships with companies and organizations to increase the availability of internships and job openings.,career opportunities,student_feedback,work establish partnership company organization increase availability internship job opening,10,3
I'm having trouble finding job opportunities that offer the pay and benefits I need to support myself financially.,career opportunities,student_feedback,trouble finding job opportunity offer pay benefit financially,8,3
The limited availability of job opportunities is causing me a great deal of stress and anxiety about my future career prospects.,career opportunities,student_feedback,availability job opportunity causing great deal stress anxiety future career prospect,11,3
The university should provide more resources for students to learn about job opportunities outside of their immediate area.,career opportunities,student_feedback,provide resource learn job opportunity outside immediate area,8,3
The lack of job opportunities is discouraging and makes me feel like I wasted my time and money on my education.,career opportunities,student_feedback,lack job opportunity discouraging make wasted money education,8,3
It's frustrating to have limited options when it comes to finding a job in my desired field of work.,career opportunities,student_feedback,frustrating option come finding job desired field work,8,3
The university should provide more resources to help students develop the necessary networking skills to succeed in the job market.,career opportunities,student_feedback,provide resource help develop necessary networking skill succeed job market,10,1
The scarcity of job opportunities is a major barrier to achieving my career goals and aspirations.,career opportunities,student_feedback,scarcity job opportunity major barrier achieving career goal aspiration,9,3
I'm finding it difficult to secure a job due to the limited number of available opportunities in my field of study.,career opportunities,student_feedback,finding secure job due number opportunity field study,8,3
The university should provide more resources to help students create and maintain professional connections in their desired field of work.,career opportunities,student_feedback,provide resource help create maintain professional connection desired field work,10,1
The lack of available internships and job opportunities is causing me to reconsider my career path.,career opportunities,student_feedback,lack internship job opportunity causing reconsider career path,8,3
It's challenging to stay motivated and optimistic when there are so few job opportunities available.,career opportunities,student_feedback,challenging stay motivated optimistic job opportunity,6,3
The university should provide more guidance and support to students as they navigate the job search process.,career opportunities,student_feedback,provide guidance navigate job search process,6,1
The limited number of job opportunities is making it difficult for me to build a successful career after graduation.,career opportunities,student_feedback,number job opportunity build successful career graduation,7,3
The university needs to work on expanding its network of potential employers and job opportunities for students.,career opportunities,student_feedback,need work expanding network potential employer job opportunity,8,3
"The university does not provide enough opportunities for internships or jobs in my field of study, making it difficult to gain practical experience.",career opportunities,student_feedback,provide enough opportunity internship job field study gain practical,9,3
"As a recent graduate, I am struggling to find job opportunities that align with my career goals.",career opportunities,student_feedback,recent graduate struggling find job opportunity align career goal,9,3
"Despite my efforts to network, I have not been able to find any meaningful connections that could lead to job or internship opportunities.",career opportunities,student_feedback,despite effort network find meaningful connection lead job internship opportunity,10,3
The lack of available internships and job opportunities in my area of study is concerning and makes me worried about my future prospects.,career opportunities,student_feedback,lack internship job opportunity area study concerning make worried future prospect,11,3
I have found it challenging to secure an internship or job due to the competitive nature of the job market.,career opportunities,student_feedback,found challenging secure internship job due competitive nature job market,10,3
"It is frustrating to see job postings that require years of experience, making it difficult for recent graduates to break into their desired field.",career opportunities,student_feedback,frustrating see job posting year recent graduate break desired field,10,1
I am having trouble finding job opportunities that match my qualifications and skillset.,career opportunities,student_feedback,trouble finding job opportunity match qualification skillset,7,3
"Despite attending career fairs and networking events, I have not been able to secure any internships or job offers.",career opportunities,student_feedback,despite attending career fair networking event secure internship job offer,10,3
The university should offer more career development programs to help students find job and internship opportunities.,career opportunities,student_feedback,offer career development program help find job internship opportunity,9,3
The lack of job and internship opportunities available to students in my program is disappointing and concerning.,career opportunities,student_feedback,lack job internship opportunity program disappointing concerning,7,3
The process of finding job opportunities has been overwhelming and confusing for me.,career opportunities,student_feedback,process finding job opportunity overwhelming confusing,6,3
I feel as though I am competing with too many other candidates for the few job opportunities available in my field.,career opportunities,student_feedback,though competing candidate job opportunity field,6,3
The university should do more to connect students with potential employers to increase internship and job opportunities.,career opportunities,student_feedback,connect potential employer increase internship job opportunity,7,3
"I have been struggling to find job opportunities that pay a fair wage, making it difficult to support myself financially.",career opportunities,student_feedback,struggling find job opportunity pay fair wage financially,8,3
The current job market is so competitive that it feels impossible to find meaningful employment opportunities.,career opportunities,student_feedback,current job market competitive feel impossible find meaningful employment opportunity,10,3
I have found it challenging to find job opportunities that match my specific interests and career goals.,career opportunities,student_feedback,found challenging find job opportunity match specific interest career goal,10,3
The university's career services department does not provide enough resources or support for students seeking internships or jobs.,career opportunities,student_feedback,career service department provide enough resource seeking internship job,9,3
"I have been applying to job opportunities for months with no luck, which is demoralizing and frustrating.",career opportunities,student_feedback,applying job opportunity month luck demoralizing frustrating,7,3
The limited number of internship and job opportunities available in my area makes me concerned about my future career prospects.,career opportunities,student_feedback,number internship job opportunity area make concerned future career prospect,10,3
I am struggling to find job opportunities that offer the type of work-life balance that I desire.,career opportunities,student_feedback,struggling find job opportunity offer type work life balance desire,10,3
The university should do more to create partnerships with employers to increase internship and job opportunities for students.,career opportunities,student_feedback,create partnership employer increase internship job opportunity,7,3
"Despite having a strong resume and relevant experience, I have not been able to find any job opportunities in my field.",career opportunities,student_feedback,despite strong resume relevant find job opportunity field,8,3
The lack of job and internship opportunities available to students in my program is a major issue that needs to be addressed by the university.,career opportunities,student_feedback,lack job internship opportunity program major need addressed,8,3
The current job market is so competitive that it is difficult to stand out and secure job opportunities.,career opportunities,student_feedback,current job market competitive stand secure job opportunity,8,3
I have been struggling to find job opportunities that align with my values and ethics.,career opportunities,student_feedback,struggling find job opportunity align value ethic,7,3
"Despite attending job fairs and applying to numerous opportunities, I have not received any job offers or even interviews.",career opportunities,student_feedback,despite attending job fair applying numerous opportunity received job offer even interview,12,3
The university should offer more support to non-traditional students seeking internships or jobs.,career opportunities,student_feedback,offer non traditional seeking internship job,6,3
"I have been applying to job opportunities outside of my field of study in hopes of finding something, but it has been difficult to make any progress.",career opportunities,student_feedback,applying job opportunity outside field study hope finding something progress,10,3
I feel as though I am competing with students from more prestigious universities for the same job opportunities.,career opportunities,student_feedback,though competing prestigious university job opportunity,6,3
The lack of job and internship opportunities available to students is a major concern for those who want to gain practical experience and start their careers.,career opportunities,student_feedback,lack job internship opportunity major want gain practical start career,10,3
"I have been struggling to find any job opportunities in my field, despite constantly checking job boards and reaching out to alumni for networking.",career opportunities,student_feedback,struggling find job opportunity field despite constantly checking job board reaching alumnus networking,13,3
The university needs to provide more support for students looking for internships. The current resources are limited and not very helpful.,career opportunities,student_feedback,need provide looking internship current resource helpful,7,1
I feel like I'm missing out on important networking opportunities because the university doesn't offer many events or programs for students to connect with professionals.,career opportunities,student_feedback,missing important networking opportunity offer event program connect professional,9,1
The job market is highly competitive and it's frustrating to have limited opportunities for professional development.,career opportunities,student_feedback,job market highly competitive frustrating opportunity professional development,8,3
I wish there were more job fairs or career events at the university. It's hard to find opportunities on my own.,career opportunities,student_feedback,wish job fair career event find opportunity,7,3
The university needs to do more to connect students with alumni who work in their fields of interest. It's difficult to find those connections on our own.,career opportunities,student_feedback,need connect alumnus work field interest find connection,8,1
"Finding job opportunities has been a challenge, especially since many require years of experience that I don't have as a student.",career opportunities,student_feedback,finding job opportunity challenge especially since year,7,3
The university needs to offer more workshops and training sessions to help students improve their networking and job-seeking skills.,career opportunities,student_feedback,need offer workshop training session help improve networking job seeking skill,11,1
Limited internship opportunities have made it hard for me to gain practical experience in my field before graduation.,career opportunities,student_feedback,internship opportunity gain practical field graduation,6,3
I feel like I'm on my own when it comes to finding job opportunities. The university should offer more support and guidance in this area.,career opportunities,student_feedback,come finding job opportunity offer guidance area,7,3
"Networking is a crucial part of career development, but I feel like I'm not getting enough exposure to professionals in my field.",career opportunities,student_feedback,networking crucial part career development enough exposure professional field,9,1
The university should partner with more companies to offer internships and job opportunities to students.,career opportunities,student_feedback,partner company offer internship job opportunity,6,3
"I've applied to numerous internships and jobs, but haven't had any luck. It's discouraging and I wish the university could do more to help.",career opportunities,student_feedback,applied numerous internship job luck discouraging wish help,8,3
It's frustrating to see job postings for entry-level positions that require years of experience. How are students supposed to gain that experience?,career opportunities,student_feedback,frustrating see job posting entry level position year supposed gain,10,1
The university should offer more courses or programs that focus on job searching and professional development.,career opportunities,student_feedback,offer program focus job searching professional development,7,1
"Limited job opportunities have forced me to consider alternative career paths, which is disappointing.",career opportunities,student_feedback,job opportunity forced consider alternative career path disappointing,8,3
"I wish there were more opportunities to connect with professionals outside of the university, like networking events or mentorship programs.",career opportunities,student_feedback,wish opportunity connect professional outside networking event mentorship program,9,1
Finding job opportunities feels like a full-time job in itself. The university should do more to make this process easier for students.,career opportunities,student_feedback,finding job opportunity feel full job process easier,8,3
"Internships are essential for building experience and connections in my field, but there aren't many available through the university.",career opportunities,student_feedback,internship essential building connection field,5,3
"Networking can be intimidating, especially for introverted students. The university should offer more support and resources to help all students succeed.",career opportunities,student_feedback,networking intimidating especially introverted offer resource help succeed,8,1
"I've applied to several jobs that I was qualified for, but never heard back. It's frustrating and I wish the university could offer more guidance in this area.",career opportunities,student_feedback,applied several job qualified never heard back frustrating wish offer guidance area,12,1
The university should work with local businesses and organizations to offer more job opportunities to students.,career opportunities,student_feedback,work local business organization offer job opportunity,7,3
It's difficult to find job opportunities that are relevant to my interests and skills. The university should do more to tailor resources to different majors and fields.,career opportunities,student_feedback,find job opportunity relevant interest skill tailor resource different major field,11,3
Limited job opportunities have made me question whether I should continue pursuing my chosen career path.,career opportunities,student_feedback,job opportunity question whether continue pursuing chosen career path,9,3
I wish the university offered more opportunities for students to shadow professionals or gain hands-on experience in their fields.,career opportunities,student_feedback,wish offered opportunity shadow professional gain hand field,8,1
"Networking events hosted by the university are often poorly attended, which makes it hard to connect with professionals.",career opportunities,student_feedback,networking event hosted often poorly attended make connect professional,9,1
"I've tried to reach out to alumni for networking opportunities, but haven't had much luck. The university should offer more support in connecting students with alumni.",career opportunities,student_feedback,tried reach alumnus networking opportunity much luck offer connecting alumnus,10,1
The university should partner with more companies to offer job opportunities specifically for recent graduates.,career opportunities,student_feedback,partner company offer job opportunity specifically recent graduate,8,3
I'm not sure I'll be able to afford to finish my degree because of how much debt I've already accumulated.,financial support,student_feedback,sure afford finish degree much debt already accumulated,8,1
It's frustrating that there are so few scholarships available to help with the cost of tuition.,financial support,student_feedback,frustrating scholarship help cost tuition,5,1
"I'm having a hard time filling out all of the financial aid applications, and it's causing me a lot of stress.",financial support,student_feedback,filling financial aid application causing stress,6,1
I'm worried about how much student loan debt I'm going to have when I graduate.,financial support,student_feedback,worried much loan debt going graduate,6,1
It's hard to balance my budget when the cost of living keeps going up.,financial support,student_feedback,balance budget cost living keep going,6,1
"I'm constantly worrying about money, and it's making it hard to focus on my studies.",financial support,student_feedback,constantly worrying money focus study,5,1
I wish there were more resources available to help students manage their finances.,financial support,student_feedback,wish resource help manage finance,5,1
"The financial aid office is always so busy, it's hard to get an appointment to speak with someone.",financial support,student_feedback,financial aid office always busy appointment speak someone,8,1
The application process for student loans is so confusing and overwhelming.,financial support,student_feedback,application process loan confusing overwhelming,5,1
"I'm struggling to make ends meet, even with financial aid and scholarships.",financial support,student_feedback,struggling end meet even financial aid scholarship,7,1
"The cost of textbooks and other course materials is outrageous, and it's making it difficult to afford my education.",financial support,student_feedback,cost textbook material outrageous afford education,6,4
"I'm worried about how I'm going to pay for everything, especially since I lost my job due to the pandemic.",financial support,student_feedback,worried going pay everything especially since lost job due pandemic,10,1
"The financial aid website is constantly down, which is making it hard to submit my application on time.",financial support,student_feedback,financial aid website constantly submit application,6,1
I wish there were more programs available to help students with their finances.,financial support,student_feedback,wish program help finance,4,1
"The financial aid process is so slow, and I need the money now to pay my tuition.",financial support,student_feedback,financial aid process slow money pay tuition,7,1
It's frustrating that I have to work multiple jobs just to afford my education.,financial support,student_feedback,frustrating work multiple job afford education,6,1
"I'm struggling to make my student loan payments, even though I have a full-time job.",financial support,student_feedback,struggling loan payment even though full job,7,1
"The financial aid package I received was much less than I anticipated, and now I'm not sure how I'm going to pay for school.",financial support,student_feedback,financial aid package received much less anticipated sure going pay school,11,1
"I received a financial warning because I couldn't pay my tuition on time, even though I've been doing everything I can to make ends meet.",financial support,student_feedback,received financial warning pay tuition even though everything end meet,10,1
I wish there were more scholarships available specifically for students in my major.,financial support,student_feedback,wish scholarship specifically major,4,1
"The cost of living on campus is way too high, and it's making it hard to afford my education.",financial support,student_feedback,cost living way high afford education,6,1
"I'm constantly worried about my financial situation, and it's affecting my mental health.",financial support,student_feedback,constantly worried financial situation affecting mental health,7,1
"It's frustrating that some students seem to have unlimited financial resources, while the rest of us struggle to make ends meet.",financial support,student_feedback,frustrating seem unlimited financial resource rest struggle end meet,9,1
"I feel like I'm drowning in student loan debt, and I'm not sure how to get out of it.",financial support,student_feedback,drowning loan debt sure,4,1
"The financial aid office is so disorganized, and it's making it hard to get the help I need.",financial support,student_feedback,financial aid office disorganized help,5,1
I wish there were more resources available to help students with their budgeting and financial planning.,financial support,student_feedback,wish resource help budgeting financial planning,6,1
"The interest on my student loans is so high, it's going to take me decades to pay them off.",financial support,student_feedback,interest loan high going decade pay,6,1
I'm constantly worried about having enough money to pay my bills and afford my education at the same time.,financial support,student_feedback,constantly worried enough money pay bill afford education,8,1
"I received a letter threatening to drop me from my classes because I couldn't make a payment on time, even though I've been doing everything I can to keep up with my expenses.",financial support,student_feedback,received letter threatening drop payment even though everything keep expense,10,1
"It's frustrating that I have to work so many hours just to make ends meet, and it's taking away from my study time.",financial support,student_feedback,frustrating work hour end meet away study,7,1
I'm struggling to pay for college because there aren't enough scholarships available for students in my program.,financial support,student_feedback,struggling pay college enough scholarship program,6,1
The financial aid application process is so confusing and time-consuming.,financial support,student_feedback,financial aid application process confusing consuming,6,1
I've been hit hard by student loan debt and it's affecting my ability to focus on my studies.,financial support,student_feedback,hit loan debt affecting focus study,6,1
I've been living on a tight budget since starting college and it's really stressful.,financial support,student_feedback,living tight budget since starting college stressful,7,1
I keep receiving financial warnings even though I'm making regular payments on my tuition and fees.,financial support,student_feedback,keep receiving financial warning even though regular payment tuition fee,10,1
The cost of textbooks and other materials is so high that it's hard to afford them all.,financial support,student_feedback,cost textbook material high afford,5,1
It's hard to find part-time work that pays enough to cover my expenses while in school.,financial support,student_feedback,find part work pay enough cover expense school,8,1
I'm worried about how I'm going to afford rent and utilities once I graduate and have to start paying back my loans.,financial support,student_feedback,worried going afford rent utility graduate start paying back loan,10,1
"I don't qualify for many scholarships because of my major, which is frustrating.",financial support,student_feedback,qualify scholarship major frustrating,4,1
"The financial aid office is always so crowded and understaffed, making it difficult to get the help I need.",financial support,student_feedback,financial aid office always crowded understaffed help,7,1
I feel like I'm drowning in debt and there's no way out.,financial support,student_feedback,drowning debt way,3,1
"Even with financial aid, I'm struggling to make ends meet while in college.",financial support,student_feedback,even financial aid struggling end meet college,7,1
I'm constantly worried about money and it's affecting my mental health.,financial support,student_feedback,constantly worried money affecting mental health,6,1
The college's policies around financial aid and scholarships are confusing and unfair.,financial support,student_feedback,college policy around financial aid scholarship confusing unfair,8,1
"I've had to take on multiple jobs just to make ends meet, which leaves little time for studying and extracurricular activities.",financial support,student_feedback,multiple job end meet leaf little studying extracurricular activity,9,1
I'm worried about how I'm going to pay off my student loans once I graduate.,financial support,student_feedback,worried going pay loan graduate,5,1
"The cost of living in the area surrounding the college is too high, making it hard to afford basic necessities.",financial support,student_feedback,cost living area surrounding college high afford basic necessity,9,1
I wish there were more opportunities for students to earn money through on-campus jobs.,financial support,student_feedback,wish opportunity earn money job,5,3
I'm constantly stressed about money and it's taking a toll on my academic performance.,financial support,student_feedback,constantly stressed money toll academic performance,6,1
The financial aid process is so overwhelming that I don't even know where to start.,financial support,student_feedback,financial aid process overwhelming even know start,7,1
I'm barely able to afford food and other basic necessities on top of tuition and fees.,financial support,student_feedback,barely afford food basic necessity top tuition fee,8,1
I wish there were more financial literacy courses offered to students.,financial support,student_feedback,wish financial literacy offered,4,1
It's frustrating that the college charges so much for things like parking permits and meal plans.,financial support,student_feedback,frustrating college charge much thing parking permit meal plan,9,1
I'm worried that I won't be able to graduate on time because I can't afford the classes I need.,financial support,student_feedback,worried graduate afford,3,1
The college's scholarship application process is so competitive that it feels like there's no point in even trying.,financial support,student_feedback,college scholarship application process competitive feel point even trying,9,1
It's unfair that some students are able to afford all the materials they need while others can't.,financial support,student_feedback,unfair afford material others,4,1
I'm struggling to balance my part-time job with my coursework and it's affecting my grades.,financial support,student_feedback,struggling balance part job coursework affecting grade,7,1
"The financial aid office is always changing its policies, making it hard to keep up.",financial support,student_feedback,financial aid office always changing policy keep,7,1
I wish the college offered more opportunities for students to earn money through paid internships and co-ops.,financial support,student_feedback,wish college offered opportunity earn money paid internship ops,9,1
"I'm constantly worried about how I'm going to pay for unexpected expenses, like medical bills or car repairs.",financial support,student_feedback,constantly worried going pay unexpected expense medical bill car repair,10,1
"I'm really struggling to pay for my tuition without any financial aid or scholarships, and it's causing me a lot of stress and anxiety.",financial support,student_feedback,struggling pay tuition without financial aid scholarship causing stress anxiety,10,1
"The financial aid application process is so complicated and time-consuming, it's almost not worth it.",financial support,student_feedback,financial aid application process complicated consuming almost worth,8,1
I feel like I'm drowning in student loan debt and it's going to take me years to pay it all off.,financial support,student_feedback,drowning loan debt going year pay,6,1
"Managing my finances as a college student is a constant struggle, especially with the rising cost of living.",financial support,student_feedback,managing finance college constant struggle especially rising cost living,9,1
"Despite my best efforts to budget and save money, unexpected expenses keep popping up and throwing me off track.",financial support,student_feedback,despite best effort budget save money unexpected expense keep popping throwing track,12,1
"I received a financial warning for a late payment even though I had already paid my bill, and it's causing me a lot of frustration and confusion.",financial support,student_feedback,received financial warning late payment even though already paid bill causing frustration confusion,13,1
"I had to take out a private loan to pay for my tuition because I didn't qualify for enough financial aid, and now I'm worried about how I'm going to pay it back.",financial support,student_feedback,private loan pay tuition qualify enough financial aid worried going pay back,12,1
"The cost of textbooks and other course materials is so high, it's hard to afford everything I need for class.",financial support,student_feedback,cost textbook material high afford everything,6,4
I wish there were more scholarship opportunities available for students like me who don't come from wealthy backgrounds.,financial support,student_feedback,wish scholarship opportunity come wealthy background,6,1
I'm hesitant to apply for financial aid because I don't want to take on more student loan debt than I can handle.,financial support,student_feedback,hesitant apply financial aid want loan debt handle,8,1
"Even though I received some financial aid, it's still not enough to cover all of my expenses, and I'm struggling to make ends meet.",financial support,student_feedback,even though received financial aid enough cover expense struggling end meet,11,1
I'm frustrated with the lack of transparency when it comes to how my tuition and fees are being spent by the university.,financial support,student_feedback,frustrated lack transparency come tuition fee spent,7,1
"The financial aid office is always so busy and understaffed, it's hard to get the help and support I need.",financial support,student_feedback,financial aid office always busy understaffed help,7,1
I'm worried that I won't be able to afford to attend this university next semester if tuition rates continue to increase.,financial support,student_feedback,worried afford attend next semester tuition rate continue increase,9,1
I wish there were more resources available to help me learn how to manage my finances as a college student.,financial support,student_feedback,wish resource help learn manage finance college,7,1
The stress of paying for college is causing me to lose sleep and focus on my studies.,financial support,student_feedback,stress paying college causing lose sleep focus study,8,1
I'm frustrated that I have to work multiple jobs just to pay for my tuition and basic living expenses.,financial support,student_feedback,frustrated work multiple job pay tuition basic living expense,9,1
It's hard to focus on my studies when I'm constantly worried about how I'm going to pay for everything.,financial support,student_feedback,focus study constantly worried going pay everything,7,1
"I received a letter stating that I owe more money than I thought I did, and it's causing me a lot of financial stress.",financial support,student_feedback,received letter stating owe money thought causing financial stress,9,1
The lack of financial resources and support for low-income students is really disheartening.,financial support,student_feedback,lack financial resource low income disheartening,6,1
I feel like I'm constantly in a cycle of debt and it's hard to see a way out.,financial support,student_feedback,constantly cycle debt see way,5,1
I'm worried that I won't be able to pursue my dream career because I can't afford to attend graduate school.,financial support,student_feedback,worried pursue dream career afford attend graduate school,8,1
"Even though I have a job, it's still not enough to cover all of my expenses, and I'm struggling to make ends meet.",financial support,student_feedback,even though job enough cover expense struggling end meet,9,1
I'm frustrated that I have to choose between working to pay for my tuition and having enough time to study and succeed in my classes.,financial support,student_feedback,frustrated choose working pay tuition enough study succeed,8,1
The financial burden of college is causing a lot of students to drop out or take longer to complete their degree.,financial support,student_feedback,financial burden college causing drop longer complete degree,8,1
I wish there were more financial workshops and resources available on campus to help students learn about managing their money.,financial support,student_feedback,wish financial workshop resource help learn managing money,8,1
The constant worry and stress about finances is taking a toll on my mental health.,financial support,student_feedback,constant worry stress finance toll mental health,7,1
"I received a financial aid award that was much lower than I expected, and it's causing me a lot of financial strain.",financial support,student_feedback,received financial aid award much lower expected causing financial strain,10,1
The thought of graduating with thousands of dollars in student loan debt is really scary and overwhelming.,financial support,student_feedback,thought graduating thousand dollar loan debt scary overwhelming,8,1
I'm frustrated that students who come from wealthy families have an easier time affording college and accessing,financial support,student_feedback,frustrated come wealthy family easier affording college accessing,8,1
It's frustrating that my health insurance doesn't cover all of my medical expenses.,health and well-being support,student_feedback,frustrating health insurance cover medical expense,6,1
I'm struggling to pay for my medical expenses on top of my tuition and other bills.,health and well-being support,student_feedback,struggling pay medical expense top tuition bill,7,1
I wish the university offered better mental health care access for students.,health and well-being support,student_feedback,wish offered better mental health care,6,1
It's difficult to find affordable mental health care services.,health and well-being support,student_feedback,find affordable mental health care service,6,1
I'm concerned about the quality of mental health care I can afford.,health and well-being support,student_feedback,concerned quality mental health care afford,6,1
I can't afford the medical treatments I need without financial assistance.,health and well-being support,student_feedback,afford medical treatment without financial assistance,6,1
It's frustrating that mental health care isn't covered under my insurance plan.,health and well-being support,student_feedback,frustrating mental health care covered insurance plan,7,1
I've been denied coverage for my medical expenses and it's causing me a lot of stress.,health and well-being support,student_feedback,denied coverage medical expense causing stress,6,1
I feel like the university should do more to help students with their medical expenses.,health and well-being support,student_feedback,help medical expense,3,1
I'm worried about my mental health but can't afford to get the care I need.,health and well-being support,student_feedback,worried mental health afford care,5,1
The cost of medical treatment is preventing me from getting the care I need.,health and well-being support,student_feedback,cost medical treatment preventing care,5,1
I'm struggling to find a mental health care provider that accepts my insurance.,health and well-being support,student_feedback,struggling find mental health care provider accepts insurance,8,1
It's frustrating that mental health care is still stigmatized and not readily available.,health and well-being support,student_feedback,frustrating mental health care stigmatized readily,6,1
I wish the university had more resources for students who need mental health care.,health and well-being support,student_feedback,wish resource mental health care,5,1
The cost of medication and therapy is causing me a lot of financial stress.,health and well-being support,student_feedback,cost medication therapy causing financial stress,6,1
I'm worried about my ability to pay for my medical expenses and stay in school.,health and well-being support,student_feedback,worried pay medical expense stay school,6,1
It's unfair that some students have to choose between their health and their education.,health and well-being support,student_feedback,unfair choose health education,4,1
I'm having a hard time finding a mental health care provider who is accepting new patients.,health and well-being support,student_feedback,finding mental health care provider accepting new patient,8,1
The university's mental health care services are understaffed and overbooked.,health and well-being support,student_feedback,mental health care service understaffed overbooked,6,1
I wish there were more affordable options for mental health care in the area.,health and well-being support,student_feedback,wish affordable option mental health care area,7,1
It's frustrating that I have to pay for my medical expenses out of pocket and then wait for reimbursement.,health and well-being support,student_feedback,frustrating pay medical expense pocket wait reimbursement,7,1
I'm worried about the long-term financial impact of my medical expenses and student loans.,health and well-being support,student_feedback,worried long term financial impact medical expense loan,8,1
I feel like I'm drowning in medical debt and can't see a way out.,health and well-being support,student_feedback,drowning medical debt see way,5,1
The lack of affordable health insurance options for students is unacceptable.,health and well-being support,student_feedback,lack affordable health insurance option unacceptable,6,1
I'm concerned about the quality of care I can receive with the limited insurance options available to me.,health and well-being support,student_feedback,concerned quality care receive insurance option,6,0
I feel like my mental health care needs aren't being taken seriously by my insurance provider.,health and well-being support,student_feedback,mental health care need seriously insurance provider,7,1
I'm struggling to find a medication that works for me and doesn't break the bank.,health and well-being support,student_feedback,struggling find medication work break bank,6,1
"It's frustrating that the cost of medical treatment is so high, even with insurance.",health and well-being support,student_feedback,frustrating cost medical treatment high even insurance,7,1
I wish there were more options for affordable mental health care outside of the university.,health and well-being support,student_feedback,wish option affordable mental health care outside,7,1
I'm worried that I won't be able to afford the medical treatments I need if my insurance doesn't cover them.,health and well-being support,student_feedback,worried afford medical treatment insurance cover,6,1
I'm really frustrated with the lack of coverage in my health insurance plan. I've had to pay out of pocket for so many medical expenses that should have been covered.,health and well-being support,student_feedback,frustrated lack coverage health insurance plan pay pocket medical expense covered,11,1
"The cost of my medical expenses is really overwhelming. Even with my insurance, I still have to pay so much for doctor visits, medications, and treatments.",health and well-being support,student_feedback,cost medical expense overwhelming even insurance pay much doctor visit medication treatment,12,1
"I've been struggling with mental health issues for a while now, but I don't have access to affordable mental health care. It's really discouraging and makes me feel like I'm not being taken seriously.",health and well-being support,student_feedback,struggling mental health issue affordable mental health care discouraging make seriously,11,1
"Dealing with a chronic illness is already difficult enough, but the added stress of medical expenses is almost unbearable. I'm constantly worried about how I'm going to pay for my treatment.",health and well-being support,student_feedback,dealing chronic illness already enough added stress medical expense almost unbearable constantly worried going pay treatment,16,1
"I wish there were more options for mental health care on campus. It's hard to find affordable therapy or counseling, and the wait times for appointments are way too long.",health and well-being support,student_feedback,wish option mental health care find affordable therapy counseling wait time appointment way long,14,1
"I had to go to the emergency room for a medical emergency, and now I'm facing a huge bill that I don't know how to pay. It's really scary and overwhelming.",health and well-being support,student_feedback,emergency room medical emergency facing huge bill know pay scary overwhelming,11,1
"I've been trying to find a specialist for a specific medical condition, but it's been really difficult. There are limited options in my area and the ones that are available are really expensive.",health and well-being support,student_feedback,trying find specialist specific medical condition option area one expensive,10,1
"Mental health care should be a priority for universities, but it often feels like an afterthought. I wish there was more funding and resources dedicated to this important issue.",health and well-being support,student_feedback,mental health care priority university often feel afterthought wish funding resource dedicated important,13,1
"I've been experiencing some medical symptoms that I'm really worried about, but I can't afford to see a doctor. It's frustrating and scary to feel like my health is out of my control.",health and well-being support,student_feedback,experiencing medical symptom worried afford see doctor frustrating scary health control,11,1
"Even with health insurance, I'm constantly getting hit with unexpected medical bills. It's hard to budget for something when you don't even know what the cost will be.",health and well-being support,student_feedback,even health insurance constantly hit unexpected medical bill budget something even know cost,13,1
It's really frustrating that mental health care is often seen as a luxury rather than a necessity. We should be investing more in mental health resources and support for students.,health and well-being support,student_feedback,frustrating mental health care often seen luxury rather necessity investing mental health resource,13,1
"I'm really grateful for the health insurance coverage I have, but it doesn't cover everything. The cost of medications and specialist appointments is still really high.",health and well-being support,student_feedback,grateful health insurance coverage cover everything cost medication specialist appointment high,11,1
"I've been putting off going to the doctor for a while now because I'm worried about the cost. It's a tough decision to make, but I can't afford to pay for medical expenses right now.",health and well-being support,student_feedback,putting going doctor worried cost tough decision afford pay medical expense right,12,1
I wish there were more options for affordable health care on campus. It's hard to prioritize my health when the cost is so high.,health and well-being support,student_feedback,wish option affordable health care prioritize health cost high,9,1
Dealing with medical expenses is really stressful and overwhelming. I wish there were more resources available to help students navigate this complicated system.,health and well-being support,student_feedback,dealing medical expense stressful overwhelming wish resource help navigate complicated system,11,1
"Mental health care should be easily accessible to everyone, but it's not. It's frustrating that those who need it most often can't afford it.",health and well-being support,student_feedback,mental health care easily accessible frustrating often afford,8,1
"Even with insurance, I've had to pay thousands of dollars out of pocket for medical expenses. It's not fair that something like health care can be so financially crippling.",health and well-being support,student_feedback,even insurance pay thousand dollar pocket medical expense fair something health care financially crippling,14,1
"I've been struggling with a chronic illness for years, and the cost of treatment is really starting to add up. It's hard to prioritize my health when I'm constantly worried about money.",health and well-being support,student_feedback,struggling chronic illness year cost treatment starting add prioritize health constantly worried money,13,1
The lack of mental health resources on campus is really disappointing. It's hard to feel supported when there are so few options for care.,health and well-being support,student_feedback,lack mental health resource disappointing supported option care,8,1
I've had to choose between paying for necessary medical treatment and paying for other expenses like rent and groceries. It's not a decision anyone should have to make.,health and well-being support,student_feedback,choose paying necessary medical treatment paying expense rent grocery decision anyone,11,1
I wish there were more options for free or low-cost mental health care. It's hard to afford something that's so essential to our well-being.,health and well-being support,student_feedback,wish option free low cost mental health care afford something essential well,12,1
Dealing with medical bills and insurance claims is a full-time job,health and well-being support,student_feedback,dealing medical bill insurance claim full job,7,1
"1. As an international student, I find it difficult to communicate with my peers because of the language barrier. It's frustrating because I want to be involved in group projects and extracurricular activities, but I struggle to express myself properly.""",international student experiences,student_feedback,international find communicate peer language barrier frustrating want involved group project extracurricular activity struggle express properly,16,1
"2. ""I feel like there is a cultural gap between me and my classmates. Sometimes I don't understand the references they make or the way they approach certain topics. It makes it hard to feel like I'm truly part of the community.""",international student experiences,student_feedback,cultural gap classmate sometimes understand reference way approach certain topic make truly part community,14,1
"3. ""I wish there were more opportunities for international students to connect with each other. It can be comforting to talk to someone who understands the unique challenges we face, and it would help us feel less isolated.""",international student experiences,student_feedback,wish opportunity international connect comforting talk someone understands unique challenge face help less isolated,14,1
"4. ""I appreciate the efforts the university makes to provide resources for international students, but sometimes they don't go far enough. I wish there were more language support services and cultural events to help us feel more at home.""",international student experiences,student_feedback,appreciate effort make provide resource international sometimes far enough wish language service cultural event help home,16,1
"5. ""I struggle to participate in class discussions because I'm not confident in my language skills. It's frustrating because I feel like I have a lot to contribute, but I'm held back by my lack of fluency.""",international student experiences,student_feedback,struggle participate discussion confident language skill frustrating contribute held back lack fluency,12,1
"6. ""I wish there were more opportunities for cultural exchange on campus. It would be great to learn more about the backgrounds and experiences of my fellow students, and to share my own culture with them.""",international student experiences,student_feedback,wish opportunity cultural exchange great learn background experience fellow share culture,11,1
"7. ""It's hard to make friends as an international student because of the language and cultural barriers. I feel like I'm missing out on a lot of the social aspects of university life.""",international student experiences,student_feedback,friend international language cultural barrier missing social aspect life,9,1
"8. ""I appreciate the efforts of my professors to make the material accessible to international students, but sometimes it still feels like there's a divide between us and the domestic students.""",international student experiences,student_feedback,appreciate effort professor material accessible international sometimes feel divide domestic,10,1
"9. ""I wish there were more support systems in place for international students who are struggling to adjust. It can be overwhelming to navigate a new country and culture on your own.""",international student experiences,student_feedback,wish system place international struggling adjust overwhelming navigate new country culture,11,1
"10. ""I've had some negative experiences with other students who seem impatient or dismissive of my language difficulties. It's disheartening and makes me feel like an outsider.""",international student experiences,student_feedback,negative experience seem impatient dismissive language difficulty disheartening make outsider,10,1
"11. ""I feel like I have to work twice as hard as other students just to keep up. It's exhausting and stressful, and sometimes I wonder if it's even worth it.""",international student experiences,student_feedback,work twice keep exhausting stressful sometimes wonder even worth,9,1
"12. ""I wish there were more opportunities for language practice outside of the classroom. It's hard to improve my skills when I don't have many chances to speak with native speakers.""",international student experiences,student_feedback,wish opportunity language practice outside classroom improve skill chance speak native speaker,12,1
"13. ""Sometimes I feel like my professors don't fully understand the challenges I face as an international student. I wish there were more opportunities for them to hear our perspectives and concerns.""",international student experiences,student_feedback,sometimes professor fully understand challenge face international wish opportunity hear perspective concern,12,1
"14. ""I worry that my language difficulties will hold me back in my future career. It's frustrating to think that I might be judged more harshly than native speakers, even if I'm just as qualified.""",international student experiences,student_feedback,worry language difficulty hold back future career frustrating think might judged harshly native speaker even qualified,16,1
"15. ""I appreciate the diversity on campus, but sometimes it feels like there's a lack of understanding between different cultural groups. I wish there were more opportunities for us to come together and learn from each other.""",international student experiences,student_feedback,appreciate diversity sometimes feel lack understanding different cultural group wish opportunity come together learn,14,1
"16. ""I feel like my language difficulties sometimes make me seem less intelligent or capable than I really am. It's frustrating to feel like I'm not being judged fairly.""",international student experiences,student_feedback,language difficulty sometimes seem less intelligent capable frustrating judged fairly,10,1
"17. ""I wish there were more opportunities for international students to get involved in leadership positions on campus. It would be a great way to develop our skills and contribute to the university community.""",international student experiences,student_feedback,wish opportunity international involved leadership position great way develop skill contribute community,12,1
"18. ""It can be hard to navigate the social norms of a new culture. I've had some embarrassing moments where I didn't realize I was being rude or disrespectful.""",international student experiences,student_feedback,navigate social norm new culture embarrassing moment realize rude disrespectful,10,1
"19. ""I worry that my language difficulties will make it hard for me to network and make professional connections. It's frustrating to feel like I'm at a disadvantage compared to native speakers.""",international student experiences,student_feedback,worry language difficulty network professional connection frustrating disadvantage compared native speaker,11,1
"1. ""As an international student, I find it difficult to connect with my peers who speak a different language and have different cultural backgrounds than me. It's challenging to navigate social situations and form meaningful relationships.""",international student experiences,student_feedback,international find connect peer speak different language different cultural background challenging navigate social situation form meaningful relationship,17,1
"2. ""I wish the university offered more resources and support for international students who are struggling to communicate and connect with others. It can be isolating and overwhelming to be in a foreign country without a strong support system.""",international student experiences,student_feedback,wish offered resource international struggling communicate connect others isolating overwhelming foreign country without strong system,15,1
"3. ""I feel like I'm missing out on a lot of social opportunities because I struggle to communicate with other students who don't speak my language. It's frustrating and discouraging.""",international student experiences,student_feedback,missing social opportunity struggle communicate speak language frustrating discouraging,9,1
"4. ""I appreciate the efforts the university has made to create a diverse and inclusive environment, but as an international student, I still feel like an outsider. It's hard to find common ground with people who have such different experiences and perspectives.""",international student experiences,student_feedback,appreciate effort create diverse inclusive environment international outsider find common ground people different experience perspective,15,1
"5. ""I've been trying to improve my language skills and learn more about the culture of the country I'm studying in, but it's a slow process. Sometimes it feels like there's a language barrier that's impossible to overcome.""",international student experiences,student_feedback,trying improve language skill learn culture country studying slow process sometimes feel language barrier impossible overcome,16,1
"6. ""I think it would be helpful if the university organized more events and activities that are specifically designed to bring international and domestic students together. That way, we could learn from each other and build stronger relationships.""",international student experiences,student_feedback,think helpful organized event activity specifically designed bring international domestic together way learn build stronger relationship,16,1
"7. ""I appreciate the efforts of my fellow students to include me in their social circles, but sometimes I feel like they're just being polite and don't really want to get to know me. It's hard to know how to approach these situations.""",international student experiences,student_feedback,appreciate effort fellow include social circle sometimes polite want know know approach situation,13,1
"8. ""I wish the university offered more language classes and tutoring services for international students. It can be difficult to keep up with coursework when you're struggling to understand the language.""",international student experiences,student_feedback,wish offered language tutoring service international keep coursework struggling understand language,11,1
"9. ""I think it's important for the university to recognize the challenges that international students face and provide more support and resources to help us succeed academically and socially.""",international student experiences,student_feedback,think important recognize challenge international face provide resource help succeed academically socially,12,1
"10. ""Sometimes I feel like my cultural background is a barrier to making friends and fitting in with the rest of the student body. It's hard to know how to bridge that gap and find common ground with people who have such different experiences than me.""",international student experiences,student_feedback,sometimes cultural background barrier friend fitting rest body know bridge gap find common ground people different experience,17,1
"11. ""I appreciate the efforts of my professors and classmates to help me feel included and supported, but there are still times when I feel like I'm on the outside looking in. It's a tough position to be in.""",international student experiences,student_feedback,appreciate effort professor classmate help included supported time outside looking tough position,12,1
"12. ""I think it would be helpful if the university provided more opportunities for international students to get involved in campus organizations and clubs. That way, we could meet more people and feel more connected to the campus community.""",international student experiences,student_feedback,think helpful provided opportunity international involved organization club way meet people connected community,13,1
"13. ""I sometimes feel like I'm not taken seriously or my ideas aren't valued because of my accent or the way I express myself. It's discouraging and makes me feel like I don't belong.""",international student experiences,student_feedback,sometimes seriously idea valued accent way express discouraging make belong,10,1
"14. ""I appreciate the efforts of the university to create a welcoming environment for international students, but sometimes it feels like a lot of the burden is placed on us to adapt and assimilate. It would be nice to have more support and understanding from the rest of the campus community.""",international student experiences,student_feedback,appreciate effort create welcoming environment international sometimes feel burden placed adapt assimilate nice understanding rest community,16,1
"15. ""I've been trying to connect with other international students who speak the same language as me, but it's been difficult to find people who share my interests and hobbies. It can be isolating.""",international student experiences,student_feedback,trying connect international speak language find people share interest hobby isolating,11,1
"16. ""I think it's important for the university to provide more cultural competency training for all students and faculty. That way, we can all learn how to better communicate and interact with people from different backgrounds.""",international student experiences,student_feedback,think important provide cultural competency training faculty way learn better communicate interact people different background,15,1
"17. ""Sometimes I feel like my language and cultural differences are all people see when they look at me. I want to be recognized for my talents and abilities, not just my background.""",international student experiences,student_feedback,sometimes language cultural difference people see look want recognized talent ability background,12,1
"18. ""I think it's important for the university to create more opportunities for international students",international student experiences,student_feedback,think important create opportunity international,5,1
"1. ""I feel isolated and lonely sometimes because I can't connect with other students due to the language barrier. It's hard to join conversations and make friends when you don't speak the same language.""",international student experiences,student_feedback,isolated lonely sometimes connect due language barrier join conversation friend speak language,12,1
"2. ""I love the diversity on campus, but sometimes it's hard to communicate with international students because of the cultural differences. It can be frustrating trying to understand their perspectives and vice versa.""",international student experiences,student_feedback,love diversity sometimes communicate international cultural difference frustrating trying understand perspective vice versa,13,1
"3. ""I think it would be helpful if the university provided more opportunities for international and domestic students to interact and learn from each other. Maybe language classes or cultural events.""",international student experiences,student_feedback,think helpful provided opportunity international domestic interact learn maybe language cultural event,12,1
"4. ""I feel like I'm missing out on a lot because I can't fully participate in class discussions and group projects. It's hard to contribute when you don't have a full understanding of the language.""",international student experiences,student_feedback,missing fully participate discussion group project contribute full understanding language,10,1
"5. ""I appreciate the efforts that some professors make to accommodate international students, but I think there could be more support and resources available. Maybe a tutoring program or language exchange program.""",international student experiences,student_feedback,appreciate effort professor accommodate international think resource maybe tutoring program language exchange program,13,1
"6. ""It's frustrating when professors and classmates assume that all students are familiar with certain cultural references or idioms. It would be nice if there was more education and awareness around cultural differences.""",international student experiences,student_feedback,frustrating professor classmate assume familiar certain cultural reference idiom nice education awareness around cultural difference,15,1
"7. ""I've noticed that some international students are hesitant to speak up in class or ask questions because they're afraid of being misunderstood or judged. It would be great if the university provided more opportunities for them to practice their language skills in a safe and supportive environment.""",international student experiences,student_feedback,noticed international hesitant speak ask question afraid misunderstood judged great provided opportunity practice language skill safe supportive environment,18,1
"8. ""I think it would be helpful if the university provided more resources for international students who are struggling with language or cultural barriers. Maybe a mentorship program or support group.""",international student experiences,student_feedback,think helpful provided resource international struggling language cultural barrier maybe mentorship program group,13,1
"9. ""As a domestic student, I sometimes feel guilty that I don't know more about other cultures and languages. I wish there were more opportunities for me to learn and engage with international students.""",international student experiences,student_feedback,domestic sometimes guilty know culture language wish opportunity learn engage international,11,1
"10. ""I've had some great conversations and learned a lot from international students, but it can still be frustrating when we can't fully communicate. I think the university should invest more in language and culture education for all students.""",international student experiences,student_feedback,great conversation learned international frustrating fully communicate think invest language culture education,12,1
"11. ""I feel like I'm missing out on some of the benefits of a diverse student body because I can't fully connect with international students. It would be great if there were more opportunities for us to interact and learn from each other.""",international student experiences,student_feedback,missing benefit diverse body fully connect international great opportunity interact learn,11,1
"12. ""I think it's important for the university to prioritize language and cultural diversity in its recruitment efforts. We need more international students and domestic students from diverse backgrounds to create a truly inclusive community.""",international student experiences,student_feedback,think important prioritize language cultural diversity recruitment effort international domestic diverse background create truly inclusive community,16,1
"13. ""It can be difficult to navigate social situations with international students because there are often cultural norms and expectations that I'm not familiar with. I wish there were more resources available to help bridge these gaps.""",international student experiences,student_feedback,navigate social situation international often cultural norm expectation familiar wish resource help bridge gap,14,1
"14. ""I think it's important for the university to create a welcoming and inclusive environment for all students, regardless of their language or cultural background. We should celebrate our differences and learn from each other.""",international student experiences,student_feedback,think important create welcoming inclusive environment regardless language cultural background celebrate difference learn,13,1
"15. ""Sometimes I feel like there's a divide between international and domestic students, and it's hard to bridge that gap. I think the university should do more to encourage and facilitate cross-cultural interactions.""",international student experiences,student_feedback,sometimes divide international domestic bridge gap think encourage facilitate cross cultural interaction,12,1
"16. ""I've noticed that some international students struggle with homesickness and feeling isolated. It would be great if the university provided more resources and support for these students.""",international student experiences,student_feedback,noticed international struggle homesickness feeling isolated great provided resource,9,1
"17. ""I think it would be helpful if the university offered more language courses for students who want to learn a new language. This would not only help international students, but also domestic students who are interested in language and culture.""",international student experiences,student_feedback,think helpful offered language want learn new language help international domestic interested language culture,14,1
"18. ""I appreciate the diversity on campus, but sometimes it can be hard to navigate the different cultural norms and expectations. It would be great if the university provided more education and awareness around these issues.""",international student experiences,student_feedback,appreciate diversity sometimes navigate different cultural norm expectation great provided education awareness around issue,14,1
"19. ""I think it's important for the university to provide opportunities for international students to share their cultures and traditions",international student experiences,student_feedback,think important provide opportunity international share culture tradition,8,1
"1. ""I find it difficult to communicate with my peers who are from different countries. Sometimes, I struggle to understand their accents or the way they express themselves.""",international student experiences,student_feedback,find communicate peer different country sometimes struggle understand accent way express,11,1
"2. ""As an international student, I often feel left out in group activities as most students prefer to converse in their native language.""",international student experiences,student_feedback,international often left group activity prefer converse native language,9,1
"3. ""It can be frustrating to constantly have to explain my cultural background to others, especially when they don't seem interested in understanding.""",international student experiences,student_feedback,frustrating constantly explain cultural background others especially seem interested understanding,10,1
"4. ""I wish there were more opportunities to learn about different cultures and interact with students from diverse backgrounds.""",international student experiences,student_feedback,wish opportunity learn different culture interact diverse background,8,1
"5. ""The language barrier can make it hard to participate in class discussions, which can be isolating.""",international student experiences,student_feedback,language barrier participate discussion isolating,5,1
"6. ""I often feel like an outsider in social situations, as I struggle to connect with others due to cultural differences.""",international student experiences,student_feedback,often outsider social situation struggle connect others due cultural difference,10,1
"7. ""It would be great if the university could organize more events that celebrate cultural diversity and promote inclusivity.""",international student experiences,student_feedback,great organize event celebrate cultural diversity promote inclusivity,8,1
"8. ""As an international student, I sometimes feel like I'm being judged based on stereotypes and misconceptions about my home country.""",international student experiences,student_feedback,international sometimes judged based stereotype misconception home country,8,1
"9. ""I find it challenging to make friends with local students, as we often have different interests and experiences.""",international student experiences,student_feedback,find challenging friend local often different interest experience,8,1
"10. ""There's a lack of awareness and understanding about the challenges faced by international students, which can make it hard to feel supported.""",international student experiences,student_feedback,lack awareness understanding challenge faced international supported,7,1
"11. ""I wish there were more language support programs available to help me improve my English skills.""",international student experiences,student_feedback,wish language program help improve english skill,7,1
"12. ""It can be tough to adapt to a new culture and environment, especially when there are cultural differences that I'm not used to.""",international student experiences,student_feedback,tough adapt new culture environment especially cultural difference,8,1
"13. ""I feel like I have to constantly explain myself and my culture to others, which can be exhausting.""",international student experiences,student_feedback,constantly explain culture others exhausting,5,1
"14. ""It's hard to make connections with people when you don't share the same cultural references and experiences.""",international student experiences,student_feedback,connection people share cultural reference experience,6,1
"15. ""Sometimes, I feel like my accent is a barrier to effective communication with my peers and professors.""",international student experiences,student_feedback,sometimes accent barrier effective communication peer professor,7,1
"16. ""I wish there were more opportunities for international and local students to collaborate and work together on projects.""",international student experiences,student_feedback,wish opportunity international local collaborate work together project,8,1
"17. ""There's a lack of cultural sensitivity and awareness on campus, which can lead to misunderstandings and conflicts.""",international student experiences,student_feedback,lack cultural sensitivity awareness lead misunderstanding conflict,7,1
"18. ""It's frustrating when people make assumptions about me based on my race or ethnicity, without taking the time to get to know me as an individual.""",international student experiences,student_feedback,frustrating people assumption based race ethnicity without know individual,9,1
"19. ""As an international student, I sometimes feel like I'm not taken seriously in academic settings because of my accent or cultural background.""",international student experiences,student_feedback,international sometimes seriously academic setting accent cultural background,8,1
"20. ""I would love to see more cultural exchange programs offered by the university to help students learn from each other.""",international student experiences,student_feedback,love see cultural exchange program offered help learn,8,1
"21. ""It can be difficult to find common ground with people from vastly different cultures and backgrounds.""",international student experiences,student_feedback,find common ground people vastly different culture background,8,1
"22. ""I wish there were more resources available to help international students navigate the challenges of studying abroad.""",international student experiences,student_feedback,wish resource help international navigate challenge studying abroad,8,1
"23. ""I sometimes feel like I have to compromise my cultural identity in order to fit in with my peers.""",international student experiences,student_feedback,sometimes compromise cultural identity order fit peer,7,1
"24. ""It can be tough to balance the demands of academic work with the challenges of adapting to a new culture.""",international student experiences,student_feedback,tough balance demand academic work challenge adapting new culture,9,1
"25. ""I wish there were more opportunities to learn about the local culture and customs, as well as share my own cultural traditions with others.""",international student experiences,student_feedback,wish opportunity learn local culture custom well share cultural tradition others,11,1
"26. ""Sometimes, I feel like I'm not able to fully express myself or my opinions in discussions because of language barriers.""",international student experiences,student_feedback,sometimes fully express opinion discussion language barrier,7,1
"27. ""I would appreciate it if the university could offer more language support services to help me improve my communication skills.""",international student experiences,student_feedback,appreciate offer language service help improve communication skill,8,1
"28. ""It can be hard to navigate the social scene on campus when you don't share the same interests or cultural background as most students.""",international student experiences,student_feedback,navigate social scene share interest cultural background,7,1
"29. ""I find it difficult to build relationships with professors and academic advisors because of the language and cultural barriers.""",international student experiences,student_feedback,find build relationship professor academic advisor language cultural barrier,9,1
"30. ""I wish there were more opportunities for international students to share their perspectives and experiences with the wider campus community.""",international student experiences,student_feedback,wish opportunity international share perspective experience wider community,8,1
The online learning experience has been difficult due to poor internet connectivity and frequent technical difficulties.,online learning,student_feedback,online learning due poor internet connectivity frequent technical difficulty,9,4
Limited access to online resources has made it difficult to complete assignments and stay on track with coursework.,online learning,student_feedback,online resource complete assignment stay track coursework,7,2
Time zone differences for online classes have been a challenge for international students who have to adjust their schedules to accommodate the class times.,online learning,student_feedback,zone difference online challenge international adjust schedule accommodate time,9,4
"Professors have limited availability during online classes, which has made it difficult to get the support needed to succeed in the course.",online learning,student_feedback,professor availability online needed succeed,5,4
"Online students have limited access to internships and job opportunities, which puts them at a disadvantage compared to on-campus students.",online learning,student_feedback,online internship job opportunity put disadvantage compared,7,3
The lack of face-to-face interaction in online classes has made it difficult to engage with peers and build relationships with professors.,online learning,student_feedback,lack face face interaction online engage peer build relationship professor,10,4
Technical difficulties with online classes have caused some students to fall behind on coursework and struggle to catch up.,online learning,student_feedback,technical difficulty online caused fall behind coursework struggle catch,9,4
Limited access to online resources has made it difficult to find and access the materials needed to complete assignments and study for exams.,online learning,student_feedback,online resource find material needed complete assignment study exam,9,2
Time zone differences for online classes have made it challenging to balance coursework with other commitments and responsibilities.,online learning,student_feedback,zone difference online challenging balance coursework commitment responsibility,8,4
Limited availability of professors during online classes has made it difficult to get timely feedback and support on coursework.,online learning,student_feedback,availability professor online timely feedback coursework,6,4
Online students often miss out on networking opportunities and face-to-face interactions with professors and peers.,online learning,student_feedback,online often miss networking opportunity face face interaction professor peer,10,4
"The lack of access to on-campus resources, such as the library and student support services, has put online students at a disadvantage.",online learning,student_feedback,lack resource library service put online disadvantage,7,4
Technical difficulties with online classes have caused some students to become frustrated and lose motivation.,online learning,student_feedback,technical difficulty online caused become frustrated lose motivation,8,4
Limited access to online resources has made it difficult to fully engage with course material and succeed in the class.,online learning,student_feedback,online resource fully engage material succeed,6,2
Time zone differences for online classes have made it difficult to attend live lectures and participate in group activities.,online learning,student_feedback,zone difference online attend live lecture participate group activity,9,4
Limited availability of professors during online classes has made it difficult to get personalized attention and support.,online learning,student_feedback,availability professor online personalized attention,5,4
Online students often feel isolated and disconnected from the campus community.,online learning,student_feedback,online often isolated disconnected community,5,4
Technical difficulties with online classes have caused some students to question the effectiveness of online learning.,online learning,student_feedback,technical difficulty online caused question effectiveness online learning,8,4
Limited access to online resources has made it difficult to stay organized and keep track of assignments and deadlines.,online learning,student_feedback,online resource stay organized keep track assignment deadline,8,2
Time zone differences for online classes have made it difficult to balance coursework with work and other responsibilities.,online learning,student_feedback,zone difference online balance coursework work responsibility,7,4
Limited availability of professors during online classes has made it difficult to get the guidance needed to succeed in the course.,online learning,student_feedback,availability professor online guidance needed succeed,6,4
Online students often struggle to stay motivated and engaged in their coursework without the support of in-person interactions.,online learning,student_feedback,online often struggle stay motivated engaged coursework without person interaction,10,4
Technical difficulties with online classes have caused some students to fall behind and struggle to catch up.,online learning,student_feedback,technical difficulty online caused fall behind struggle catch,8,4
Limited access to online resources has made it difficult to fully participate in class discussions and activities.,online learning,student_feedback,online resource fully participate discussion activity,6,2
Time zone differences for online classes have made it difficult to attend office hours and get individualized attention from professors.,online learning,student_feedback,zone difference online attend office hour individualized attention professor,9,4
Limited availability of professors during online classes has made it difficult to get timely feedback on assignments and exams.,online learning,student_feedback,availability professor online timely feedback assignment exam,7,4
Online students often feel like they are missing out on the full college experience by not being on campus.,online learning,student_feedback,online often missing full college,5,4
Technical difficulties with online classes have caused some students to become discouraged and lose motivation.,online learning,student_feedback,technical difficulty online caused become discouraged lose motivation,8,4
Limited access to online resources has made it difficult to access additional support and resources for struggling students.,online learning,student_feedback,online resource additional resource struggling,5,2
Time zone differences for online classes have made it difficult to participate in group projects and work collaboratively with peers.,online learning,student_feedback,zone difference online participate group project work collaboratively peer,9,4
Online classes are not the same as in-person classes. I find it hard to stay engaged and motivated with online learning.,online learning,student_feedback,online person find stay engaged motivated online learning,8,4
Technical issues with the online platform make it difficult to participate in class and complete assignments.,online learning,student_feedback,technical issue online platform participate complete assignment,7,4
The lack of in-person interaction and support from professors has been challenging in my online courses.,online learning,student_feedback,lack person interaction professor challenging online,6,4
Online classes require a lot of self-discipline and time management skills that not all students have developed yet.,online learning,student_feedback,online self discipline management skill developed yet,7,4
It is difficult to build relationships with classmates and professors in an online setting.,online learning,student_feedback,build relationship classmate professor online setting,6,4
"The quality of education in online classes is not the same as in-person classes, and it can be frustrating to pay full tuition for a lesser experience.",online learning,student_feedback,quality education online person frustrating pay full tuition lesser,9,4
The lack of access to campus resources and facilities is a major downside to online classes.,online learning,student_feedback,lack resource facility major downside online,6,4
The time difference for international students can make it difficult to attend online classes and participate in group projects.,online learning,student_feedback,difference international attend online participate group project,7,4
The lack of face-to-face interaction in online classes makes it hard to ask questions and receive feedback.,online learning,student_feedback,lack face face interaction online make ask question receive feedback,10,4
"The online format can be especially challenging for hands-on courses like art, music, and lab-based sciences.",online learning,student_feedback,online format especially challenging hand art music lab based science,10,4
Limited access to technical resources and software can hinder the learning experience in online classes.,online learning,student_feedback,technical resource software hinder learning online,6,4
"It is challenging to maintain focus and avoid distractions during online classes, especially for students living in crowded or noisy environments.",online learning,student_feedback,challenging maintain focus avoid distraction online especially living crowded noisy environment,11,4
The increased screen time from online classes can cause eye strain and fatigue.,online learning,student_feedback,increased screen online cause eye strain fatigue,7,4
Online exams and assessments can be more challenging and stressful than in-person tests.,online learning,student_feedback,online exam assessment challenging stressful person test,7,4
It is difficult to stay motivated and accountable for completing online coursework without the structure of in-person classes.,online learning,student_feedback,stay motivated accountable completing online coursework without structure person,9,4
Online classes can exacerbate feelings of isolation and loneliness for students who struggle to make connections with peers.,online learning,student_feedback,online exacerbate feeling isolation loneliness struggle connection peer,8,4
Technical difficulties with online exams and quizzes can lead to anxiety and frustration.,online learning,student_feedback,technical difficulty online exam quiz lead anxiety frustration,8,4
The lack of access to professors during online classes can make it difficult to receive help and feedback on coursework.,online learning,student_feedback,lack professor online receive help feedback coursework,7,4
Online classes can make it harder to balance academic responsibilities with work or family obligations.,online learning,student_feedback,online harder balance academic responsibility work family obligation,8,4
Limited access to internships and job opportunities for online students can hinder their career prospects.,online learning,student_feedback,internship job opportunity online hinder career prospect,7,3
The lack of networking opportunities and professional development events for online students can be a major drawback.,online learning,student_feedback,lack networking opportunity professional development event online major drawback,9,1
The online format can make it challenging to participate in extracurricular activities and clubs.,online learning,student_feedback,online format challenging participate extracurricular activity club,7,4
Online classes can create a sense of disconnection from the campus community and culture.,online learning,student_feedback,online create sense disconnection community culture,6,4
It is harder to form study groups and collaborate with classmates in an online setting.,online learning,student_feedback,harder form study group collaborate classmate online setting,8,4
Technical difficulties with online class recordings can lead to missed lectures and important information.,online learning,student_feedback,technical difficulty online recording lead missed lecture important information,9,4
The lack of access to campus facilities like libraries and study spaces can make it harder to study and complete coursework.,online learning,student_feedback,lack facility library study space harder study complete coursework,9,1
Online classes can be particularly challenging for students who need hands-on assistance from professors or peers.,online learning,student_feedback,online particularly challenging hand assistance professor peer,7,4
The lack of in-person support and resources for mental health and wellness can make online classes particularly difficult for some students.,online learning,student_feedback,lack person resource mental health wellness online particularly,8,4
The lack of access to campus events and activities can make the college experience feel incomplete for online students.,online learning,student_feedback,lack event activity college incomplete online,6,4
The limited availability of online courses and programs can make it difficult for students to meet graduation requirements or pursue specific fields of study.,online learning,student_feedback,availability online program meet graduation requirement pursue specific field study,10,4
"Online classes are a convenient way to learn, but the technical difficulties I faced this semester made it very frustrating.",online learning,student_feedback,online convenient way learn technical difficulty faced semester frustrating,9,4
"I struggled with finding all the necessary resources for my online classes, and the limited access to them made it even harder.",online learning,student_feedback,struggled finding necessary resource online even harder,7,4
Being in a different time zone than my online classes made it hard to participate in live discussions and group work.,online learning,student_feedback,different zone online participate live discussion group work,8,4
It was difficult to get in touch with my professors during online classes and I often had to wait for days to receive a response.,online learning,student_feedback,touch professor online often wait day receive response,8,4
"As an online student, I feel like I'm missing out on internship and job opportunities that are only available to in-person students.",online learning,student_feedback,online missing internship job opportunity person,6,3
The lack of interaction and engagement in my online classes made it hard to stay motivated and focused on the material.,online learning,student_feedback,lack interaction engagement online stay motivated focused material,8,4
I wish there were more opportunities for online students to collaborate and connect with each other.,online learning,student_feedback,wish opportunity online collaborate connect,5,1
"The online platform we use for classes is outdated and difficult to navigate, which makes the learning experience more frustrating.",online learning,student_feedback,online platform outdated navigate make learning frustrating,7,4
"I struggled with managing my time effectively during online classes, especially with other commitments like work and family.",online learning,student_feedback,struggled managing effectively online especially commitment work family,8,4
The lack of face-to-face interaction in my online classes made it hard to build relationships with my classmates and professors.,online learning,student_feedback,lack face face interaction online build relationship classmate professor,9,4
The limited access to online tutoring and academic support made it hard to succeed in my classes.,online learning,student_feedback,online tutoring academic succeed,4,2
"I experienced a lot of technical difficulties during my online exams, which caused me a lot of stress and anxiety.",online learning,student_feedback,experienced technical difficulty online exam caused stress anxiety,8,4
"The online class discussion boards were often filled with unhelpful and irrelevant comments, which made it hard to engage with the material.",online learning,student_feedback,online discussion board often filled unhelpful irrelevant comment engage material,10,4
"I feel like I'm not getting my money's worth with online classes, as the learning experience isn't the same as in-person classes.",online learning,student_feedback,money worth online learning person,5,4
It's hard to feel connected to my university and the campus community when I'm taking classes online from a different location.,online learning,student_feedback,connected community online different location,5,4
The lack of structure and routine in my online classes made it hard to stay motivated and focused on the material.,online learning,student_feedback,lack structure routine online stay motivated focused material,8,4
"I had difficulty adjusting to the online learning environment, and I feel like I'm not getting the same quality education as in-person students.",online learning,student_feedback,adjusting online learning environment quality education person,7,4
The online classes are not accommodating to students with different learning styles and preferences.,online learning,student_feedback,online accommodating different learning style preference,6,4
The lack of in-person feedback and interaction with my professors made it hard to improve my skills and knowledge.,online learning,student_feedback,lack person feedback interaction professor improve skill knowledge,8,1
"As an online student, I feel isolated and disconnected from the campus community and extracurricular activities.",online learning,student_feedback,online isolated disconnected community extracurricular activity,6,4
The limited access to online library resources and research databases made it hard to complete assignments and projects.,online learning,student_feedback,online library resource research database complete assignment project,8,2
"It's frustrating to have to rely on technology for my education, especially when it's not always reliable or user-friendly.",online learning,student_feedback,frustrating rely technology education especially always reliable user friendly,9,1
"I feel like online classes aren't preparing me for the real world and workplace, where in-person communication and collaboration are essential skills.",online learning,student_feedback,online preparing real world workplace person communication collaboration essential skill,10,4
"The online platform we use for classes is not accessible for students with disabilities, which is a major issue.",online learning,student_feedback,online platform accessible disability major,5,4
I wish there were more opportunities for online students to interact with professors and receive feedback on their work.,online learning,student_feedback,wish opportunity online interact professor receive feedback work,8,4
The lack of structure and clear expectations in my online classes made it hard to know what was expected of me and how to succeed.,online learning,student_feedback,lack structure clear expectation online know expected succeed,8,4
"As an online student, I feel like I'm not receiving the same level of support and resources as in-person students.",online learning,student_feedback,online receiving level resource person,5,4
"I had to spend a lot of money on additional technology and equipment to participate in my online classes, which was a financial burden.",online learning,student_feedback,spend money additional technology equipment participate online financial burden,9,4
The lack of hands-on learning and practical experience in my online classes made it hard to apply the knowledge to real-world situations.,online learning,student_feedback,lack hand learning practical online apply knowledge real world situation,10,4
I feel like I'm missing out on the social and networking opportunities that come with in-person classes and campus events.,online learning,student_feedback,missing social networking opportunity come person event,7,1
"""I recently applied for a military certificate through the student affairs office, but it's been weeks and I haven't received any update on the status of my application.""",student affairs,student_feedback,recently applied military certificate affair office week received update status application,11,1
"""The student affairs office seems to be disorganized and inefficient when it comes to managing birth certificates. I had to make multiple trips to their office just to get mine processed.""",student affairs,student_feedback,affair office seems disorganized inefficient come managing birth certificate multiple trip office mine processed,14,1
"""I need my training certificate for an internship opportunity, but the student affairs office keeps giving me the runaround and hasn't provided any clear timeline for when I can expect to receive it.""",student affairs,student_feedback,training certificate internship affair office keep giving runaround provided clear timeline expect receive,13,1
"""The process for obtaining student certificates is unnecessarily complicated and time-consuming. It's taking away from my ability to focus on my studies.""",student affairs,student_feedback,process obtaining certificate unnecessarily complicated consuming away focus study,9,1
"""The student affairs office needs to do a better job of communicating with students about the status of their certificate requests. It's frustrating not knowing where things stand.""",student affairs,student_feedback,affair office need better job communicating status certificate request frustrating knowing thing stand,13,1
"""I submitted my military certificate application on time, but the student affairs office failed to process it in a timely manner, causing me to miss out on a scholarship opportunity.""",student affairs,student_feedback,submitted military certificate application affair office failed process timely manner causing miss scholarship,13,1
"""The student affairs office needs to streamline their processes for managing birth certificates. It shouldn't take weeks to get a simple document processed.""",student affairs,student_feedback,affair office need streamline process managing birth certificate week simple document processed,12,1
"""I've been waiting for my training certificate for over a month now, and every time I follow up with the student affairs office, they tell me it's still being processed.""",student affairs,student_feedback,waiting training certificate month every follow affair office tell processed,10,1
"""The lack of transparency in the student affairs office's certificate management processes is unacceptable. Students deserve better communication and clearer timelines.""",student affairs,student_feedback,lack transparency affair office certificate management process unacceptable deserve better communication clearer timeline,13,1
"""I've had nothing but frustration and delays in trying to obtain my student certificates. The student affairs office needs to overhaul their processes and make it easier for students to get what they need.""",student affairs,student_feedback,nothing frustration delay trying obtain certificate affair office need overhaul process easier,12,1
"""The student affairs office seems to prioritize administrative tasks over student needs. It's time for them to focus on improving their services for students.""",student affairs,student_feedback,affair office seems prioritize administrative task need focus improving service,10,1
"""I had to wait in line for hours just to submit my military certificate application, and it still hasn't been processed. This is unacceptable.""",student affairs,student_feedback,wait line hour submit military certificate application processed unacceptable,9,1
"""The student affairs office should provide online options for submitting and tracking certificate requests. It would save students a lot of time and hassle.""",student affairs,student_feedback,affair office provide online option submitting tracking certificate request save hassle,11,1
"""I've heard from multiple students that the student affairs office is notoriously slow when it comes to processing birth certificates. It's time for them to make some changes.""",student affairs,student_feedback,heard multiple affair office notoriously slow come processing birth certificate change,11,1
"""The student affairs office needs to take responsibility for their mistakes and improve their processes for managing certificates. Students shouldn't have to suffer because of their incompetence.""",student affairs,student_feedback,affair office need responsibility mistake improve process managing certificate suffer incompetence,11,1
"""I'm worried that my training certificate won't be processed in time for me to start my internship. The student affairs office needs to prioritize student needs and make sure these documents are processed quickly.""",student affairs,student_feedback,worried training certificate processed start internship affair office need prioritize need sure document processed quickly,15,1
"""The lack of organization and communication in the student affairs office is causing a lot of unnecessary stress for students. It's time for them to step up and do better.""",student affairs,student_feedback,lack organization communication affair office causing unnecessary stress step better,10,1
"""I've had to jump through so many hoops just to get my student certificates. The student affairs office needs to simplify their processes and make it easier for students to get what they need.""",student affairs,student_feedback,jump hoop certificate affair office need simplify process easier,9,1
"""I've had to miss multiple classes just to go to the student affairs office and follow up on my certificate requests. This is unacceptable and needs to change.""",student affairs,student_feedback,miss multiple affair office follow certificate request unacceptable need change,10,1
"""The student affairs office needs to invest in better technology and systems for managing certificates. It's 2023, and we shouldn't still be dealing with paper forms and long wait times.""",student affairs,student_feedback,affair office need invest better technology system managing certificate dealing paper form long wait time,15,1
"""I'm tired of feeling like I have to beg for my own certificates. The student affairs office needs to start prioritizing student needs over bureaucratic red tape.""",student affairs,student_feedback,tired feeling beg certificate affair office need start prioritizing need bureaucratic red tape,13,1
"""I submitted my birth certificate application weeks ago, but the student affairs office still",student affairs,student_feedback,submitted birth certificate application week ago affair office,8,1
an provide some sample reports that may reflect the experiences of university students with regards to student affairs and managing various certificates. Please note that these are hypothetical reports and may not reflect the experiences of any specific individual or group.,student affairs,student_feedback,provide sample report may reflect experience regard affair managing various certificate note hypothetical report may reflect experience specific individual group,20,1
"""I've been trying to get my military certificate verified by the university for weeks now, but every time I go to the office they tell me there's a problem with the paperwork. It's frustrating because I need this certificate to apply for certain internships.""",student affairs,student_feedback,trying military certificate verified week every office tell paperwork frustrating certificate apply certain internship,14,1
"""The process for obtaining my birth certificate through the university has been a nightmare. The website was difficult to navigate and the customer service was unhelpful. It's ridiculous that something so important has to be so difficult to obtain.""",student affairs,student_feedback,process obtaining birth certificate nightmare website navigate customer service unhelpful ridiculous something important obtain,14,1
"""I received my training certificate from a course I took over the summer, but the university won't accept it because it's from a non-accredited institution. This is frustrating because the course was relevant to my major and I learned a lot from it.""",student affairs,student_feedback,received training certificate took summer accept non accredited institution frustrating relevant major learned,13,1
"""I've had multiple issues with the student affairs office regarding scheduling conflicts and paperwork errors. It seems like they're understaffed and overwhelmed, but it's frustrating when it affects my ability to graduate on time.""",student affairs,student_feedback,multiple issue affair office regarding scheduling conflict paperwork error seems understaffed overwhelmed frustrating affect graduate,15,1
"""The process for ordering official transcripts from the university is unnecessarily complicated. It should be as simple as submitting a request online, but instead I have to navigate a confusing system and wait weeks for it to be processed.""",student affairs,student_feedback,process ordering official transcript unnecessarily complicated simple submitting request online instead navigate confusing system wait week processed,17,1
"""I've been trying to update my personal information with the university, but the website keeps glitching and I can't get through to customer service. It's frustrating because this information is important for communication and academic purposes.""",student affairs,student_feedback,trying update personal information website keep glitching customer service frustrating information important communication academic purpose,15,1
"""I recently applied for a scholarship through the university, but the application process was confusing and the instructions were unclear. It's frustrating to spend so much time on an application only to find out that I didn't meet the criteria.""",student affairs,student_feedback,recently applied scholarship application process confusing instruction unclear frustrating spend much application find meet criterion,15,1
"""The university should provide more resources for students who are applying for internships and jobs. It's difficult to navigate the job market on your own, and career services is often understaffed and overworked.""",student affairs,student_feedback,provide resource applying internship job navigate job market career service often understaffed overworked,13,3
"""I've had issues with financial aid and scholarships, and it seems like the university is always changing their policies and requirements. It's frustrating because I rely on this support to continue my education.""",student affairs,student_feedback,issue financial aid scholarship seems always changing policy requirement frustrating rely continue education,13,1
"""The university should prioritize mental health resources for students. It's a stressful time in our lives and it's important to have access to counseling and support services when we need it.""",student affairs,student_feedback,prioritize mental health resource stressful life important counseling service,9,1
"1. ""The cost of rent in the area around the university is just too high, and it's really hard to find affordable housing that's also close to campus.""",housing and transportation,student_feedback,cost rent area around high find affordable housing close,9,1
"2. ""I've had to commute from the suburbs to the university every day, and the public transportation system is just not reliable enough. I've been late to class several times because of delays and cancellations.""",housing and transportation,student_feedback,commute suburb every day public transportation system reliable enough late several time delay cancellation,14,1
"3. ""Finding a parking spot on campus is nearly impossible, and the parking fees are exorbitant. It's just not worth it to bring my car to school.""",housing and transportation,student_feedback,finding parking spot nearly impossible parking fee exorbitant worth bring car school,12,1
"4. ""The apartments in the university area are often run-down and poorly maintained, which makes it difficult to focus on studying when I'm living in such a stressful environment.""",housing and transportation,student_feedback,apartment area often run poorly maintained make focus studying living stressful environment,12,1
"5. ""I have to take two buses and a train just to get to campus, and the trip takes over an hour each way. It's exhausting and it takes away from my study time.""",housing and transportation,student_feedback,two bus train trip take hour way exhausting take away study,11,1
"6. ""The traffic around campus is always terrible, and it can take me up to an hour just to travel a few miles. It's frustrating and stressful.""",housing and transportation,student_feedback,traffic around always terrible hour travel mile frustrating stressful,9,1
"7. ""I've been looking for affordable housing near campus for months, but everything is either too expensive or too far away. It's discouraging and I'm not sure what to do.""",housing and transportation,student_feedback,looking affordable housing near month everything either expensive far away discouraging sure,12,1
"8. ""The public transportation system is so overcrowded during peak hours that it's often impossible to get a seat, and I end up standing for the entire ride to campus.""",housing and transportation,student_feedback,public transportation system overcrowded peak hour often impossible seat end standing entire ride,13,1
"9. ""The housing options near campus are very limited, and many landlords take advantage of the high demand by charging outrageous prices for subpar apartments.""",housing and transportation,student_feedback,housing option near landlord advantage high demand charging outrageous price subpar apartment,12,1
"10. ""I rely on public transportation to get to campus, but the buses are often late or don't show up at all. It's frustrating and makes it hard to plan my day.""",housing and transportation,student_feedback,rely public transportation bus often late show frustrating make plan day,11,1
"11. ""I have to commute for over an hour each way to get to campus, and the time and money I spend on transportation really add up.""",housing and transportation,student_feedback,commute hour way money spend transportation add,7,1
"12. ""I've had to switch apartments several times because of problems with landlords or roommates, and it's really disrupted my studies and my life.""",housing and transportation,student_feedback,switch apartment several time problem landlord roommate disrupted study life,10,1
"13. ""The public transportation system shuts down early in the evening, which makes it hard for me to attend evening classes or study sessions.""",housing and transportation,student_feedback,public transportation system shuts early evening make attend evening study session,11,1
"14. ""The university should do more to provide affordable and accessible housing options for students, especially those from low-income backgrounds.""",housing and transportation,student_feedback,provide affordable accessible housing option especially low income background,9,1
"15. ""I've had to take out loans just to cover the cost of housing and transportation, which adds to the stress and pressure of being a student.""",housing and transportation,student_feedback,loan cover cost housing transportation add stress pressure,8,1
"16. ""The public transportation system is often overcrowded and noisy, which makes it hard to concentrate on studying or getting any work done.""",housing and transportation,student_feedback,public transportation system often overcrowded noisy make concentrate studying work done,11,1
"17. ""I've had to resort to sleeping on a friend's couch because I can't afford the rent in the university area, and it's really taking a toll on my mental health.""",housing and transportation,student_feedback,resort sleeping friend couch afford rent area toll mental health,10,1
"18. ""The lack of affordable and safe housing options near campus is a serious issue that the university needs to address.""",housing and transportation,student_feedback,lack affordable safe housing option near serious need address,9,1
"19. ""I've had to miss class several times because of transportation issues, and it's really hurt my grades and my overall academic performance.""",housing and transportation,student_feedback,miss several time transportation issue hurt grade overall academic performance,10,1
"20. ""The university should provide more support and resources for students who live off-campus, especially those who are struggling with housing and transportation issues.""",housing and transportation,student_feedback,provide resource live especially struggling housing transportation issue,8,1
"21. ""The high cost of housing and transportation is a barrier that prevents many students from pursuing higher education, and it's a problem that needs to be addressed at a systemic level.""",housing and transportation,student_feedback,high cost housing transportation barrier prevents pursuing higher education need addressed systemic level,13,1
"22. ""The long commute to and from campus takes up so much of my day that I don't have much time or energy left for studying or extracurricular activities.""",housing and transportation,student_feedback,long commute take much day much energy left studying extracurricular activity,11,1
"23. ""The public transportation system is often unreliable and unsafe, which makes me feel anxious and stressed every time",housing and transportation,student_feedback,public transportation system often unreliable unsafe make anxious stressed every,10,1
"1. ""I've been living off-campus for a year now and finding affordable housing near the university is a nightmare. I wish there were more affordable options for students.""",housing and transportation,student_feedback,living year finding affordable housing near nightmare wish affordable option,10,1
"2. ""The transportation system in my city is not reliable at all, I've had to miss multiple classes due to late buses and trains.""",housing and transportation,student_feedback,transportation system city reliable miss multiple due late bus train,10,1
"3. ""It's so frustrating having to pay such high rent for a tiny apartment that's miles away from the university.""",housing and transportation,student_feedback,frustrating pay high rent tiny apartment mile away,8,1
"4. ""I've had to switch apartments multiple times because my landlord kept increasing the rent without warning. It's not fair for students who are already struggling to make ends meet.""",housing and transportation,student_feedback,switch apartment multiple time landlord kept increasing rent without warning fair already struggling end meet,15,1
"5. ""The public transportation in my city is so crowded during peak hours, it's impossible to get a seat.""",housing and transportation,student_feedback,public transportation city crowded peak hour impossible seat,8,1
"6. ""I've had to drop out of a few classes because the bus schedule didn't line up with my class schedule.""",housing and transportation,student_feedback,drop bus schedule line schedule,5,4
"7. ""Finding a parking spot near the university is a nightmare, and the parking fees are outrageous.""",housing and transportation,student_feedback,finding parking spot near nightmare parking fee outrageous,8,1
"8. ""The nearest grocery store is a 30-minute bus ride away, making it difficult to buy fresh groceries.""",housing and transportation,student_feedback,nearest grocery store minute bus ride away buy fresh grocery,10,1
"9. ""I have to walk 20 minutes to the bus stop every day, which is not ideal during the winter months.""",housing and transportation,student_feedback,walk minute bus stop every day ideal winter month,9,1
"10. ""I wish the university would provide more affordable housing options for students who can't afford to pay rent in the city.""",housing and transportation,student_feedback,wish provide affordable housing option afford pay rent city,9,1
"11. ""The bus service in my area is so infrequent, it's impossible to get anywhere on time.""",housing and transportation,student_feedback,bus service area infrequent impossible anywhere,6,1
"12. ""The housing options near the university are so limited, it's impossible to find a decent place to live.""",housing and transportation,student_feedback,housing option near impossible find decent place live,8,1
"13. ""I had to take out a student loan just to be able to afford the rent for my apartment.""",housing and transportation,student_feedback,loan afford rent apartment,4,1
"14. ""The rent for a one-bedroom apartment near the university is more than my monthly student loan payment.""",housing and transportation,student_feedback,rent bedroom apartment near monthly loan payment,7,1
"15. ""I've had to share a room with a stranger just to be able to afford rent.""",housing and transportation,student_feedback,share room stranger afford rent,5,1
"16. ""I've had to borrow money from my parents just to be able to pay for rent and transportation costs.""",housing and transportation,student_feedback,borrow money parent pay rent transportation cost,7,1
"17. ""The nearest bus stop is a 15-minute walk away from my apartment, which is not ideal during the winter months.""",housing and transportation,student_feedback,nearest bus stop minute walk away apartment ideal winter month,10,1
"18. ""The university should provide shuttle buses to off-campus students, especially during peak class times.""",housing and transportation,student_feedback,provide shuttle bus especially peak time,6,1
"19. ""I wish the university would provide more affordable parking options for students who have to drive to class.""",housing and transportation,student_feedback,wish provide affordable parking option drive,6,1
"20. ""The traffic near the university is so bad during peak hours, it's impossible to get anywhere on time.""",housing and transportation,student_feedback,traffic near bad peak hour impossible anywhere,7,1
"21. ""The rent prices near the university are so high, it's impossible to live without roommates.""",housing and transportation,student_feedback,rent price near high impossible live without roommate,8,1
"22. ""I've had to move to a different city just to be able to afford housing and transportation costs.""",housing and transportation,student_feedback,move different city afford housing transportation cost,7,1
"23. ""The bus stops near my apartment are not well-lit, making it feel unsafe to wait for the bus at night.""",housing and transportation,student_feedback,bus stop near apartment well lit unsafe wait bus night,10,1
"24. ""I wish there were more bike lanes near the university, it would make it easier to commute by bike.""",housing and transportation,student_feedback,wish bike lane near easier commute bike,7,1
"25. ""The public transportation in my city is not accessible for students with disabilities.""",housing and transportation,student_feedback,public transportation city accessible disability,5,1
"26. ""I've had to take a part-time job just to be able to afford rent and transportation costs.""",housing and transportation,student_feedback,part job afford rent transportation cost,6,1
"27. ""The university should provide more affordable on-campus housing options for students who can't afford to live off-campus.""",housing and transportation,student_feedback,provide affordable housing option afford live,6,1
"28. ""I wish the university would provide more information about affordable housing options near the university.""",housing and transportation,student_feedback,wish provide information affordable housing option near,7,1
"29. ""The housing options near the university are so limited, it's impossible to find a place to live that's not infested with pests.""",housing and transportation,student_feedback,housing option near impossible find place live infested pest,9,1
"30. ""The university should provide more information about transportation options for students who live off-campus.""",housing and transportation,student_feedback,provide information transportation option live,5,1
"31. ""The parking lots near the university are always full, making it impossible to find a spot.""",housing and transportation,student_feedback,parking lot near always full impossible find spot,8,1
"1. ""I'm really struggling to find affordable housing close to campus. Everything seems to be way out of my budget, and it's frustrating to feel like I have to compromise on the quality of my living situation just to be able to afford rent.""",housing and transportation,student_feedback,struggling find affordable housing close everything seems way budget frustrating compromise quality living situation afford rent,16,1
"2. ""The public transportation options in this area are terrible. Buses are always late or overcrowded, and there are never enough taxis or ride-sharing services available. It's making it really difficult for me to get to class on time and stay on top of my schedule.""",housing and transportation,student_feedback,public transportation option area terrible bus always late overcrowded never enough taxi ride sharing service stay top schedule,18,1
"3. ""I feel like the university should be doing more to provide affordable housing options for students. It's not fair that we have to choose between living in subpar conditions or going into debt just to afford rent.""",housing and transportation,student_feedback,provide affordable housing option fair choose living subpar condition going debt afford rent,13,1
"4. ""I don't have a car, and the only transportation option near my apartment is the bus. But the bus route doesn't go directly to campus, so I have to transfer multiple times just to get to class. It's a huge waste of time and energy.""",housing and transportation,student_feedback,car transportation option near apartment bus bus route directly transfer multiple time huge waste energy,15,1
"5. ""The housing market in this area is so competitive that I feel like I'm constantly battling with other students to find a decent place to live. It's stressful and exhausting, and I wish there were more options available to us.""",housing and transportation,student_feedback,housing market area competitive constantly battling find decent place live stressful exhausting wish option,14,1
"6. ""The cost of rent in this area is astronomical. I'm already working a part-time job just to make ends meet, and it's frustrating to feel like I'm barely scraping by even though I'm a full-time student.""",housing and transportation,student_feedback,cost rent area astronomical already working part job end meet frustrating barely scraping even though full,16,1
"7. ""I'm really disappointed with the state of the public transportation system here. It's unreliable and inconvenient, and it's making it really difficult for me to stay on top of my studies and extracurricular activities.""",housing and transportation,student_feedback,disappointed state public transportation system unreliable inconvenient stay top study extracurricular activity,12,1
"8. ""I feel like the university should be doing more to incentivize landlords to offer affordable housing to students. It's not fair that we have to pay so much just to have a place to live while we're pursuing our degrees.""",housing and transportation,student_feedback,incentivize landlord offer affordable housing fair pay much place live pursuing degree,12,1
"9. ""The lack of affordable housing options in this area is really limiting my choices. I feel like I have to settle for a place that's far away from campus and not very nice, just because it's the only thing I can afford.""",housing and transportation,student_feedback,lack affordable housing option area limiting choice settle place far away nice thing afford,14,1
"10. ""I have to rely on public transportation to get around, but the bus schedule is so sporadic that I'm constantly running late for classes and appointments. It's really frustrating and stressful.""",housing and transportation,student_feedback,rely public transportation around bus schedule sporadic constantly running late appointment frustrating stressful,13,1
"1. ""I've been looking for ways to explore the area around campus and get to know the city better, but it's hard to find affordable and convenient transportation options. I wish there were more affordable shuttle services or student discounts for public transit.""",activities and travelling,student_feedback,looking way explore area around know city better find affordable convenient transportation option wish affordable shuttle service discount public transit,20,1
"2. ""I'm really interested in trying out some new outdoor activities, but I don't know where to start. It would be great if the university offered more organized trips and activities, like hiking or kayaking, so that I could explore the area with other students.""",activities and travelling,student_feedback,interested trying new outdoor activity know start great offered organized trip activity hiking kayaking explore area,16,1
"3. ""I've been feeling really burned out lately, and I think it's because I haven't had a chance to take a break and do something fun outside of class. I wish there were more social events and activities on campus that were geared towards stress relief and self-care.""",activities and travelling,student_feedback,feeling burned lately think chance break something fun outside wish social event activity geared towards stress relief self care,19,1
"4. ""I'm from out of town, and I'm having a hard time finding my way around the city. It would be great if the university offered more orientation sessions or tours for new students, so that we could feel more confident and comfortable navigating the area.""",activities and travelling,student_feedback,town finding way around city great offered orientation session tour new confident comfortable navigating area,15,1
"5. ""I'm interested in studying abroad, but I'm not sure where to start. It would be great if the university had more resources and support for students who are considering international programs or trips.""",activities and travelling,student_feedback,interested studying abroad sure start great resource considering international program trip,11,1
"6. ""I'm a transfer student, and I feel like I'm missing out on a lot of the traditional college experiences like road trips and spring break. It would be great if there were more organized trips and activities for transfer students, so that we could feel more connected to the university community.""",activities and travelling,student_feedback,transfer missing traditional college experience road trip spring break great organized trip activity transfer connected community,16,1
"7. ""I love exploring new places and trying new things, but it's hard to find the time and money to do so while I'm in school. It would be great if there were more affordable and accessible travel options for students, like student discounts on airfare or organized weekend trips.""",activities and travelling,student_feedback,love exploring new place trying new thing find money school great affordable accessible travel option discount airfare organized weekend trip,20,1
"8. ""I'm interested in getting involved in outdoor activities and adventure sports, but I don't have a lot of experience. It would be great if the university offered more beginner-friendly courses and workshops, so that I could build my skills and confidence in a supportive environment.""",activities and travelling,student_feedback,interested involved outdoor activity adventure sport great offered beginner friendly workshop build skill confidence supportive environment,16,1
"9. ""I'm interested in exploring the arts and cultural scene in the city, but I'm not sure where to start. It would be great if the university offered more organized trips and events to museums, galleries, and theaters, so that I could discover new things and learn from other students.""",activities and travelling,student_feedback,interested exploring art cultural scene city sure start great offered organized trip event museum gallery theater discover new thing learn,20,1
"10. ""I'm passionate about sustainability and the environment, and I would love to get involved in eco-tourism or sustainable travel. It would be great if the university had more resources and support for students who are interested in these topics, so that we could learn about sustainable travel options and make more informed choices.""",activities and travelling,student_feedback,passionate sustainability environment love involved eco tourism sustainable travel great resource interested topic learn sustainable travel option informed choice,19,1
"1. ""I went on a trip with the university's travel club, but the accommodations were terrible. The hotel was dirty and uncomfortable, and it really detracted from the overall experience.""",activities and travelling,student_feedback,went trip travel club accommodation terrible hotel dirty uncomfortable detracted overall,11,1
"2. ""I was really excited to go on a weekend trip with my friends, but the transportation ended up being a nightmare. Our bus broke down on the side of the road, and we ended up being stranded for hours.""",activities and travelling,student_feedback,excited weekend trip friend transportation ended nightmare bus broke side road ended stranded hour,14,1
"3. ""I wish there were more affordable travel options for students. It's hard to justify spending a ton of money on a trip when we're already struggling to make ends meet with tuition and living expenses.""",activities and travelling,student_feedback,wish affordable travel option justify spending ton money trip already struggling end meet tuition living expense,16,1
"4. ""I love exploring new places and trying new things, but it's hard to do that on a student budget. I wish there were more free or low-cost activities available in the area.""",activities and travelling,student_feedback,love exploring new place trying new thing budget wish free low cost activity area,14,1
"5. ""I went on a trip to a nearby city with the school's travel program, but I felt like we didn't get to see as much as we could have. The itinerary was too packed, and we didn't have enough time to really explore and enjoy each location.""",activities and travelling,student_feedback,went trip nearby city school travel program felt see much itinerary packed enough explore enjoy location,16,1
"6. ""I'm always looking for fun and interesting things to do on the weekends, but it seems like everything costs money. I wish there were more free events and activities available for students.""",activities and travelling,student_feedback,always looking fun interesting thing weekend seems everything cost money wish free event activity,14,1
"7. ""I went on a study abroad program, but I felt like I didn't get enough support from the school. I had trouble adjusting to the new culture and environment, and I wish there had been more resources available to help me.""",activities and travelling,student_feedback,went study abroad program felt enough school trouble adjusting new culture environment wish resource help,15,1
"8. ""I'm really interested in outdoor activities like hiking and camping, but I don't have a car to get to the nearest parks and trails. It's frustrating to feel like I'm missing out on something that I really enjoy.""",activities and travelling,student_feedback,interested outdoor activity hiking camping car nearest park trail frustrating missing something enjoy,13,1
"9. ""I went on a trip with a student organization, but the leaders didn't seem very organized. We were always running late or missing important details, and it made the trip more stressful than it needed to be.""",activities and travelling,student_feedback,went trip organization leader seem organized always running late missing important detail trip stressful needed,15,1
"10. ""I wish there were more opportunities to travel and explore the world while still earning college credit. It would be a great way to combine my academic and personal interests.""",activities and travelling,student_feedback,wish opportunity travel explore world earning college credit great way combine academic personal interest,14,1
"1. ""I love the study abroad programs offered by our university. They've given me the chance to see the world and experience new cultures, all while earning credit towards my degree.""",activities and travelling,student_feedback,love study abroad program offered given chance see world new culture earning credit towards degree,15,1
"2. ""I wish there were more affordable travel options available for students. It's hard to save up enough money to take a trip when you're already paying for tuition, textbooks, and rent.""",activities and travelling,student_feedback,wish affordable travel option save enough money trip already paying tuition textbook rent,13,1
"3. ""The university-sponsored trips and excursions are always a lot of fun, but they tend to fill up quickly. I wish there were more spots available so that more students could participate.""",activities and travelling,student_feedback,sponsored trip excursion always fun tend fill quickly wish spot participate,11,1
"4. ""I really enjoy hiking and exploring the outdoors, but it can be tough to find good hiking trails and parks nearby. I wish there were more options available for students who want to get outside and explore.""",activities and travelling,student_feedback,enjoy hiking exploring outdoors tough find good hiking trail park nearby wish option want outside explore,16,1
"5. ""I love going to concerts and music festivals, but it's hard to find events that fit within my budget. It would be great if the university offered discounted tickets to students for these types of events.""",activities and travelling,student_feedback,love going concert music festival find event fit within budget great offered discounted ticket type event,16,1
"6. ""I've always been interested in volunteering and giving back to my community, and the university has provided me with some great opportunities to do so. It's been really rewarding to be able to make a difference.""",activities and travelling,student_feedback,always interested volunteering giving back community provided great opportunity rewarding difference,11,1
"7. ""I wish there were more opportunities to connect with other students who have similar interests. It can be tough to find a community of like-minded individuals on such a large campus.""",activities and travelling,student_feedback,wish opportunity connect similar interest tough find community minded individual large,11,1
"8. ""I really enjoy exploring new neighborhoods and trying new restaurants, but it can be tough to find affordable options. It would be great if the university offered a foodie club or something similar.""",activities and travelling,student_feedback,enjoy exploring new neighborhood trying new restaurant tough find affordable option great offered foodie club something similar,17,1
"9. ""I'm not really into partying or going out to bars, but it feels like that's the only social scene available on campus. I wish there were more options for students who want to have fun without drinking.""",activities and travelling,student_feedback,partying going bar feel social scene wish option want fun without drinking,12,1
"10. ""I love going to sporting events and cheering on our school's teams. It's a great way to feel connected to the university and get involved in the campus community.""",activities and travelling,student_feedback,love going sporting event cheering school team great way connected involved community,12,1
"11. ""I wish there were more opportunities for outdoor recreation, like kayaking or camping. It would be great to be able to get away from campus and explore the natural beauty of the area.""",activities and travelling,student_feedback,wish opportunity outdoor recreation kayaking camping great away explore natural beauty area,12,1
"12. ""I'm really interested in photography, but it can be tough to find good locations to take photos. I wish there were more scenic spots around campus for students to explore.""",activities and travelling,student_feedback,interested photography tough find good location photo wish scenic spot around explore,12,1
"13. ""I really enjoy attending lectures and talks on campus. It's a great way to learn new things and expand my knowledge beyond my coursework.""",activities and travelling,student_feedback,enjoy attending lecture talk great way learn new thing expand knowledge beyond coursework,13,1
"14. ""I love attending film screenings and discussions on campus. It's a great way to engage with the arts and see films that I might not have discovered on my own.""",activities and travelling,student_feedback,love attending film screening discussion great way engage art see film might discovered,13,1
"15. ""I wish there were more opportunities to connect with alumni and professionals in my field. It would be great to network and get advice from people who have been through the same things I'm going through now.""",activities and travelling,student_feedback,wish opportunity connect alumnus professional field great network advice people thing going,12,1
"16. ""I love taking weekend trips to nearby cities and towns. It's a great way to see new places and experience different cultures, without having to spend a lot of money.""",activities and travelling,student_feedback,love weekend trip nearby city town great way see new place different culture without spend money,16,1
"17. ""I really enjoy attending book clubs and literary events on campus. It's a great way to engage with literature and connect with other book lovers.""",activities and travelling,student_feedback,enjoy attending book club literary event great way engage literature connect book lover,13,1
"18. ""I wish there were more opportunities for students to get involved in research projects and work with faculty members outside of the classroom. It would be a great way to gain hands-on experience in my field.""",activities and travelling,student_feedback,wish opportunity involved research project work faculty member outside classroom great way gain hand field,15,1
"19. ""I love attending poetry readings and spoken word events on campus. It's a great way to connect with the creative community and hear from talented writers.""",activities and travelling,student_feedback,love attending poetry reading spoken word event great way connect creative community hear talented writer,15,1
"20. ""I wish there were more opportunities for students to learn about and engage",activities and travelling,student_feedback,wish opportunity learn engage,4,1
"1. ""I am disappointed with the food options available on campus. There are not enough healthy options, and the quality of the food is subpar.""",food and canteens,student_feedback,disappointed food option enough healthy option quality food subpar,9,0
"2. ""The cafeteria on campus is always crowded, and it's difficult to find a seat during peak hours. The university should consider expanding the cafeteria or adding additional dining areas.""",food and canteens,student_feedback,cafeteria always crowded find seat peak hour consider expanding cafeteria adding additional dining area,14,0
"3. ""I appreciate the variety of food options available on campus, but the prices are too high. It's not feasible for students to eat on campus every day.""",food and canteens,student_feedback,appreciate variety food option price high feasible eat every day,10,0
"4. ""The food available on campus is too greasy and unhealthy. The university should focus on offering more nutritious options.""",food and canteens,student_feedback,food greasy unhealthy focus offering nutritious option,7,0
"5. ""The vending machines on campus are frequently out of order, which is frustrating when I need a quick snack between classes.""",food and canteens,student_feedback,vending machine frequently order frustrating quick snack,7,1
"6. ""I love the variety of snacks available at the campus convenience store, but the prices are too high. It would be great if the university could offer more affordable options.""",food and canteens,student_feedback,love variety snack convenience store price high great offer affordable option,11,0
"7. ""The campus coffee shop is always crowded, and it takes forever to get my order. I wish there were more employees working during peak hours.""",food and canteens,student_feedback,coffee shop always crowded take forever order wish employee working peak hour,12,1
"8. ""I appreciate the vegan and vegetarian options available on campus, but they are often sold out or not replenished in a timely manner.""",food and canteens,student_feedback,appreciate vegan vegetarian option often sold replenished timely manner,9,0
"9. ""The campus dining hall should offer more international cuisine options. The food is too focused on American cuisine.""",food and canteens,student_feedback,dining hall offer international cuisine option food focused american cuisine,10,0
"10. ""The food available on campus is not accommodating for students with allergies. The university should provide more allergy-friendly options.""",food and canteens,student_feedback,food accommodating allergy provide allergy friendly option,7,0
"11. ""I wish there were more food trucks on campus. The lines are always too long, and the trucks are only available on certain days.""",food and canteens,student_feedback,wish food truck line always long truck certain day,9,0
"12. ""The campus snack bars often run out of popular items, which is frustrating for students who rely on these options for meals.""",food and canteens,student_feedback,snack bar often run popular item frustrating rely option meal,10,0
"13. ""The food available on campus is too repetitive. I wish there were more rotating menu options.""",food and canteens,student_feedback,food repetitive wish rotating menu option,6,0
"14. ""The meal plan options are too limited. It would be great if the university could offer more flexible options for students who don't eat on campus every day.""",food and canteens,student_feedback,meal plan option great offer flexible option eat every day,10,0
"15. ""The campus convenience store should offer more healthy snack options. Most of the items available are high in sugar and calories.""",food and canteens,student_feedback,convenience store offer healthy snack option item high sugar calorie,10,0
"16. ""I appreciate the campus food co-op, but the prices are too high for most students to afford.""",food and canteens,student_feedback,appreciate food price high afford,5,0
"17. ""The food available on campus is often lukewarm or cold. The university should focus on improving the quality of the food.""",food and canteens,student_feedback,food often lukewarm cold focus improving quality food,8,0
"18. ""The campus food court should offer more variety. It's difficult to find something I want to eat every day.""",food and canteens,student_feedback,food court offer variety find something want eat every day,10,0
"19. ""I wish the campus cafeteria would offer more breakfast options. It's difficult to find a healthy breakfast on campus.""",food and canteens,student_feedback,wish cafeteria offer breakfast option find healthy breakfast,8,0
"20. ""The campus dining hall is not open late enough. It would be great if it could stay open until later in the evening.""",food and canteens,student_feedback,dining hall open late enough great stay open later evening,10,0
"21. ""The quality of the food on campus varies widely. Sometimes it's great, but other times it's barely edible.""",food and canteens,student_feedback,quality food varies widely sometimes great time barely edible,9,0
"22. ""The prices at the campus coffee shop are too high. It would be great if there were more affordable options for students.""",food and canteens,student_feedback,price coffee shop high great affordable option,7,0
"23. ""The campus dining hall should offer more grab-and-go options for students who are in a hurry.""",food and canteens,student_feedback,dining hall offer grab option hurry,6,0
"24. ""I appreciate the late-night dining options available on campus, but the food is often not fresh or of good quality.""",food and canteens,student_feedback,appreciate late night dining option food often fresh good quality,10,0
"25. ""The campus convenience store should offer more non-perishable food options for students who don't have access to a fridge.""",food and canteens,student_feedback,convenience store offer non perishable food option fridge,8,0
"26. ""The food available on campus is often too spicy or too bland. The university should work on offering more balanced flavors.""",food and canteens,student_feedback,food often spicy bland work offering balanced flavor,8,0
"27. ""The campus dining hall should offer more gluten-free options for students with celiac disease or gluten intolerance.""",food and canteens,student_feedback,dining hall offer gluten free option celiac disease gluten intolerance,10,0
"28. ""The campus coffee shop should offer more non-coffee drink options. Not all students drink coffee.""",food and canteens,student_feedback,coffee shop offer non coffee drink option drink coffee,9,0
"1. ""The food options on campus are quite limited and not very appetizing. I wish there were more healthy options available.""",food and canteens,student_feedback,food option quite appetizing wish healthy option,7,0
"2. ""I appreciate that there are a few vegetarian options available, but they often run out quickly and I end up having to choose from the same limited menu.""",food and canteens,student_feedback,appreciate vegetarian option often run quickly end choose menu,9,0
"3. ""The food served in the cafeteria is not worth the price. It's often undercooked and the portions are small.""",food and canteens,student_feedback,food served cafeteria worth price often undercooked portion small,9,0
"4. ""I wish there were more affordable options for snacks and drinks on campus. The vending machines are often empty or not working.""",food and canteens,student_feedback,wish affordable option snack drink vending machine often empty working,10,0
"5. ""The coffee served in the student center is too expensive for what it is. I would love to see more affordable options available.""",food and canteens,student_feedback,coffee served center expensive love see affordable option,8,0
"6. ""The cafeteria is always crowded during peak hours, making it difficult to find a place to sit and eat.""",food and canteens,student_feedback,cafeteria always crowded peak hour find place sit eat,9,0
"7. ""The quality of the food in the campus dining hall needs to be improved. It's often bland and unappetizing.""",food and canteens,student_feedback,quality food dining hall need improved often bland unappetizing,9,0
"8. ""The food served in the campus cafe is often overpriced and not very tasty. I wish there were more options available.""",food and canteens,student_feedback,food served cafe often overpriced tasty wish option,8,0
"9. ""The campus food options are not very diverse, and I often end up eating the same things over and over again.""",food and canteens,student_feedback,food option diverse often end eating thing,7,0
"10. ""I appreciate that the campus has a few healthy options available, but they are often more expensive than the other menu items.""",food and canteens,student_feedback,appreciate healthy option often expensive menu item,7,0
"11. ""The snacks available in the vending machines are often stale or expired. I wish they were restocked more frequently.""",food and canteens,student_feedback,snack vending machine often stale expired wish restocked frequently,9,0
"12. ""The cafeteria should offer more options for students with dietary restrictions or food allergies.""",food and canteens,student_feedback,cafeteria offer option dietary restriction food allergy,7,0
"13. ""The food options on campus are limited and often overpriced. I end up having to spend a lot of money on food each week.""",food and canteens,student_feedback,food option often overpriced end spend money food week,9,0
"14. ""The cafeteria is always very crowded during lunchtime, which makes it difficult to find a place to sit and eat.""",food and canteens,student_feedback,cafeteria always crowded lunchtime make find place sit eat,9,0
"15. ""I wish there were more options available for breakfast on campus. The current selection is quite limited.""",food and canteens,student_feedback,wish option breakfast current selection quite,6,0
"16. ""The cafeteria often runs out of popular menu items before the end of the day, leaving students with limited options.""",food and canteens,student_feedback,cafeteria often run popular menu item end day leaving option,10,0
"17. ""The food served in the student center is often cold and unappetizing. I wish the quality were better.""",food and canteens,student_feedback,food served center often cold unappetizing wish quality better,9,0
"18. ""The vending machines on campus are often out of order, making it difficult to find snacks and drinks.""",food and canteens,student_feedback,vending machine often order find snack drink,7,0
"19. ""The campus needs to provide more healthy snack options, like fresh fruits and vegetables.""",food and canteens,student_feedback,need provide healthy snack option fresh fruit vegetable,8,0
"20. ""The prices for food on campus are too high, especially considering the quality and variety of the options available.""",food and canteens,student_feedback,price food high especially considering quality variety option,8,0
"21. ""The cafeteria should offer more vegetarian and vegan options, as there are many students on campus with these dietary restrictions.""",food and canteens,student_feedback,cafeteria offer vegetarian vegan option dietary restriction,7,0
"22. ""The coffee served in the campus cafe is often burnt and bitter. I wish there were better options available.""",food and canteens,student_feedback,coffee served cafe often burnt bitter wish better option,9,0
"23. ""The campus should provide more options for students who need to grab a quick bite between classes.""",food and canteens,student_feedback,provide option grab quick bite,5,1
"24. ""The snacks available in the campus store are often overpriced and not very appetizing.""",food and canteens,student_feedback,snack store often overpriced appetizing,5,0
"25. ""The cafeteria should offer more international food options, to better reflect the diverse student population.""",food and canteens,student_feedback,cafeteria offer international food option better reflect diverse population,9,0
"26. ""The campus needs to provide more options for students who have early morning classes and need breakfast on the go.""",food and canteens,student_feedback,need provide option early morning breakfast,6,1
"27. ""The quality of the food in the campus cafe needs to be improved. It's often stale and unappetizing.""",food and canteens,student_feedback,quality food cafe need improved often stale unappetizing,8,0
"28. ""The campus should consider offering a meal plan for students, to make dining on campus more affordable.""",food and canteens,student_feedback,consider offering meal plan dining affordable,6,1
"29. ""The vending machines on campus should offer healthier options, like granola bars and trail mix.""",food and canteens,student_feedback,vending machine offer healthier option granola bar trail mix,9,0
"30. ""The campus needs to provide more options for students who have late classes and need dinner on the go.""",food and canteens,student_feedback,need provide option late dinner,5,1
"1. ""The food on campus is decent, but the snacks available at the cantine are too expensive.""",food and canteens,student_feedback,food decent snack cantine expensive,5,0
"2. ""I wish there were more vegan options in the cafeteria.""",food and canteens,student_feedback,wish vegan option cafeteria,4,0
"3. ""The sandwiches available in the cantine are always stale.""",food and canteens,student_feedback,sandwich cantine always stale,4,0
"4. ""The food on campus is great, but the cantine is always crowded during lunchtime.""",food and canteens,student_feedback,food great cantine always crowded lunchtime,6,0
"5. ""The vegetarian options in the cafeteria are delicious!""",food and canteens,student_feedback,vegetarian option cafeteria delicious,4,0
"6. ""The pizza available in the cantine is terrible.""",food and canteens,student_feedback,pizza cantine terrible,3,0
"7. ""The coffee in the cafeteria is always lukewarm.""",food and canteens,student_feedback,coffee cafeteria always lukewarm,4,0
"8. ""The portions served in the cafeteria are too small for the price.""",food and canteens,student_feedback,portion served cafeteria small price,5,0
"9. ""The sandwiches in the cafeteria are always made with stale bread.""",food and canteens,student_feedback,sandwich cafeteria always stale bread,5,0
"10. ""The cantine should offer more gluten-free options.""",food and canteens,student_feedback,cantine offer gluten free option,5,0
"11. ""The salad bar in the cafeteria is always fresh and delicious.""",food and canteens,student_feedback,salad bar cafeteria always fresh delicious,6,0
"12. ""The pastries in the cantine are always stale and tasteless.""",food and canteens,student_feedback,pastry cantine always stale tasteless,5,0
"13. ""The fruit options in the cafeteria are limited and often not ripe.""",food and canteens,student_feedback,fruit option cafeteria often ripe,5,0
"14. ""The cafeteria should offer more international cuisine options.""",food and canteens,student_feedback,cafeteria offer international cuisine option,5,0
"15. ""The cantine is always closed during the weekends, which is inconvenient.""",food and canteens,student_feedback,cantine always closed weekend inconvenient,5,0
"16. ""The burgers in the cafeteria are always overcooked.""",food and canteens,student_feedback,burger cafeteria always overcooked,4,0
"17. ""The drinks available in the cantine are overpriced.""",food and canteens,student_feedback,drink cantine overpriced,3,0
"18. ""The cafeteria should offer more healthy options.""",food and canteens,student_feedback,cafeteria offer healthy option,4,0
"19. ""The chips available in the cantine are always stale and overpriced.""",food and canteens,student_feedback,chip cantine always stale overpriced,5,0
"20. ""The staff in the cafeteria is always friendly and helpful.""",food and canteens,student_feedback,staff cafeteria always friendly helpful,5,0
"21. ""The cantine should offer more vegetarian options.""",food and canteens,student_feedback,cantine offer vegetarian option,4,0
"22. ""The pasta in the cafeteria is always overcooked and bland.""",food and canteens,student_feedback,pasta cafeteria always overcooked bland,5,0
"23. ""The prices at the cantine are too high for the quality of the food.""",food and canteens,student_feedback,price cantine high quality food,5,0
"24. ""The selection of snacks in the cafeteria is limited.""",food and canteens,student_feedback,selection snack cafeteria,3,0
"25. ""The cantine should offer more options for people with food allergies.""",food and canteens,student_feedback,cantine offer option people food allergy,6,0
"26. ""The soup in the cafeteria is always too salty.""",food and canteens,student_feedback,soup cafeteria always salty,4,0
"27. ""The sandwiches in the cafeteria are always made with processed meat.""",food and canteens,student_feedback,sandwich cafeteria always processed meat,5,0
"28. ""The desserts in the cantine are always too sweet and unhealthy.""",food and canteens,student_feedback,dessert cantine always sweet unhealthy,5,0
"29. ""The cantine should offer more organic options.""",food and canteens,student_feedback,cantine offer organic option,4,0
"30. ""The sushi available in the cafeteria is always stale and overpriced.""",food and canteens,student_feedback,sushi cafeteria always stale overpriced,5,0
"31. ""The cafeteria should offer more options for people who are lactose intolerant.""",food and canteens,student_feedback,cafeteria offer option people lactose intolerant,6,0
"32. ""The cantine should offer more options for people who are gluten intolerant.""",food and canteens,student_feedback,cantine offer option people gluten intolerant,6,0
"33. ""The food in the cafeteria is always fresh and delicious.""",food and canteens,student_feedback,food cafeteria always fresh delicious,5,0
"34. ""The cantine should offer more options for people who are vegan.""",food and canteens,student_feedback,cantine offer option people vegan,5,0
"35. ""The chips in the cafeteria are always stale and overpriced.""",food and canteens,student_feedback,chip cafeteria always stale overpriced,5,0
"36. ""The drinks available in the cafeteria are overpriced.""",food and canteens,student_feedback,drink cafeteria overpriced,3,0
"37. ""The cantine should offer more options for people who are on a diet.""",food and canteens,student_feedback,cantine offer option people diet,5,0
"38. ""The pizza in the cafeteria is always undercooked and soggy.""",food and canteens,student_feedback,pizza cafeteria always undercooked soggy,5,0
"39. ""The sandwiches in the cafeteria are always made with cheap ingredients.""",food and canteens,student_feedback,sandwich cafeteria always cheap ingredient,5,0
"40. ""The staff in the cantine is always rude and unhelpful.""",food and canteens,student_feedback,staff cantine always rude unhelpful,5,0
"41. ""The cafeteria should offer more international snacks options.""",food and canteens,student_feedback,cafeteria offer international snack option,5,0
"42. ""The cantine should offer more halal options.""",food and canteens,student_feedback,cantine offer halal option,4,0
"43. ""The prices at the cafeteria are reasonable for the quality of the food.""",food and canteens,student_feedback,price cafeteria reasonable quality food,5,0
"44. ""The cantine should offer more kosher options.""",food and canteens,student_feedback,cantine offer kosher option,4,0
"45. ""The cafeteria should offer more organic options.""",food and canteens,student_feedback,cafeteria offer organic option,4,0
"46. ""The cantine should offer more fresh fruit options.""",food and canteens,student_feedback,cantine offer fresh fruit option,5,0
"47. ""The hot dogs in the cafeteria are always cold and rubbery.""",food and canteens,student_feedback,hot dog cafeteria always cold rubbery,6,0
"48. ""The cantine should offer more locally sourced options.""",food and canteens,student_feedback,cantine offer locally sourced option,5,0
"49. ""The cafeteria should offer more vegetarian options.""",food and canteens,student_feedback,cafeteria offer vegetarian option,4,0
"50. ""The cantine should offer more breakfast options.""",food and canteens,student_feedback,cantine offer breakfast option,4,0
1. The food in the dining hall is not healthy or nutritious.,food and canteens,student_feedback,food dining hall healthy nutritious,5,0
2. The food in the dining hall is bland and tasteless.,food and canteens,student_feedback,food dining hall bland tasteless,5,0
3. The food in the dining hall is overpriced.,food and canteens,student_feedback,food dining hall overpriced,4,0
4. The dining hall is always crowded and there are long lines.,food and canteens,student_feedback,dining hall always crowded long line,6,0
5. The dining hall is dirty and unsanitary.,food and canteens,student_feedback,dining hall dirty unsanitary,4,0
6. The food in the vending machines is unhealthy and overpriced.,food and canteens,student_feedback,food vending machine unhealthy overpriced,5,0
7. The food in the convenience store is unhealthy and overpriced.,food and canteens,student_feedback,food convenience store unhealthy overpriced,5,0
8. There are not enough vegan or vegetarian options available.,food and canteens,student_feedback,enough vegan vegetarian option,4,0
9. There are not enough gluten-free options available.,food and canteens,student_feedback,enough gluten free option,4,0
10. There are not enough halal or kosher options available.,food and canteens,student_feedback,enough halal kosher option,4,0
11. There are not enough international options available.,food and canteens,student_feedback,enough international option,3,0
12. The food is not cooked to my liking.,food and canteens,student_feedback,food cooked liking,3,0
13. The food is not served hot enough.,food and canteens,student_feedback,food served hot enough,4,0
15. The food is not appealing to look at.,food and canteens,student_feedback,food appealing look,3,0
17. I have gotten sick from eating the food in the dining hall.,food and canteens,student_feedback,gotten sick eating food dining hall,6,0
18. I have seen rodents or insects in the dining hall.,food and canteens,student_feedback,seen rodent insect dining hall,5,0
19. I have seen food being prepared in unsanitary conditions.,food and canteens,student_feedback,seen food prepared unsanitary condition,5,0
20. I have been served food that was not what I ordered.,food and canteens,student_feedback,served food ordered,3,0
21. I have been charged for food that I did not receive.,food and canteens,student_feedback,charged food receive,3,0
22. I have been treated rudely by staff in the dining hall.,food and canteens,student_feedback,treated rudely staff dining hall,5,0
23. I have had my food stolen from me in the dining hall.,food and canteens,student_feedback,food stolen dining hall,4,0
24. I have been harassed or assaulted in the dining hall.,food and canteens,student_feedback,harassed assaulted dining hall,4,0
25. I have felt unsafe in the dining hall.,food and canteens,student_feedback,felt unsafe dining hall,4,0
26. I have been unable to find food that meets my dietary needs.,food and canteens,student_feedback,unable find food meet dietary need,6,0
27. I have been unable to find food that I can afford.,food and canteens,student_feedback,unable find food afford,4,0
28. I have been unable to find food that I enjoy.,food and canteens,student_feedback,unable find food enjoy,4,0
29. I have been unable to find food that is healthy and nutritious.,food and canteens,student_feedback,unable find food healthy nutritious,5,0
30. I have been unable to find food that is cooked to my liking.,food and canteens,student_feedback,unable find food cooked liking,5,0
